Кұјд,»щЧјКХТж,ІЯВФКХТж,өұИХУҜАы,өұИХҝчЛр,өұИХВтИл,өұИХВфіц,і¬¶оКХТж(%)
2022-01-04 16:00:00,-0.46,0,0,0,0,0,0.46
2022-01-05 16:00:00,-1.46,0,0,0,0,0,1.48
2022-01-06 16:00:00,-2.47,2.82,2818.56,0,58134,0,5.42
2022-01-07 16:00:00,-2.39,0.57,0,-2250.31,41028,0,3.03
2022-01-10 16:00:00,-1.95,-0.32,0,-884,0,0,1.66
2022-01-11 16:00:00,-2.89,-1.65,0,-1329.91,0,-24548,1.28
2022-01-12 16:00:00,-1.92,-0.1,1549,0,24946,0,1.86
2022-01-13 16:00:00,-3.53,-2.99,0,-2890.5,0,-51608,0.56
2022-01-14 16:00:00,-4.32,-2.64,345,0,0,0,1.76
2022-01-17 16:00:00,-3.5,-0.47,2169.51,0,51450,-34660,3.14
2022-01-18 16:00:00,-2.57,3.29,3765,0,0,0,6.01
2022-01-19 16:00:00,-3.24,1.63,0,-1664,0,0,5.03
2022-01-20 16:00:00,-2.37,1.93,305,0,0,0,4.4
2022-01-21 16:00:00,-3.26,1.98,51,0,0,0,5.42
2022-01-24 16:00:00,-3.11,2.83,844.91,0,0,-13090,6.13
2022-01-25 16:00:00,-5.3,-1.17,0,-3994.44,48128,0,4.36
2022-01-26 16:00:00,-4.62,2.04,3208,0,0,0,6.98
2022-01-27 16:00:00,-6.49,0.15,0,-1890,0,0,7.1
2022-01-28 16:00:00,-7.62,-0.7,0,-850,0,0,7.49
2022-02-07 16:00:00,-6.2,2.04,2734,0,0,0,8.78
2022-02-08 16:00:00,-6.71,3.93,1896,0,0,0,11.41
2022-02-09 16:00:00,-5.84,2.5,0,-1432,0,0,8.86
2022-02-10 16:00:00,-6.08,4.06,1556,0,0,0,10.8
2022-02-11 16:00:00,-6.86,2.67,0,-1384,0,0,10.23
2022-02-14 16:00:00,-7.87,0.55,0,-2126,0,0,9.14
2022-02-15 16:00:00,-6.89,2.18,1638,0,0,0,9.74
2022-02-16 16:00:00,-6.53,2.71,526,0,0,0,9.89
2022-02-17 16:00:00,-6.3,1.74,0,-970,0,0,8.58
2022-02-18 16:00:00,-5.85,4.42,2676,0,0,0,10.91
2022-02-21 16:00:00,-6.2,3.63,0,-788.03,0,-49256,10.48
2022-02-22 16:00:00,-7.41,3.03,0,-600,0,0,11.28
2022-02-23 16:00:00,-6.42,5.12,2086.93,0,46912,0,12.33
2022-02-24 16:00:00,-8.32,3.41,0,-1707,1520,0,12.79
2022-02-25 16:00:00,-7.43,4.24,829,0,0,0,12.61
2022-02-28 16:00:00,-7.26,4.29,55.25,0,0,-1752,12.45
2022-03-01 16:00:00,-6.49,3.76,0,-536,0,0,10.96
2022-03-02 16:00:00,-7.32,1.33,0,-2428.87,0,-49900,9.33
2022-03-03 16:00:00,-7.87,0.04,0,-1287,0,0,8.59
2022-03-04 16:00:00,-8.99,-1.75,0,-1787.35,0,-22575,7.96
2022-03-07 16:00:00,-11.89,-2.83,0,-1082.05,0,-22347,10.28
2022-03-08 16:00:00,-13.66,-3.54,0,-709.47,61551,0,11.72
2022-03-09 16:00:00,-14.45,-2.57,969.53,0,34900,0,13.89
2022-03-10 16:00:00,-13.11,-0.24,2330,0,0,0,14.81
2022-03-11 16:00:00,-12.83,-2.23,0,-1995.88,0,-30679,12.16
2022-03-14 16:00:00,-15.5,-4.76,0,-2530,0,0,12.71
2022-03-15 16:00:00,-19.36,-6.55,0,-1790.85,0,-62195,15.89
2022-03-16 16:00:00,-15.88,-2.85,3703.35,0,78539,0,15.49
2022-03-17 16:00:00,-14.22,-1.99,858,0,12908,0,14.26
2022-03-18 16:00:00,-13.65,-0.74,1250,0,0,0,14.95
2022-03-21 16:00:00,-13.8,0.36,1099.92,0,0,-59463,16.43
2022-03-22 16:00:00,-13.87,1.48,1119,0,0,0,17.82
2022-03-23 16:00:00,-13.44,-0.02,0,-1497,0,0,15.5
2022-03-24 16:00:00,-13.95,-0.86,0,-835,0,0,15.21
2022-03-25 16:00:00,-15.5,-3.23,0,-2370.47,0,-28823,14.52
2022-03-28 16:00:00,-16.03,0.47,3701.16,0,89472,0,19.65
2022-03-29 16:00:00,-16.32,-1.55,0,-2024,0,0,17.65
2022-03-30 16:00:00,-13.89,0.96,2507.85,0,0,-7152,17.25
2022-03-31 16:00:00,-14.53,-3.78,0,-4736,0,0,12.58
2022-04-01 16:00:00,-13.44,-2.24,1536,0,0,0,12.94
2022-04-06 16:00:00,-13.69,-5.19,0,-2944,0,0,9.85
2022-04-07 16:00:00,-14.8,-7.47,0,-2286.32,0,-84864,8.6
2022-04-08 16:00:00,-14.36,-7.47,0,0,0,0,8.05
2022-04-11 16:00:00,-17.01,-7.47,0,0,0,0,11.5
2022-04-12 16:00:00,-15.39,-4.54,2930.45,0,91837,0,12.82
2022-04-13 16:00:00,-16.21,-6.27,0,-1726.72,0,-29783,11.86
2022-04-14 16:00:00,-15.16,-7.11,0,-837.75,30264,-62824,9.49
2022-04-15 16:00:00,-15.21,-7.91,0,-805.02,0,-29250,8.61
2022-04-18 16:00:00,-15.67,-3.69,4220.7,0,91008,0,14.21
2022-04-19 16:00:00,-16.3,-2.47,1224,0,0,0,16.52
2022-04-20 16:00:00,-17.6,-0.88,1584,0,0,0,20.29
2022-04-21 16:00:00,-19.12,-2.16,0,-1277.99,0,-96912,20.97
2022-04-22 16:00:00,-18.77,-0.75,1412.8,0,64000,0,22.18
2022-04-25 16:00:00,-22.78,-6.14,0,-5388.54,32220,-30675,21.55
2022-04-26 16:00:00,-23.4,-6.97,0,-829.66,31992,-61586,21.45
2022-04-27 16:00:00,-21.15,-1.79,5175.68,0,60628,-30874,24.55
2022-04-28 16:00:00,-20.63,-4.11,0,-2323.54,31800,0,20.81
2022-04-29 16:00:00,-18.71,-1.12,2994.08,0,0,0,21.64
2022-05-05 16:00:00,-18.83,2.27,3394,0,0,0,25.99
2022-05-06 16:00:00,-20.88,8.4,6123.09,0,0,-108392,37.01
2022-05-09 16:00:00,-21.52,8.4,0,0,0,0,38.12
2022-05-10 16:00:00,-20.66,13.04,4642.2,0,102674,0,42.48
2022-05-11 16:00:00,-19.51,19.39,6355,0,1902,0,48.33
2022-05-12 16:00:00,-19.87,17.08,0,-2314,0,0,46.11
2022-05-13 16:00:00,-19.27,18,918.05,0,0,-41497,46.17
2022-05-16 16:00:00,-19.91,18.39,394,0,0,0,47.82
2022-05-17 16:00:00,-18.92,18.64,250.46,0,0,-35034,46.32
2022-05-18 16:00:00,-19.2,19.35,708,0,0,0,47.71
2022-05-19 16:00:00,-19.04,18.83,0,-517.74,0,-36720,46.78
2022-05-20 16:00:00,-17.46,18.89,60,0,0,0,44.04
2022-05-23 16:00:00,-17.94,18.89,0,-2,0,0,44.88
2022-05-24 16:00:00,-19.86,18.83,0,-60,0,0,48.28
2022-05-25 16:00:00,-19.37,18.87,38,0,0,0,47.43
2022-05-26 16:00:00,-19.18,20.49,1622.49,0,115020,0,49.08
2022-05-27 16:00:00,-19.01,18.62,0,-1876,0,0,46.46
2022-05-30 16:00:00,-18.45,21.71,3096,0,0,0,49.25
2022-05-31 16:00:00,-17.18,24.13,2420,0,0,0,49.88
2022-06-01 16:00:00,-17.35,33.45,9320,0,0,0,61.46
2022-06-02 16:00:00,-17.22,33.27,0,-178,0,0,60.99
2022-06-06 16:00:00,-15.67,47.46,14184.15,0,0,-143730,74.86
2022-06-07 16:00:00,-15.41,47.44,0,-20,0,0,74.3
2022-06-08 16:00:00,-14.59,47.45,8,0,0,0,72.64
2022-06-09 16:00:00,-15.48,47.43,0,-17.06,0,-2058,74.43
2022-06-10 16:00:00,-14.2,54.21,6778.41,0,145300,0,79.73
2022-06-13 16:00:00,-15.2,55.64,1432,0,0,0,83.54
2022-06-14 16:00:00,-14.53,55.58,0,-64,1803,0,82.03
2022-06-15 16:00:00,-13.4,53.87,0,-1708,0,0,77.68
2022-06-16 16:00:00,-13.97,59.35,5480.12,0,0,-82212,85.23
2022-06-17 16:00:00,-12.78,58.16,0,-1192,0,0,81.33
2022-06-20 16:00:00,-12.35,58.46,302.9,0,0,-2097,80.79
2022-06-21 16:00:00,-12.44,57.57,0,-885,0,0,79.96
2022-06-22 16:00:00,-13.56,55.98,0,-1593,0,0,80.45
2022-06-23 16:00:00,-12.07,61.34,5356.94,0,73536,0,83.49
2022-06-24 16:00:00,-11.04,65.45,4113,0,0,0,85.98
2022-06-27 16:00:00,-10.04,65.37,0,-80,0,0,83.83
2022-06-28 16:00:00,-9.11,71.95,6579.79,0,0,-32472,89.18
2022-06-29 16:00:00,-10.51,67.52,0,-4434,0,0,87.19
2022-06-30 16:00:00,-9.22,72.46,4946,0,0,0,89.98
2022-07-01 16:00:00,-9.59,72.12,0,-339.19,0,-20145,90.38
2022-07-04 16:00:00,-8.99,70.13,0,-1987.94,0,-30720,86.94
2022-07-05 16:00:00,-9.13,68.19,0,-1947,0,0,85.09
2022-07-06 16:00:00,-10.45,68.66,472,0,0,0,88.34
2022-07-07 16:00:00,-10.06,70.82,2162.82,0,93936,0,89.93
2022-07-08 16:00:00,-10.36,68.81,0,-2013,0,0,88.32
2022-07-11 16:00:00,-11.86,67.67,0,-1135,0,0,90.23
2022-07-12 16:00:00,-12.69,65.79,0,-1885.12,0,-90858,89.89
2022-07-13 16:00:00,-12.53,68.13,2343.33,0,58887,0,92.21
2022-07-14 16:00:00,-12.52,70.89,2755,0,0,0,95.35
2022-07-15 16:00:00,-14,63.56,0,-7325.81,0,-69856,90.19
2022-07-18 16:00:00,-13.11,66.31,2748,0,0,0,91.4
2022-07-19 16:00:00,-13.58,63.7,0,-2614,0,0,89.42
2022-07-20 16:00:00,-13.29,62.85,0,-843,0,0,87.81
2022-07-21 16:00:00,-14.26,62.2,0,-654,0,0,89.18
2022-07-22 16:00:00,-14.21,62.36,164,0,0,0,89.25
2022-07-25 16:00:00,-14.73,60.79,0,-1572,0,0,88.57
2022-07-26 16:00:00,-14.06,61.21,417,0,0,0,87.58
2022-07-27 16:00:00,-14.48,63.34,2129,0,0,0,91
2022-07-28 16:00:00,-14.47,63.76,419,0,0,0,91.46
2022-07-29 16:00:00,-15.59,62.6,0,-1160,0,0,92.63
2022-08-01 16:00:00,-15.22,62.89,290,0,0,0,92.13
2022-08-02 16:00:00,-16.87,58.62,0,-4265.1,0,-27768,90.81
2022-08-03 16:00:00,-17.68,59.11,490.87,0,129030,-28020,93.28
2022-08-04 16:00:00,-16.98,58.63,0,-478,28234,0,91.07
2022-08-05 16:00:00,-15.86,57.1,0,-1534,0,0,86.71
2022-08-08 16:00:00,-16.04,53.88,0,-3220,0,0,83.28
2022-08-09 16:00:00,-15.87,53.35,0,-533.46,0,-124200,82.28
2022-08-10 16:00:00,-16.81,52.71,0,-632,0,0,83.57
2022-08-11 16:00:00,-15.12,53.23,520,0,0,0,80.53
2022-08-12 16:00:00,-15.17,53.67,434,0,0,0,81.15
2022-08-15 16:00:00,-15.28,54.62,950,0,0,0,82.51
2022-08-16 16:00:00,-15.43,55.44,824,0,0,0,83.8
2022-08-17 16:00:00,-14.64,55.78,332.81,0,0,-16192,82.5
2022-08-18 16:00:00,-15.39,55.89,114,0,0,0,84.25
2022-08-19 16:00:00,-15.98,55.97,78,0,0,0,85.63
2022-08-22 16:00:00,-15.36,55.76,0,-204,0,0,84.03
2022-08-23 16:00:00,-15.77,55.78,18,0,0,0,84.95
2022-08-24 16:00:00,-17.37,55.54,0,-246,0,0,88.24
2022-08-25 16:00:00,-16.68,55.72,180,0,0,0,86.89
2022-08-26 16:00:00,-16.86,57.42,1708.98,0,140065,0,89.34
2022-08-29 16:00:00,-17.22,59.37,1946,0,0,0,92.52
2022-08-30 16:00:00,-17.5,59.15,0,-217,0,0,92.91
2022-08-31 16:00:00,-17.44,56.57,0,-2578.09,0,-141607,89.64
2022-09-01 16:00:00,-18.15,56.88,300.95,0,136842,0,91.67
2022-09-02 16:00:00,-18.56,56.75,0,-122,0,0,92.47
2022-09-05 16:00:00,-18.72,63.28,6526,0,0,0,100.89
2022-09-06 16:00:00,-17.98,73.51,10234.08,0,0,-79940,111.55
2022-09-07 16:00:00,-17.92,74.53,1018.85,0,0,-74730,112.63
2022-09-08 16:00:00,-18.27,74.45,0,-78,0,0,113.45
2022-09-09 16:00:00,-17.14,74.35,0,-108,0,0,110.42
2022-09-13 16:00:00,-16.79,74.18,0,-168,0,0,109.33
2022-09-14 16:00:00,-17.71,73.78,0,-396,0,0,111.18
2022-09-15 16:00:00,-18.49,73.36,0,-426,0,0,112.69
2022-09-16 16:00:00,-20.4,72.83,0,-528.55,0,-13554,117.12
2022-09-19 16:00:00,-20.49,72.13,0,-695.71,152353,0,116.49
2022-09-20 16:00:00,-20.39,79.97,7842,0,0,0,126.06
2022-09-21 16:00:00,-20.98,75.08,0,-4894.23,0,-53250,121.56
2022-09-22 16:00:00,-21.68,80.4,5320.01,0,0,-65376,130.34
2022-09-23 16:00:00,-21.95,80.64,235,0,0,0,131.44
2022-09-26 16:00:00,-22.34,93.21,12570.67,0,137760,0,148.79
2022-09-27 16:00:00,-21.21,90.53,0,-2680.65,771,-146657,141.82
2022-09-28 16:00:00,-22.5,89.27,0,-1255.78,0,0,144.22
2022-09-29 16:00:00,-22.53,88.75,0,-522.97,146566,0,143.64
2022-09-30 16:00:00,-22.98,90.2,1452,0,0,0,146.95
2022-10-10 16:00:00,-24.68,87.65,0,-2549.22,0,-39403,149.14
2022-10-11 16:00:00,-24.55,88.74,1094,0,0,0,150.15
2022-10-12 16:00:00,-23.4,91.66,2919.46,0,38480,0,150.21
2022-10-13 16:00:00,-24.04,92.39,730,0,0,0,153.28
2022-10-14 16:00:00,-22.22,94.99,2597,0,0,0,150.69
2022-10-17 16:00:00,-22.14,94.14,0,-848.8,0,-802,149.34
2022-10-18 16:00:00,-22.31,92.31,0,-1834,0,0,147.54
2022-10-19 16:00:00,-23.56,89.75,0,-2559,0,0,148.23
2022-10-20 16:00:00,-23.99,89.89,141,0,1680,0,149.82
2022-10-21 16:00:00,-24.24,89.34,0,-551,0,0,149.92
2022-10-24 16:00:00,-26.46,85.8,0,-3538,0,0,152.65
2022-10-25 16:00:00,-26.58,85.89,89.73,0,0,-37128,153.19
2022-10-26 16:00:00,-25.98,86.15,265.23,0,35903,0,151.49
2022-10-27 16:00:00,-26.5,86.85,691,0,0,0,154.22
2022-10-28 16:00:00,-28.32,80.01,0,-6838.04,0,-143478,151.13
2022-10-31 16:00:00,-28.98,88.11,8106.82,0,143928,0,164.87
2022-11-01 16:00:00,-26.44,94.75,6631,0,0,0,164.75
2022-11-02 16:00:00,-25.56,96.62,1877,0,0,0,164.13
2022-11-03 16:00:00,-26.16,96.19,0,-431.32,0,-76400,165.7
2022-11-04 16:00:00,-23.75,101.57,5379.29,0,0,-85158,164.35
2022-11-07 16:00:00,-23.58,101.73,161,0,0,0,163.98
2022-11-08 16:00:00,-24.11,101.55,0,-184,0,0,165.58
2022-11-09 16:00:00,-24.82,101.2,0,-345,0,0,167.62
2022-11-10 16:00:00,-25.4,101.29,92,0,0,0,169.83
2022-11-11 16:00:00,-23.32,103.36,2062.21,0,0,-41377,165.21
2022-11-14 16:00:00,-23.2,103.36,0,0,0,0,164.79
2022-11-15 16:00:00,-21.75,109.23,5874.1,0,196350,0,167.39
2022-11-16 16:00:00,-22.39,103.98,0,-5253,0,0,162.83
2022-11-17 16:00:00,-22.7,102.53,0,-1445,0,0,162.01
2022-11-18 16:00:00,-23.05,102.26,0,-272,0,0,162.85
2022-11-21 16:00:00,-23.71,102.11,0,-153,0,0,164.92
2022-11-22 16:00:00,-23.7,96.79,0,-5313.12,0,-190094,157.92
2022-11-23 16:00:00,-23.62,96.79,0,0,0,0,157.65
2022-11-24 16:00:00,-23.96,96.79,0,0,0,0,158.8
2022-11-25 16:00:00,-23.57,96.79,0,0,0,0,157.48
2022-11-28 16:00:00,-24.43,96.79,0,0,0,0,160.41
2022-11-29 16:00:00,-22.1,96.79,0,0,0,0,152.62
2022-11-30 16:00:00,-22.01,96.79,0,0,0,0,152.33
2022-12-01 16:00:00,-21.16,96.79,0,0,0,0,149.61
2022-12-02 16:00:00,-21.65,96.79,0,0,0,0,151.17
2022-12-05 16:00:00,-20.11,96.79,0,0,0,0,146.33
2022-12-06 16:00:00,-19.68,96.79,0,0,0,0,145.01
2022-12-07 16:00:00,-19.88,96.79,0,0,0,0,145.62
2022-12-08 16:00:00,-19.86,99.02,2228.79,0,190710,0,148.34
2022-12-09 16:00:00,-19.07,98.27,0,-756,0,0,144.99
2022-12-12 16:00:00,-19.98,94.88,0,-3384,0,0,143.54
2022-12-13 16:00:00,-20.13,89.71,0,-5171.1,0,-183924,137.52
2022-12-14 16:00:00,-19.95,89.71,0,0,0,0,136.99
2022-12-15 16:00:00,-20.01,92.87,3154.78,0,187416,0,141.12
2022-12-16 16:00:00,-19.96,88.44,0,-4427,0,0,135.43
2022-12-19 16:00:00,-21.2,87.13,0,-1311,0,0,137.47
2022-12-20 16:00:00,-22.5,86.85,0,-275,1229,0,141.1
2022-12-21 16:00:00,-22.46,83.2,0,-3657.51,0,-181165,136.27
2022-12-22 16:00:00,-22.35,83.15,0,-43,0,0,135.87
2022-12-23 16:00:00,-22.51,95.23,12073.53,0,180950,-1186,151.94
2022-12-26 16:00:00,-22.2,92.3,0,-2926,0,0,147.17
2022-12-27 16:00:00,-21.3,91.22,0,-1078,0,0,142.97
2022-12-28 16:00:00,-21.64,85.22,0,-6006,0,0,136.37
2022-12-29 16:00:00,-21.93,83.99,0,-1232,0,0,135.67
2022-12-30 16:00:00,-21.63,83.29,0,-693,0,0,133.88
2023-01-03 16:00:00,-21.3,101.39,18095,0,0,0,155.9
2023-01-04 16:00:00,-21.2,112.74,11352.83,0,0,-210903,169.97
2023-01-05 16:00:00,-19.67,112.74,0,0,0,0,164.83
2023-01-06 16:00:00,-19.42,112.74,0,0,0,0,164.01
2023-01-09 16:00:00,-18.77,112.74,0,0,0,0,161.9
2023-01-10 16:00:00,-18.68,112.74,0,0,0,0,161.61
2023-01-11 16:00:00,-18.83,112.74,0,0,0,0,162.09
2023-01-12 16:00:00,-18.67,112.74,0,0,0,0,161.58
2023-01-13 16:00:00,-17.53,112.74,0,0,0,0,157.96
2023-01-16 16:00:00,-16.24,112.74,0,0,0,0,153.99
2023-01-17 16:00:00,-16.26,112.74,0,0,0,0,154.05
2023-01-18 16:00:00,-16.4,112.74,0,0,0,0,154.47
2023-01-19 16:00:00,-15.88,112.74,0,0,0,0,152.9
2023-01-20 16:00:00,-15.36,112.74,0,0,0,0,151.35
2023-01-30 16:00:00,-14.96,112.74,0,0,0,0,150.16
2023-01-31 16:00:00,-15.86,112.74,0,0,0,0,152.84
2023-02-01 16:00:00,-15.07,112.74,0,0,0,0,150.49
2023-02-02 16:00:00,-15.37,114.16,1418.33,0,192222,0,153.05
2023-02-03 16:00:00,-16.17,110.32,0,-3834,0,0,150.89
2023-02-06 16:00:00,-17.28,104.94,0,-5388.13,0,-184716,147.75
2023-02-07 16:00:00,-17.13,106.83,1896.86,0,203810,0,149.58
2023-02-08 16:00:00,-17.49,103.45,0,-3382,0,0,146.58
2023-02-09 16:00:00,-16.39,103.99,534,0,0,0,143.98
2023-02-10 16:00:00,-16.88,100.25,0,-3738,0,0,140.92
2023-02-13 16:00:00,-16.13,102.21,1958,0,0,0,141.1
2023-02-14 16:00:00,-16.09,107.01,4806,0,0,0,146.7
2023-02-15 16:00:00,-16.53,107.01,0,0,0,0,148.01
2023-02-16 16:00:00,-17.14,101.67,0,-5340,0,0,143.39
2023-02-17 16:00:00,-18.34,103.27,1602,0,0,0,148.92
2023-02-20 16:00:00,-16.33,107.1,3825.81,0,0,-206302,147.52
2023-02-21 16:00:00,-16.11,107.1,0,0,0,0,146.87
2023-02-22 16:00:00,-16.87,107.1,0,0,0,0,149.13
2023-02-23 16:00:00,-16.94,107.1,0,0,0,0,149.34
2023-02-24 16:00:00,-17.8,107.1,0,0,0,0,151.95
2023-02-27 16:00:00,-18.15,107.1,0,0,0,0,153.02
2023-02-28 16:00:00,-17.63,107.1,0,0,0,0,151.43
2023-03-01 16:00:00,-16.46,107.1,0,0,0,0,147.91
2023-03-02 16:00:00,-16.65,107.1,0,0,0,0,148.47
2023-03-03 16:00:00,-16.39,107.1,0,0,0,0,147.7
2023-03-06 16:00:00,-16.83,107.1,0,0,0,0,149.01
2023-03-07 16:00:00,-18.05,107.1,0,0,0,0,152.72
2023-03-08 16:00:00,-18.34,107.1,0,0,0,0,153.61
2023-03-09 16:00:00,-18.63,107.1,0,0,0,0,154.52
2023-03-10 16:00:00,-19.7,107.1,0,0,0,0,157.91
2023-03-13 16:00:00,-18.86,107.1,0,0,0,0,155.24
2023-03-14 16:00:00,-19.34,107.1,0,0,0,0,156.76
2023-03-15 16:00:00,-19.3,107.1,0,0,0,0,156.63
2023-03-16 16:00:00,-20.27,107.1,0,0,0,0,159.75
2023-03-17 16:00:00,-19.87,107.1,0,0,0,0,158.46
2023-03-20 16:00:00,-20.27,124.56,17461.1,0,199659,0,181.65
2023-03-21 16:00:00,-19.39,129.77,5207.88,0,0,-76248,185.04
2023-03-22 16:00:00,-19.05,130.21,441,0,0,0,184.39
2023-03-23 16:00:00,-18.24,131.18,970.8,0,0,-147843,182.75
2023-03-24 16:00:00,-18.49,131.18,0,0,0,0,183.62
2023-03-27 16:00:00,-18.78,131.18,0,0,0,0,184.63
2023-03-28 16:00:00,-19.04,134.93,3754.88,0,230396,0,190.18
2023-03-29 16:00:00,-18.91,122.7,0,-12238.95,0,-222270,174.63
2023-03-30 16:00:00,-18.25,128.54,5848.09,0,216361,0,179.56
2023-03-31 16:00:00,-18,126.44,0,-2104.84,0,-109880,176.15
2023-04-03 16:00:00,-17.2,127.63,1190,0,0,0,174.92
2023-04-04 16:00:00,-16.95,133.22,5593,0,0,0,180.82
2023-04-06 16:00:00,-17.08,136.18,2959.8,0,114010,0,184.83
2023-04-07 16:00:00,-16.54,130.04,0,-6139,0,0,175.63
2023-04-10 16:00:00,-16.91,134.36,4322,0,0,0,182.06
2023-04-11 16:00:00,-17.01,132.89,0,-1477.83,0,-116025,180.62
2023-04-12 16:00:00,-17.07,131.28,0,-1612,0,0,178.89
2023-04-13 16:00:00,-17.64,129.82,0,-1456,0,0,179.04
2023-04-14 16:00:00,-17.17,135.15,5330,0,0,0,183.89
2023-04-17 16:00:00,-16.01,129.64,0,-5512,0,0,173.41
2023-04-18 16:00:00,-15.75,131.41,1768,0,0,0,174.67
2023-04-19 16:00:00,-16.51,138.44,7036.81,0,117312,0,185.59
2023-04-20 16:00:00,-16.75,134.46,0,-3978,0,0,181.63
2023-04-21 16:00:00,-18.38,127.84,0,-6620.83,0,-112944,179.15
2023-04-24 16:00:00,-19.39,123.25,0,-4589.14,0,-110110,176.95
2023-04-25 16:00:00,-19.79,122.6,0,-656.68,202266,0,177.52
2023-04-26 16:00:00,-19.86,123.89,1295.84,0,20540,0,179.37
2023-04-27 16:00:00,-19.27,123.69,0,-206,0,0,177.08
2023-04-28 16:00:00,-18.45,122.7,0,-983.69,0,-19760,173.08
2023-05-04 16:00:00,-18.42,115.13,0,-7571.89,0,-92226,163.7
2023-05-05 16:00:00,-18.69,113.59,0,-1541.95,0,-101500,162.69
2023-05-08 16:00:00,-17.77,113.59,0,0,0,0,159.75
2023-05-09 16:00:00,-18.47,113.59,0,0,0,0,161.98
2023-05-10 16:00:00,-19.1,113.59,0,0,0,0,164.02
2023-05-11 16:00:00,-19.22,113.59,0,0,0,0,164.41
2023-05-12 16:00:00,-20.29,113.59,0,0,0,0,167.96
2023-05-15 16:00:00,-19.06,116.04,2455.11,0,212970,0,166.91
2023-05-16 16:00:00,-19.48,114.44,0,-1603,0,0,166.32
2023-05-17 16:00:00,-19.84,112.38,0,-2061,0,0,164.95
2023-05-18 16:00:00,-19.92,111.24,0,-1145,0,0,163.79
2023-05-19 16:00:00,-20.16,107.8,0,-3435,0,0,160.27
2023-05-22 16:00:00,-19.66,105.24,0,-2556.44,0,-204955,155.46
2023-05-23 16:00:00,-20.79,105.24,0,0,0,0,159.11
2023-05-24 16:00:00,-21.89,105.24,0,0,0,0,162.76
2023-05-25 16:00:00,-22.06,105.24,0,0,0,0,163.33
2023-05-26 16:00:00,-22.05,110,4756.96,0,203451,0,169.4
2023-05-29 16:00:00,-22.4,116.35,6351,0,0,0,178.8
2023-05-30 16:00:00,-22.32,123.87,7521.84,0,0,-222431,188.2
2023-05-31 16:00:00,-23.11,124.67,792.97,0,223428,0,192.2
2023-06-01 16:00:00,-22.94,132.92,8256,0,0,0,202.26
2023-06-02 16:00:00,-21.83,130,0,-2924,0,0,194.23
2023-06-05 16:00:00,-22.19,138.43,8428,0,0,0,206.43
2023-06-06 16:00:00,-22.92,137.91,0,-516,0,0,208.65
2023-06-07 16:00:00,-23.3,138.25,344,0,0,0,210.63
2023-06-08 16:00:00,-22.67,134.3,0,-3956,0,0,202.99
2023-06-09 16:00:00,-22.34,138.6,4300,0,0,0,207.24
2023-06-12 16:00:00,-22.18,139.8,1204,0,0,0,208.15
2023-06-13 16:00:00,-21.77,137.74,0,-2064,0,0,203.9
2023-06-14 16:00:00,-21.79,137.39,0,-344,0,0,203.53
2023-06-15 16:00:00,-20.54,132.75,0,-4644,0,0,192.91
2023-06-16 16:00:00,-19.78,129.83,0,-2924,0,0,186.5
2023-06-19 16:00:00,-20.43,123.98,0,-5848,0,0,181.49
2023-06-20 16:00:00,-20.57,121.23,0,-2752,0,0,178.52
2023-06-21 16:00:00,-21.79,116.82,0,-4409.74,0,-216720,177.23
2023-06-26 16:00:00,-22.89,116.82,0,0,0,0,181.18
2023-06-27 16:00:00,-22.16,116.82,0,0,0,0,178.55
2023-06-28 16:00:00,-22.26,126.76,9940,0,216660,0,191.69
2023-06-29 16:00:00,-22.64,134.8,8043.48,0,0,-235014,203.52
2023-06-30 16:00:00,-22.22,134.8,0,0,0,0,201.88
2023-07-03 16:00:00,-21.2,134.8,0,0,0,0,197.97
2023-07-04 16:00:00,-21.08,134.8,0,0,0,0,197.52
2023-07-05 16:00:00,-21.69,134.8,0,0,0,0,199.83
2023-07-06 16:00:00,-22.22,134.8,0,0,0,0,201.88
2023-07-07 16:00:00,-22.56,134.8,0,0,0,0,203.2
2023-07-10 16:00:00,-22.19,134.8,0,0,0,0,201.76
2023-07-11 16:00:00,-21.68,134.8,0,0,0,0,199.8
2023-07-12 16:00:00,-22.2,134.8,0,0,0,0,201.8
2023-07-13 16:00:00,-21.09,134.8,0,0,0,0,197.55
2023-07-14 16:00:00,-21.08,134.8,0,0,0,0,197.52
2023-07-17 16:00:00,-21.72,134.8,0,0,0,0,199.95
2023-07-18 16:00:00,-21.97,134.8,0,0,0,0,200.91
2023-07-19 16:00:00,-22.05,134.8,0,0,0,0,201.22
2023-07-20 16:00:00,-22.6,134.8,0,0,0,0,203.36
2023-07-21 16:00:00,-22.64,134.8,0,0,0,0,203.52
2023-07-24 16:00:00,-22.98,134.8,0,0,0,0,204.86
2023-07-25 16:00:00,-20.75,129.83,0,-4967.86,232872,0,190.01
2023-07-26 16:00:00,-20.92,128.28,0,-1550,0,0,188.67
2023-07-27 16:00:00,-21.01,130.2,1922,0,0,0,191.43
2023-07-28 16:00:00,-19.18,132.19,1984,0,0,0,187.29
2023-07-31 16:00:00,-18.74,133.06,868,0,0,0,186.81
2023-08-01 16:00:00,-19.07,128.72,0,-4340,0,0,182.61
2023-08-02 16:00:00,-19.64,126.69,0,-2028.66,0,-225122,182.09
2023-08-03 16:00:00,-18.93,126.69,0,0,0,0,179.62
2023-08-04 16:00:00,-18.62,126.69,0,0,0,0,178.56
2023-08-07 16:00:00,-19.23,126.69,0,0,0,0,180.66
2023-08-08 16:00:00,-19.44,126.69,0,0,0,0,181.39
2023-08-09 16:00:00,-19.69,126.69,0,0,0,0,182.27
2023-08-10 16:00:00,-19.53,126.69,0,0,0,0,181.71
2023-08-11 16:00:00,-21.38,126.69,0,0,0,0,188.34
2023-08-14 16:00:00,-21.95,126.69,0,0,0,0,190.44
2023-08-15 16:00:00,-22.14,126.69,0,0,0,0,191.15
2023-08-16 16:00:00,-22.71,126.69,0,0,0,0,193.3
2023-08-17 16:00:00,-22.45,126.69,0,0,0,0,192.31
2023-08-18 16:00:00,-23.41,126.69,0,0,0,0,195.98
2023-08-21 16:00:00,-24.51,126.69,0,0,0,0,200.29
2023-08-22 16:00:00,-23.93,126.69,0,0,0,0,198
2023-08-23 16:00:00,-25.18,126.69,0,0,0,0,202.98
2023-08-24 16:00:00,-24.63,133.29,6603.48,0,221720,0,209.53
2023-08-25 16:00:00,-24.92,130.72,0,-2576,0,0,207.3
2023-08-28 16:00:00,-24.04,135.36,4646,0,0,0,209.85
2023-08-29 16:00:00,-23.28,140.38,5014,0,0,0,213.32
2023-08-30 16:00:00,-23.32,138.33,0,-2047,0,0,210.81
2023-08-31 16:00:00,-23.79,134.33,0,-4002,0,0,207.48
2023-09-01 16:00:00,-23.25,136.03,1702,0,0,0,207.53
2023-09-04 16:00:00,-22.09,134.81,0,-1219,0,0,201.39
2023-09-05 16:00:00,-22.67,133.28,0,-1531,4740,0,201.67
2023-09-06 16:00:00,-22.84,129.03,0,-4251.58,0,-4584,196.82
2023-09-07 16:00:00,-23.92,125.42,0,-3611,0,0,196.29
2023-09-08 16:00:00,-24.3,118.31,0,-7109.01,0,-213854,188.39
2023-09-11 16:00:00,-23.74,125.82,7510.13,0,216241,0,196.12
2023-09-12 16:00:00,-23.88,123.09,0,-2727,0,0,193.08
2023-09-13 16:00:00,-24.36,119.56,0,-3535,0,0,190.27
2023-09-14 16:00:00,-24.43,115.72,0,-3838,0,0,185.46
2023-09-15 16:00:00,-24.93,111,0,-4716.05,0,-209272,181.07
2023-09-18 16:00:00,-24.55,111,0,0,0,0,179.66
2023-09-19 16:00:00,-24.69,111,0,0,0,0,180.18
2023-09-20 16:00:00,-24.99,111,0,0,0,0,181.3
2023-09-21 16:00:00,-25.66,111,0,0,0,0,183.83
2023-09-22 16:00:00,-24.32,111,0,0,0,0,178.81
2023-09-25 16:00:00,-24.81,111,0,0,0,0,180.62
2023-09-26 16:00:00,-25.25,111,0,0,0,0,182.27
2023-09-27 16:00:00,-25.1,111,0,0,0,0,181.71
2023-09-28 16:00:00,-25.32,111,0,0,0,0,182.54
2023-10-09 16:00:00,-25.42,111,0,0,0,0,182.92
2023-10-10 16:00:00,-25.97,111,0,0,0,0,185.02
2023-10-11 16:00:00,-25.76,111,0,0,0,0,184.21
2023-10-12 16:00:00,-25.06,111,0,0,0,0,181.56
2023-10-13 16:00:00,-25.85,111,0,0,0,0,184.56
2023-10-16 16:00:00,-26.59,111,0,0,0,0,187.43
2023-10-17 16:00:00,-26.33,111,0,0,0,0,186.41
2023-10-18 16:00:00,-26.92,111,0,0,0,0,188.72
2023-10-19 16:00:00,-28.48,116.13,5128.53,0,208220,0,202.2
2023-10-20 16:00:00,-28.94,113.81,0,-2320,0,0,200.89
2023-10-23 16:00:00,-29.68,108.47,0,-5336,0,0,196.46
2023-10-24 16:00:00,-29.42,110.9,2423,0,1863,0,198.81
2023-10-25 16:00:00,-29.06,113.01,2112,0,0,0,200.27
2023-10-26 16:00:00,-28.87,111.12,0,-1891,0,0,196.81
2023-10-27 16:00:00,-27.89,117.25,6136,0,0,0,201.28
2023-10-30 16:00:00,-27.46,122.21,4955,0,0,0,206.33
2023-10-31 16:00:00,-27.69,121.21,0,-1002,0,0,205.92
2023-11-01 16:00:00,-27.72,120.11,0,-1094,0,0,204.52
2023-11-02 16:00:00,-28.06,116.3,0,-3816,0,0,200.67
2023-11-03 16:00:00,-27.45,121.34,5044,0,0,0,205.09
2023-11-06 16:00:00,-26.47,128.48,7144,0,0,0,210.73
2023-11-07 16:00:00,-26.73,128.52,35,0,0,0,211.89
2023-11-08 16:00:00,-26.91,128.44,0,-84,0,0,212.55
2023-11-09 16:00:00,-26.87,127.05,0,-1386,0,0,210.47
2023-11-10 16:00:00,-27.4,125.74,0,-1307,0,0,210.94
2023-11-13 16:00:00,-27.55,130.03,4286,0,0,0,217.5
2023-11-14 16:00:00,-27.49,133.77,3743.85,0,0,-2147,222.4
2023-11-15 16:00:00,-26.98,131.34,0,-2436,0,0,216.82
2023-11-16 16:00:00,-27.69,127.62,0,-3712,0,0,214.78
2023-11-17 16:00:00,-27.78,127.86,232,0,0,0,215.51
2023-11-20 16:00:00,-27.61,128.35,493,0,0,0,215.44
2023-11-21 16:00:00,-27.51,125.59,0,-2755,0,0,211.2
2023-11-22 16:00:00,-28.26,121.65,0,-3944,0,0,208.96
2023-11-23 16:00:00,-27.91,123.97,2320,0,0,0,210.68
2023-11-24 16:00:00,-28.39,118.63,0,-5336,0,0,205.31
2023-11-27 16:00:00,-28.91,116.87,0,-1769,0,0,205.06
2023-11-28 16:00:00,-28.78,116.98,116,0,0,0,204.66
2023-11-29 16:00:00,-29.39,115.85,0,-1131,0,0,205.69
2023-11-30 16:00:00,-29.23,113.1,0,-2755,0,0,201.12
2023-12-01 16:00:00,-29.5,113.01,0,-87,0,0,202.14
2023-12-04 16:00:00,-29.96,110.54,0,-2465,0,0,200.6
2023-12-05 16:00:00,-31.3,103.61,0,-6931.15,0,-200883,196.38
2023-12-06 16:00:00,-31.19,103.61,0,0,0,0,195.9
2023-12-07 16:00:00,-31.36,103.61,0,0,0,0,196.63
2023-12-08 16:00:00,-31.19,103.61,0,0,0,0,195.9
2023-12-11 16:00:00,-30.79,103.61,0,0,0,0,194.19
2023-12-12 16:00:00,-30.64,103.61,0,0,0,0,193.56
2023-12-13 16:00:00,-31.79,103.61,0,0,0,0,198.5
2023-12-14 16:00:00,-32.15,103.61,0,0,0,0,200.09
2023-12-15 16:00:00,-32.36,103.61,0,0,0,0,201.02
2023-12-18 16:00:00,-32.61,103.61,0,0,0,0,202.14
2023-12-19 16:00:00,-32.51,103.61,0,0,0,0,201.69
2023-12-20 16:00:00,-33.25,103.61,0,0,0,0,205.03
2023-12-21 16:00:00,-32.58,103.61,0,0,0,0,202
2023-12-22 16:00:00,-32.45,103.61,0,0,0,0,201.42
2023-12-25 16:00:00,-32.24,103.61,0,0,0,0,200.49
2023-12-26 16:00:00,-32.7,105.39,1774.93,0,203580,0,205.19
2023-12-27 16:00:00,-32.47,96.38,0,-9003.67,0,-196668,190.8
2023-12-28 16:00:00,-30.88,96.38,0,0,0,0,184.11
2023-12-29 16:00:00,-30.55,96.38,0,0,0,0,182.76
2024-01-02 16:00:00,-31.46,96.38,0,0,0,0,186.52
2024-01-03 16:00:00,-31.62,96.38,0,0,0,0,187.19
2024-01-04 16:00:00,-32.25,96.38,0,0,0,0,189.86
2024-01-05 16:00:00,-32.61,96.38,0,0,0,0,191.41
2024-01-08 16:00:00,-33.49,96.38,0,0,0,0,195.26
2024-01-09 16:00:00,-33.36,97.03,643.35,0,192162,0,195.66
2024-01-10 16:00:00,-33.67,96.66,0,-363,0,0,196.49
2024-01-11 16:00:00,-33.29,101.01,4346,0,0,0,201.32
2024-01-12 16:00:00,-33.52,100.32,0,-694.54,0,-98880,201.32
2024-01-15 16:00:00,-33.59,96.04,0,-4271.23,0,-93250,195.2
2024-01-16 16:00:00,-33.19,96.04,0,0,0,0,193.43
2024-01-17 16:00:00,-34.64,96.04,0,0,0,0,199.94
2024-01-18 16:00:00,-33.71,105.5,9456.42,0,195250,0,210
2024-01-19 16:00:00,-33.82,102.48,0,-3025,0,0,205.95
2024-01-22 16:00:00,-34.84,100.11,0,-2365,0,0,207.11
2024-01-23 16:00:00,-34.58,99.29,0,-825,0,0,204.63
2024-01-24 16:00:00,-33.67,100.33,1045,0,0,0,202.02
2024-01-25 16:00:00,-32.33,106.6,6270,0,0,0,205.31
2024-01-26 16:00:00,-32.52,105.06,0,-1540,0,0,203.88
2024-01-29 16:00:00,-33.12,101.21,0,-3850,0,0,200.85
2024-01-30 16:00:00,-34.32,101.82,605,0,0,0,207.28
2024-01-31 16:00:00,-34.92,95.66,0,-6160,0,0,200.65
2024-02-01 16:00:00,-34.87,97.14,1485,0,0,0,202.69
2024-02-02 16:00:00,-35.64,89.55,0,-7590,0,0,194.52
2024-02-05 16:00:00,-35.22,89.83,274.83,0,396,-189365,193.04
2024-02-06 16:00:00,-32.97,103.98,14151.69,0,186448,-377,204.31
2024-02-07 16:00:00,-32.32,111.88,7902.52,0,0,-208830,213.06
2024-02-08 16:00:00,-31.89,129.68,17800.52,0,211584,0,237.22
2024-02-19 16:00:00,-31.1,137.57,7888,0,0,0,244.8
2024-02-20 16:00:00,-30.96,138.5,928,0,0,0,245.45
2024-02-21 16:00:00,-30.03,146.99,8494.8,0,0,-247080,252.99
2024-02-22 16:00:00,-29.42,146.99,0,0,0,0,249.94
2024-02-23 16:00:00,-29.36,146.99,0,0,0,0,249.65
2024-02-26 16:00:00,-30.1,146.99,0,0,0,0,253.35
2024-02-27 16:00:00,-29.26,146.99,0,0,0,0,249.15
2024-02-28 16:00:00,-30.16,146.99,0,0,0,0,253.65
2024-02-29 16:00:00,-28.83,146.99,0,0,0,0,247.04
2024-03-01 16:00:00,-28.39,146.99,0,0,0,0,244.91
2024-03-04 16:00:00,-28.33,146.99,0,0,0,0,244.62
2024-03-05 16:00:00,-27.83,146.99,0,0,0,0,242.23
2024-03-06 16:00:00,-28.12,146.99,0,0,0,0,243.61
2024-03-07 16:00:00,-28.55,146.99,0,0,0,0,245.68
2024-03-08 16:00:00,-28.25,146.99,0,0,0,0,244.24
2024-03-11 16:00:00,-27.35,146.99,0,0,0,0,239.97
2024-03-12 16:00:00,-27.18,146.99,0,0,0,0,239.18
2024-03-13 16:00:00,-27.69,146.82,0,-170.48,244925,0,241.34
2024-03-14 16:00:00,-27.9,146.04,0,-776,0,0,241.25
2024-03-15 16:00:00,-27.74,137.59,0,-8454.68,0,-235904,228.8
2024-03-18 16:00:00,-27.06,155.76,18168.86,0,237120,0,250.64
2024-03-19 16:00:00,-27.58,163.36,7600,0,0,0,263.66
2024-03-20 16:00:00,-27.43,162.14,0,-1216,0,0,261.22
2024-03-21 16:00:00,-27.51,166.09,3952,0,0,0,267.07
2024-03-22 16:00:00,-28.24,152.41,0,-13680,0,0,251.74
2024-03-25 16:00:00,-28.63,138.43,0,-13984,0,0,234.08
2024-03-26 16:00:00,-28.27,128.71,0,-9721.19,0,-228608,218.85
2024-03-27 16:00:00,-29.1,128.71,0,0,0,0,222.58
2024-03-28 16:00:00,-28.73,135.93,7224.43,0,221891,0,231.04
2024-03-29 16:00:00,-28.4,135.56,0,-374,0,0,228.99
2024-04-01 16:00:00,-27.22,136.07,513,0,0,0,224.36
2024-04-02 16:00:00,-27.52,130.82,0,-5252.28,0,-167909,218.46
2024-04-03 16:00:00,-27.78,130.39,0,-427,0,0,219.01
2024-04-08 16:00:00,-28.42,124.3,0,-6091.29,174300,0,213.36
2024-04-09 16:00:00,-28.48,128.03,3724,0,0,0,218.83
2024-04-10 16:00:00,-29.06,122.83,0,-5195.98,0,-168450,214.11
2024-04-11 16:00:00,-29.07,122.17,0,-658,0,0,213.22
2024-04-12 16:00:00,-29.64,122.38,210,0,0,0,216.06
2024-04-15 16:00:00,-28.16,127.94,5554.14,0,166188,0,217.29
2024-04-16 16:00:00,-28.93,124.99,0,-2948,0,0,216.58
2024-04-17 16:00:00,-27.83,129.12,4134,0,1782,0,217.47
2024-04-18 16:00:00,-27.74,129.78,654,0,0,0,217.99
2024-04-19 16:00:00,-28.31,119.75,0,-10021.75,0,-159808,206.53
2024-04-22 16:00:00,-28.53,120.17,420,0,0,0,208.06
2024-04-23 16:00:00,-29.03,122.73,2559.3,0,158994,0,213.84
2024-04-24 16:00:00,-28.72,129.12,6386.93,0,585,-58513,221.44
2024-04-25 16:00:00,-28.54,129.25,128,0,0,0,220.81
2024-04-26 16:00:00,-27.45,133.6,4355.67,0,57771,0,221.98
2024-04-29 16:00:00,-26.65,143.71,10102.34,0,0,-2659,232.26
2024-04-30 16:00:00,-27.04,124.58,0,-19127.89,0,-59913,207.81
2024-05-06 16:00:00,-25.96,127.21,2628,0,0,0,206.87
2024-05-07 16:00:00,-25.94,129.11,1898,0,0,0,209.36
2024-05-08 16:00:00,-26.52,131.08,1971.73,0,0,-167900,214.48
2024-05-09 16:00:00,-25.82,131.08,0,0,0,0,211.51
2024-05-10 16:00:00,-25.79,131.08,0,0,0,0,211.39
2024-05-13 16:00:00,-25.82,131.08,0,0,0,0,211.51
2024-05-14 16:00:00,-25.98,134.53,3457.24,0,229190,0,216.85
2024-05-15 16:00:00,-26.6,137.37,2838,0,0,0,223.39
2024-05-16 16:00:00,-26.31,133.16,0,-4214,0,0,216.41
2024-05-17 16:00:00,-25.55,134.28,1118,0,0,0,214.68
2024-05-20 16:00:00,-25.29,132.15,0,-2123,1760,0,210.73
2024-05-21 16:00:00,-25.59,128.01,0,-4142,0,0,206.42
2024-05-22 16:00:00,-25.42,132.92,4906,0,0,0,212.31
2024-05-23 16:00:00,-26.29,126.26,0,-6658,0,0,206.96
2024-05-24 16:00:00,-27.1,125.87,0,-390,0,0,209.84
2024-05-27 16:00:00,-26.41,133.57,7701.16,0,0,-1840,217.39
2024-05-28 16:00:00,-26.95,131.68,0,-1892,0,0,217.15
2024-05-29 16:00:00,-26.86,134.43,2752,0,0,0,220.52
2024-05-30 16:00:00,-27.25,131.25,0,-3182,0,0,217.87
2024-05-31 16:00:00,-27.54,127.03,0,-4214,0,0,213.32
2024-06-03 16:00:00,-27.36,121.33,0,-5703.65,0,-219730,204.69
2024-06-04 16:00:00,-26.81,121.33,0,0,0,0,202.4
2024-06-05 16:00:00,-27.24,121.33,0,0,0,0,204.19
2024-06-06 16:00:00,-27.29,121.33,0,0,0,0,204.4
2024-06-07 16:00:00,-27.66,121.33,0,0,0,0,205.96
2024-06-11 16:00:00,-28.29,121.33,0,0,0,0,208.65
2024-06-12 16:00:00,-28.26,121.33,0,0,0,0,208.52
2024-06-13 16:00:00,-28.63,121.33,0,0,0,0,210.12
2024-06-14 16:00:00,-28.31,120.4,0,-929.97,219888,0,207.43
2024-06-17 16:00:00,-28.42,117.66,0,-2736,0,0,204.08
2024-06-18 16:00:00,-28.23,125.58,7920,0,0,0,214.31
2024-06-19 16:00:00,-28.57,125.73,144,0,0,0,216.02
2024-06-20 16:00:00,-29.09,134.86,9129.6,0,0,0,231.21
2024-06-21 16:00:00,-29.24,135.12,259,0,2292,0,232.28
2024-06-24 16:00:00,-29.62,128.99,0,-6125.2,0,-2198,225.36
2024-06-25 16:00:00,-30.01,127.41,0,-1584,0,0,224.92
2024-06-26 16:00:00,-29.55,126.98,0,-432,0,0,222.19
2024-06-27 16:00:00,-30.08,120.21,0,-6768,0,0,214.95
2024-06-28 16:00:00,-29.93,126.98,6768,0,0,0,223.93
2024-07-01 16:00:00,-29.6,131.73,4752,0,0,0,229.16
2024-07-02 16:00:00,-29.73,135.04,3312,0,0,0,234.48
2024-07-03 16:00:00,-29.9,126.69,0,-8352,0,0,223.38
2024-07-04 16:00:00,-30.25,127.55,864,0,0,0,226.24
2024-07-05 16:00:00,-30.55,124.67,0,-2880,0,0,223.5
2024-07-08 16:00:00,-31.14,111.59,0,-13086.32,0,-207936,207.28
2024-07-09 16:00:00,-30.37,111.79,201.56,0,208131,0,204.16
2024-07-10 16:00:00,-30.59,112.45,660,0,0,0,206.08
2024-07-11 16:00:00,-29.8,122.23,9780.14,0,0,-219120,216.57
2024-07-12 16:00:00,-29.71,122.23,0,0,0,0,216.16
2024-07-15 16:00:00,-29.64,127.58,5351.36,0,222138,0,223.45
2024-07-16 16:00:00,-29.19,127.06,0,-516,0,0,220.66
2024-07-17 16:00:00,-29.12,121.64,0,-5418,0,0,212.7
2024-07-18 16:00:00,-28.73,126.03,4386,0,0,0,217.15
2024-07-19 16:00:00,-28.37,125.77,0,-258,0,0,215.19
2024-07-22 16:00:00,-28.85,118.29,0,-7482,0,0,206.8
2024-07-23 16:00:00,-30.37,111.57,0,-6725.36,0,-211818,203.85
2024-07-24 16:00:00,-30.81,111.57,0,0,0,0,205.78
2024-07-25 16:00:00,-31.19,117.03,5465.97,0,210102,0,215.4
2024-07-26 16:00:00,-30.99,127.7,10670,0,0,0,229.95
2024-07-29 16:00:00,-31.37,119.46,0,-8245,0,0,219.77
2024-07-30 16:00:00,-31.8,117.61,0,-1843,0,0,219.08
2024-07-31 16:00:00,-30.33,129.16,11543,0,0,0,228.92
2024-08-01 16:00:00,-30.79,125.66,0,-3492,0,0,226.05
2024-08-02 16:00:00,-31.5,122.66,0,-3007,0,0,225.05
2024-08-05 16:00:00,-32.33,119.07,0,-3589,0,0,223.73
2024-08-06 16:00:00,-32.33,124.89,5819,0,644,0,232.33
2024-08-07 16:00:00,-32.36,120.71,0,-4176,0,0,226.3
2024-08-08 16:00:00,-32.33,119.47,0,-1237,0,0,224.32
2024-08-09 16:00:00,-32.56,117.92,0,-1551,0,0,223.13
2024-08-12 16:00:00,-32.68,117.34,0,-582.67,0,-673,222.85
2024-08-13 16:00:00,-32.51,118.8,1455,0,0,0,224.2
2024-08-14 16:00:00,-33.02,113.95,0,-4850,0,0,219.42
2024-08-15 16:00:00,-32.35,117.53,3589,0,0,0,221.55
2024-08-16 16:00:00,-32.28,116.18,0,-1358,0,0,219.23
2024-08-19 16:00:00,-32.05,117.24,1067,0,0,0,219.71
2024-08-20 16:00:00,-32.54,125.88,8633,0,0,0,234.84
2024-08-21 16:00:00,-32.77,122.48,0,-3395,0,0,230.92
2024-08-22 16:00:00,-32.94,111.62,0,-10864,0,0,215.57
2024-08-23 16:00:00,-32.65,110.07,0,-1552,0,0,211.91
2024-08-26 16:00:00,-32.71,117.72,7650,0,1200,0,223.55
2024-08-27 16:00:00,-33.1,112.93,0,-4789.16,0,-1162,218.28
2024-08-28 16:00:00,-33.48,113.9,970,0,0,0,221.56
2024-08-29 16:00:00,-33.66,121.37,7469,0,0,0,233.69
2024-08-30 16:00:00,-32.77,125.73,4365,0,0,0,235.76
2024-09-02 16:00:00,-33.91,118.94,0,-6790,0,0,231.28
2024-09-03 16:00:00,-33.74,122.43,3492,0,0,0,235.69
2024-09-04 16:00:00,-34.17,123.02,584.48,0,0,-221936,238.78
2024-09-05 16:00:00,-34.06,123.02,0,0,0,0,238.22
2024-09-06 16:00:00,-34.59,123.02,0,0,0,0,240.96
2024-09-09 16:00:00,-35.37,120.08,0,-2937.88,222948,0,240.52
2024-09-10 16:00:00,-35.31,124.14,4059,0,0,0,246.48
2024-09-11 16:00:00,-35.51,114.65,0,-9486.41,0,-214929,232.84
2024-09-12 16:00:00,-35.78,114.65,0,0,0,0,234.24
2024-09-13 16:00:00,-36.05,114.65,0,0,0,0,235.65
2024-09-18 16:00:00,-35.81,114.65,0,0,0,0,234.4
2024-09-19 16:00:00,-35.31,114.59,0,-64.23,214110,0,231.72
2024-09-20 16:00:00,-35.21,122.31,7722,0,0,0,243.12
2024-09-23 16:00:00,-34.97,115.29,0,-7020,0,0,231.06
2024-09-24 16:00:00,-32.15,128.98,13689,0,0,0,237.48
2024-09-25 16:00:00,-31.15,125.12,0,-3861,0,0,226.97
2024-09-26 16:00:00,-28.24,128.28,3159,0,0,0,218.12
2024-09-27 16:00:00,-25.03,141.97,13689,0,0,0,222.76
2024-09-30 16:00:00,-18.67,158.48,16512.16,0,0,-258336,217.82
2024-10-08 16:00:00,-13.85,158.48,0,0,0,0,200.03
2024-10-09 16:00:00,-19.93,158.48,0,0,0,0,222.82
2024-10-10 16:00:00,-19.08,158.48,0,0,0,0,219.43
2024-10-11 16:00:00,-21.32,158.48,0,0,0,0,228.52
2024-10-14 16:00:00,-19.82,158.48,0,0,0,0,222.37
2024-10-15 16:00:00,-21.95,158.48,0,0,0,0,231.17
2024-10-16 16:00:00,-22.44,158.48,0,0,0,0,233.26
2024-10-17 16:00:00,-23.32,158.48,0,0,0,0,237.09
2024-10-18 16:00:00,-20.55,158.48,0,0,0,0,225.34
2024-10-21 16:00:00,-20.35,158.48,0,0,0,0,224.52
2024-10-22 16:00:00,-19.89,158.48,0,0,0,0,222.66
2024-10-23 16:00:00,-19.58,158.48,0,0,0,0,221.41
2024-10-24 16:00:00,-20.47,158.48,0,0,0,0,225.01
2024-10-25 16:00:00,-19.92,158.48,0,0,0,0,222.78
2024-10-28 16:00:00,-19.76,158.48,0,0,0,0,222.13
2024-10-29 16:00:00,-20.56,158.48,0,0,0,0,225.38
2024-10-30 16:00:00,-21.27,158.48,0,0,0,0,228.31
2024-10-31 16:00:00,-21.24,157.73,0,-751.34,257805,0,227.23
2024-11-01 16:00:00,-21.26,168.17,10447,0,0,0,240.58
2024-11-04 16:00:00,-20.15,167.5,0,-674,0,0,235
2024-11-05 16:00:00,-18.13,173.23,5729,0,0,0,233.74
2024-11-06 16:00:00,-18.54,178.28,5055,0,0,0,241.62
2024-11-07 16:00:00,-16.09,186.37,8088,0,0,0,241.28
2024-11-08 16:00:00,-16.93,187.05,674,0,0,0,245.55
2024-11-11 16:00:00,-16.38,183.34,0,-3707,0,0,238.84
2024-11-12 16:00:00,-17.3,172.22,0,-11121,0,0,229.17
2024-11-13 16:00:00,-16.79,173.57,1348,0,0,0,228.77
2024-11-14 16:00:00,-18.23,168.51,0,-5055,0,0,228.37
2024-11-15 16:00:00,-19.67,169.52,1011,0,0,0,235.52
2024-11-18 16:00:00,-20.04,163.46,0,-6066,0,0,229.49
2024-11-19 16:00:00,-19.5,168.17,4718,0,0,0,233.13
2024-11-20 16:00:00,-19.32,167.16,0,-1011,0,0,231.14
2024-11-21 16:00:00,-19.25,167.84,674,0,0,0,231.69
2024-11-22 16:00:00,-21.75,158.4,0,-9436,0,0,230.22
2024-11-25 16:00:00,-22.11,155.7,0,-2696,0,0,228.28
2024-11-26 16:00:00,-22.27,155.7,0,0,0,0,228.96
2024-11-27 16:00:00,-20.92,158.06,2359,0,0,0,226.33
2024-11-28 16:00:00,-21.61,154.02,0,-4044,0,0,224.05
2024-11-29 16:00:00,-20.72,154.02,0,0,0,0,220.41
2024-12-02 16:00:00,-20.09,156.38,2359,0,0,0,220.84
2024-12-03 16:00:00,-20.01,156.38,0,0,0,0,220.52
2024-12-04 16:00:00,-20.44,158.06,1685,0,0,0,224.36
2024-12-05 16:00:00,-20.62,154.69,0,-3370,0,0,220.85
2024-12-06 16:00:00,-19.58,158.06,3370,0,0,0,220.89
2024-12-09 16:00:00,-19.71,158.06,0,0,0,0,221.41
2024-12-10 16:00:00,-19.12,159.07,1011,0,0,0,220.31
2024-12-11 16:00:00,-19.26,166.15,7077,0,0,0,229.64
2024-12-12 16:00:00,-18.46,165.14,0,-1011,0,0,225.17
2024-12-13 16:00:00,-20.39,156.72,0,-8425,0,0,222.47
2024-12-16 16:00:00,-20.82,151.66,0,-5055,0,0,217.83
2024-12-17 16:00:00,-20.61,148.64,0,-3018.88,0,-248369,213.19
2024-12-18 16:00:00,-20.21,148.64,0,0,0,0,211.62
2024-12-19 16:00:00,-20.14,148.64,0,0,0,0,211.34
2024-12-20 16:00:00,-20.5,149.14,498.57,0,248109,0,213.38
2024-12-23 16:00:00,-20.38,134.32,0,-14820.42,0,-234166,194.3
2024-12-24 16:00:00,-19.36,134.32,0,0,0,0,190.58
2024-12-25 16:00:00,-19.33,134.32,0,0,0,0,190.47
2024-12-26 16:00:00,-19.29,143.71,9389.51,0,231642,0,201.96
2024-12-27 16:00:00,-19.42,143.2,0,-507.57,0,-82745,201.81
2024-12-30 16:00:00,-19.05,139.73,0,-3468,0,0,196.15
2024-12-31 16:00:00,-20.35,133.27,0,-6462.8,0,-72920,192.87
