timetag,open,high,low,close,volumn,amount,open_ineterst
20210111,113.05,113.05,111.00,111.00,5950.0,663840.00,18.00
20210112,111.10,112.50,111.10,112.50,300.0,33435.00,13.00
20210113,112.50,112.50,112.00,112.00,200.0,22440.00,13.00
20210114,112.40,113.35,112.25,113.00,5600.0,632560.00,13.00
20210115,113.40,113.50,112.50,112.50,2900.0,327209.00,13.00
20210118,113.50,114.60,112.65,114.20,7250.0,829042.00,13.00
20210119,114.40,117.25,114.40,116.50,10250.0,1180967.00,18.00
20210120,117.60,120.15,117.60,120.15,12050.0,1432362.00,13.00
20210121,120.00,120.25,118.95,120.00,3450.0,413622.00,15.00
20210122,120.00,120.60,119.30,119.55,7701.0,920821.00,15.00
20210125,120.00,124.65,120.00,124.65,4900.0,607085.00,15.00
20210126,123.45,123.45,121.00,121.05,5050.0,616204.00,15.00
20210127,119.90,120.55,118.60,119.30,3400.0,408037.00,15.00
20210128,118.00,119.00,114.95,115.50,11400.0,1328457.00,15.00
20210129,117.60,117.60,115.00,115.50,13800.0,1607737.00,15.00
20210201,117.55,118.35,117.55,118.35,700.0,82355.00,15.00
20220214,76.06,76.06,76.06,76.06,0.0,0.00,15.00
20220215,76.06,76.06,76.06,76.06,200.0,15212.00,15.00
20220216,76.06,76.06,76.06,76.06,0.0,0.00,18.00
20220217,76.96,76.96,76.96,76.96,450.0,34632.00,15.00
20220218,77.70,77.70,76.26,76.26,50.0,3885.00,15.00
20220221,74.88,74.88,74.48,74.48,700.0,52416.00,15.00
20220222,72.50,72.50,71.84,71.90,1000.0,71944.00,15.00
20220223,72.84,72.84,72.84,72.84,0.0,0.00,15.00
20220224,71.50,71.50,69.36,69.60,250.0,17479.00,15.00
20220225,71.58,71.58,70.88,70.92,25300.0,1798620.00,15.00
20220228,69.90,69.90,69.90,69.90,50.0,3495.00,15.00
20220301,71.84,71.84,71.84,71.84,1100.0,79003.00,15.00
20220302,71.84,71.84,71.84,71.84,0.0,0.00,13.00
20220303,69.96,69.96,69.96,69.96,50.0,3498.00,15.00
20220304,69.76,69.76,67.32,67.52,2650.0,178535.00,15.00
20220307,66.90,66.90,63.94,63.94,1950.0,126121.00,15.00
20220308,63.90,63.90,62.34,62.34,850.0,53841.00,15.00
20220309,60.80,61.88,60.70,61.88,5150.0,313115.00,15.00
20220310,63.00,63.00,63.00,63.00,150.0,9450.00,15.00
20220311,60.26,62.24,59.90,61.88,2950.0,178537.00,15.00
20220314,57.98,57.98,55.52,56.40,15950.0,900320.00,15.00
20220315,55.20,55.20,51.44,51.86,27300.0,1454263.00,15.00
20220316,54.30,60.24,54.00,59.88,27850.0,1606352.00,15.00
20220317,63.88,64.74,63.70,64.50,8450.0,541518.00,15.00
20220318,61.96,64.92,61.94,64.00,24250.0,1540265.00,15.00
20220321,66.10,66.10,63.22,63.48,52803.0,3360910.00,15.00
20220322,63.72,65.36,63.72,65.36,750.0,48030.00,15.00
20220323,64.00,68.64,64.00,67.84,6050.0,411397.00,15.00
20220324,67.80,67.80,66.88,66.88,750.0,50331.00,15.00
20220325,66.26,66.36,63.78,63.78,5450.0,352880.00,15.00
20220328,63.76,63.76,63.76,63.76,100.0,6376.00,0.00
20220329,64.86,64.90,64.86,64.90,550.0,35673.00,15.00
20220330,65.90,66.34,65.90,66.34,650.0,42835.00,15.00
20220331,65.60,65.60,65.60,65.60,600.0,39360.00,15.00
20220401,65.60,65.60,65.60,65.60,0.0,0.00,18.00
20220404,67.60,67.60,67.60,67.60,650.0,43940.00,15.00
20220406,66.58,66.58,66.58,66.58,0.0,0.00,15.00
20220407,65.56,65.56,65.56,65.56,0.0,0.00,15.00
20220408,64.18,64.18,64.18,64.18,50.0,3209.00,15.00
20220411,62.10,62.10,62.10,62.10,0.0,0.00,15.00
20220412,61.46,62.70,61.46,62.70,1000.0,61460.00,15.00
20220413,62.70,63.08,62.70,63.08,550.0,34675.00,15.00
20220414,63.08,63.08,63.08,63.08,0.0,0.00,13.00
20220419,62.12,62.12,62.12,62.12,0.0,0.00,15.00
20220420,62.12,62.12,62.12,62.12,0.0,0.00,13.00
20220421,62.02,62.02,62.02,62.02,0.0,0.00,13.00
20220422,59.28,59.40,59.28,59.40,3600.0,213710.00,15.00
20220425,58.00,58.16,57.00,57.00,2600.0,151104.00,15.00
20220426,57.62,57.88,57.62,57.88,4658.0,268560.00,15.00
20220427,57.52,58.02,57.52,58.02,4000.0,230080.00,15.00
20220428,58.02,58.02,58.02,58.02,0.0,0.00,13.00
20220429,61.42,63.34,61.42,63.34,4150.0,256807.00,15.00
20220503,63.34,63.34,63.34,63.34,0.0,0.00,13.00
20220504,63.34,63.34,63.34,63.34,0.0,0.00,13.00
20220505,61.68,61.68,61.68,61.68,150.0,9252.00,15.00
20220506,61.68,61.68,61.68,61.68,0.0,0.00,13.00
20220510,56.14,56.38,56.14,56.38,58.0,3261.00,15.00
20220511,58.48,59.00,58.18,58.18,850.0,50032.00,15.00
20220512,58.18,58.18,58.18,58.18,0.0,0.00,13.00
20220513,56.64,56.64,56.64,56.64,0.0,0.00,13.00
20220516,57.46,57.46,57.46,57.46,0.0,0.00,15.00
20220517,59.90,59.90,59.90,59.90,0.0,0.00,15.00
20220518,59.96,59.96,59.96,59.96,0.0,0.00,15.00
20220519,58.84,58.84,58.84,58.84,500.0,29170.00,15.00
20220520,61.22,61.22,61.22,61.22,0.0,0.00,15.00
20220523,59.86,59.86,59.86,59.86,1650.0,98769.00,15.00
20220524,59.64,59.64,58.86,58.86,58.0,3463.00,15.00
20220525,58.86,58.86,58.86,58.86,0.0,0.00,15.00
20220526,58.30,58.30,58.30,58.30,0.0,0.00,15.00
20220527,59.58,59.58,59.58,59.58,0.0,0.00,15.00
20220530,60.92,61.78,60.92,61.78,500.0,30460.00,15.00
20220531,61.78,61.78,61.78,61.78,0.0,0.00,18.00
20220601,63.22,63.22,63.22,63.22,0.0,0.00,13.00
20220602,63.22,63.22,63.22,63.22,0.0,0.00,13.00
20220606,63.68,64.70,63.68,64.70,50.0,3184.00,15.00
20220607,64.80,64.80,64.80,64.80,0.0,0.00,15.00
20220608,67.98,67.98,67.98,67.98,7.0,477.00,15.00
20220609,68.74,68.74,67.80,67.80,34650.0,2359736.00,15.00
20220610,67.70,67.76,67.70,67.76,350.0,23713.00,15.00
20220613,65.36,65.36,64.82,64.82,300.0,19527.00,15.00
20220614,64.00,64.62,64.00,64.62,150.0,9600.00,15.00
20220615,66.26,66.26,66.26,66.26,21200.0,1408612.00,15.00
20220616,67.72,67.72,64.98,64.98,84850.0,5551995.00,15.00
20220617,64.98,66.10,64.98,66.10,45400.0,3022261.00,15.00
20220620,66.00,66.42,66.00,66.42,150.0,9900.00,15.00
20220621,67.76,67.76,67.76,67.76,0.0,0.00,15.00
20220622,67.38,67.38,66.40,66.40,28657.0,1904386.00,15.00
20220623,67.28,67.28,67.28,67.28,23800.0,1614381.00,15.00
20220624,67.28,67.28,67.28,67.28,0.0,0.00,18.00
20220627,70.84,70.84,70.84,70.84,250.0,18050.00,15.00
20220628,70.84,70.94,70.24,70.94,19350.0,1359512.00,15.00
20220629,70.60,70.60,70.02,70.02,21150.0,1474153.00,15.00
20220630,70.00,70.22,69.40,69.40,5950.0,416449.00,15.00
20220704,69.42,69.42,69.42,69.42,0.0,0.00,15.00
20220705,70.56,70.56,70.28,70.28,3600.0,253246.00,15.00
20220706,70.02,70.02,68.94,68.94,2900.0,202134.00,15.00
20220707,68.94,68.94,68.94,68.94,40700.0,2840788.00,15.00
20220708,70.46,70.46,70.46,70.46,107.0,7539.00,15.00
20220711,70.46,70.46,70.46,70.46,0.0,0.00,13.00
20220712,68.00,68.00,68.00,68.00,0.0,0.00,13.00
20220713,67.12,67.12,67.12,67.12,2000.0,134240.00,15.00
20220714,67.12,67.12,67.12,67.12,300.0,20136.00,15.00
20220715,67.12,67.12,67.12,67.12,0.0,0.00,13.00
20220718,65.70,65.86,65.70,65.86,5000.0,328500.00,15.00
20220719,66.10,66.10,66.10,66.10,1000.0,66100.00,15.00
20220720,67.30,67.30,66.96,66.96,1000.0,67300.00,15.00
20220721,65.98,65.98,65.98,65.98,5000.0,329900.00,15.00
20220722,65.98,65.98,65.98,65.98,105.0,6932.00,15.00
20220725,64.88,65.40,64.88,65.40,1200.0,77960.00,15.00
20220726,65.60,65.94,65.60,65.94,1350.0,89167.00,15.00
20220727,65.94,65.94,65.94,65.94,0.0,0.00,18.00
20220728,65.40,65.40,65.40,65.40,0.0,0.00,15.00
20220729,63.44,63.44,63.44,63.44,0.0,0.00,15.00
20220801,62.76,62.76,62.76,62.76,1900.0,119244.00,15.00
20220802,62.10,62.10,61.48,61.48,1000.0,62031.00,15.00
20220803,61.48,61.48,61.48,61.48,150.0,9267.00,15.00
20220804,61.48,61.48,61.48,61.48,0.0,0.00,18.00
20220805,62.98,62.98,62.98,62.98,0.0,0.00,18.00
20220808,63.40,63.40,63.40,63.40,0.0,0.00,18.00
20220809,62.94,62.94,62.94,62.94,0.0,0.00,18.00
20220810,60.86,60.86,60.84,60.84,350.0,21301.00,15.00
20220811,61.80,62.04,61.80,62.04,100.0,6180.00,15.00
20220812,62.84,62.86,62.84,62.86,200.0,12568.00,15.00
20220815,60.00,63.24,60.00,62.86,700.0,43286.00,15.00
20220816,62.86,62.86,62.86,62.86,0.0,0.00,13.00
20220817,61.52,61.80,61.52,61.80,600.0,36912.00,15.00
20220818,61.52,61.52,61.52,61.52,0.0,0.00,15.00
20220819,61.52,61.52,61.52,61.52,0.0,0.00,15.00
20220822,61.52,61.52,61.52,61.52,0.0,0.00,13.00
20220823,61.52,61.52,61.52,61.52,0.0,0.00,13.00
20220824,60.48,60.48,60.48,60.48,0.0,0.00,15.00
20220825,62.32,62.32,62.32,62.32,0.0,0.00,15.00
20220826,62.32,62.32,62.32,62.32,0.0,0.00,13.00
20220829,62.94,62.94,62.94,62.94,750.0,47205.00,15.00
20220830,62.94,62.94,62.94,62.94,0.0,0.00,13.00
20220831,62.94,62.94,62.94,62.94,0.0,0.00,13.00
20220901,62.94,62.94,62.94,62.94,0.0,0.00,13.00
20220902,61.84,61.84,61.54,61.54,350.0,21554.00,15.00
20220905,60.74,60.74,60.74,60.74,0.0,0.00,15.00
20220906,60.74,60.74,60.74,60.74,0.0,0.00,15.00
20220907,59.90,59.90,59.90,59.90,0.0,0.00,15.00
20220908,59.90,59.90,59.90,59.90,0.0,0.00,13.00
20220909,60.46,60.46,60.46,60.46,0.0,0.00,15.00
20220913,61.76,61.80,61.38,61.38,11000.0,679508.00,15.00
20220914,59.96,59.96,59.96,59.96,0.0,0.00,15.00
20220915,59.96,59.96,59.96,59.96,0.0,0.00,13.00
20220916,58.82,58.82,58.82,58.82,0.0,0.00,15.00
20220919,57.58,58.10,57.58,57.76,81700.0,4724959.00,15.00
20220920,58.70,58.70,58.70,58.70,2000.0,117400.00,15.00
20220921,57.84,57.84,57.64,57.64,10000.0,578000.00,15.00
20220922,55.80,56.00,55.38,56.00,3450.0,191302.00,15.00
20220923,54.94,55.00,54.94,55.00,2550.0,140169.00,15.00
20220926,55.18,55.18,55.18,55.18,0.0,0.00,15.00
20220927,55.18,55.18,55.18,55.18,0.0,0.00,18.00
20220928,54.70,54.70,54.70,54.70,0.0,0.00,15.00
20220929,54.96,54.96,54.48,54.48,10700.0,587480.00,15.00
20220930,54.18,54.50,54.18,54.40,500.0,27106.00,15.00
20221003,53.80,53.80,53.80,53.80,350.0,18830.00,15.00
20221005,56.32,56.90,56.32,56.90,3750.0,211537.00,15.00
20221006,56.90,56.90,56.90,56.90,0.0,0.00,13.00
20221007,56.90,56.90,56.90,56.90,0.0,0.00,13.00
20221010,54.38,54.38,54.06,54.06,1000.0,54380.00,15.00
20221011,53.64,53.64,52.42,52.42,250.0,13410.00,15.00
20221012,52.30,52.30,52.30,52.30,0.0,0.00,15.00
20221013,51.30,51.30,51.30,51.30,0.0,0.00,15.00
20221014,52.82,52.82,52.28,52.28,700.0,36974.00,15.00
20221017,50.54,51.42,50.54,51.42,10400.0,527800.00,15.00
20221018,51.80,52.46,51.80,52.46,2200.0,115280.00,15.00
20221019,51.60,51.60,51.26,51.26,200.0,10320.00,15.00
20221020,49.60,49.60,48.90,49.26,2750.0,134650.00,15.00
20221021,49.56,49.56,49.46,49.46,50.0,2478.00,15.00
20221024,48.32,48.32,45.24,45.30,32200.0,1497243.00,15.00
20221025,44.26,46.06,44.26,45.52,17150.0,778375.00,15.00
20221026,47.08,47.08,45.44,45.72,4850.0,224408.00,15.00
20221027,46.06,46.06,46.06,46.06,0.0,0.00,15.00
20221028,45.84,45.84,44.10,44.10,12300.0,550522.00,15.00
20221031,43.98,44.88,43.76,43.80,7200.0,319823.00,15.00
20221101,46.20,47.06,45.60,47.06,10050.0,467962.00,15.00
20221102,46.62,48.06,46.62,48.06,3500.0,163170.00,15.00
20221103,47.00,47.00,46.60,46.60,3600.0,168850.00,15.00
20221104,48.00,50.00,48.00,50.00,12100.0,589930.00,15.00
20221107,50.54,50.54,50.34,50.52,10500.0,529760.00,15.00
20221108,50.40,50.40,50.40,50.40,5000.0,252000.00,15.00
20221109,50.00,50.00,49.48,49.48,3600.0,178740.00,15.00
20221110,48.24,48.24,48.24,48.24,3600.0,173664.00,15.00
20221111,51.64,52.74,51.64,52.74,7050.0,370921.00,15.00
20221114,54.42,54.42,53.90,53.90,3500.0,190470.00,15.00
20221115,56.30,56.30,56.00,56.00,600.0,33690.00,15.00
20221116,56.00,56.00,56.00,56.00,500.0,28000.00,15.00
20221117,55.04,55.24,54.04,55.24,7000.0,381780.00,15.00
20221118,56.58,56.58,55.58,55.58,3500.0,198030.00,15.00
20221121,53.58,54.10,53.58,54.06,3550.0,190235.00,15.00
20221122,52.80,52.80,52.34,52.64,3850.0,201658.00,15.00
20221123,52.52,52.88,52.52,52.88,300.0,15756.00,15.00
20221124,52.88,52.88,52.88,52.88,0.0,0.00,18.00
20221125,53.12,53.12,53.12,53.12,0.0,0.00,18.00
20221128,51.90,51.90,51.90,51.90,200.0,10380.00,15.00
20221129,55.20,55.20,55.20,55.20,3500.0,193200.00,15.00
20221130,56.54,56.82,56.54,56.82,4700.0,266718.00,15.00
20221201,57.98,58.30,57.66,57.66,14900.0,864382.00,15.00
20221202,57.86,58.14,57.78,57.78,14000.0,811300.00,15.00
20221205,60.94,60.96,60.94,60.96,3500.0,213290.00,15.00
20221206,60.76,61.28,60.70,60.82,10600.0,646155.00,15.00
20221207,60.80,61.48,58.98,58.98,11916.0,721587.00,15.00
20221208,59.92,61.58,59.92,61.50,10950.0,658127.00,15.00
20221209,61.52,62.60,61.06,62.60,7400.0,453830.00,15.00
20221212,61.30,61.30,61.02,61.02,350.0,21455.00,15.00
20221213,61.02,61.02,61.02,61.02,0.0,0.00,18.00
20221214,61.06,61.06,61.06,61.06,0.0,0.00,13.00
20221215,61.54,61.54,60.78,60.78,5000.0,307700.00,15.00
20221216,59.96,61.28,59.96,61.12,5400.0,324258.00,15.00
20221219,61.78,61.78,60.50,60.58,9150.0,560263.00,15.00
20221220,59.24,59.24,59.24,59.24,3700.0,219188.00,15.00
20221221,60.12,60.12,59.10,59.32,2900.0,172869.00,15.00
20221222,61.50,61.50,61.24,61.48,1250.0,76615.00,15.00
20221223,61.48,61.48,61.48,61.48,0.0,0.00,18.00
20221228,61.48,61.48,61.48,61.48,0.0,0.00,18.00
20221229,61.08,61.08,61.00,61.00,1850.0,112994.00,15.00
20221230,62.10,62.10,61.66,61.66,5000.0,310500.00,15.00
20230103,60.40,63.16,60.40,63.02,6000.0,365160.00,15.00
20230104,65.04,65.26,65.04,65.26,700.0,45528.00,15.00
20230105,67.50,67.50,66.54,66.54,9000.0,599752.00,15.00
20230106,66.68,67.12,66.24,66.24,10050.0,668929.00,15.00
20230109,67.42,68.20,67.42,68.08,5401.0,364351.00,15.00
20230110,67.48,67.48,67.48,67.48,5000.0,337400.00,15.00
20230111,68.40,68.40,67.94,67.94,10200.0,695380.00,15.00
20230112,68.56,68.56,68.04,68.04,5000.0,342800.00,15.00
20230113,68.04,68.98,67.74,68.98,11000.0,754180.00,15.00
20230116,69.28,69.96,69.12,69.12,10550.0,733116.00,15.00
20230117,68.42,68.42,68.22,68.22,5000.0,342100.00,15.00
20230118,67.92,68.04,67.92,68.04,100.0,6792.00,15.00
20230119,68.04,68.04,68.04,68.04,0.0,0.00,13.00
20230120,68.90,69.22,68.90,69.22,700.0,48230.00,15.00
20230126,71.00,71.00,70.70,70.98,2700.0,191262.00,15.00
20230127,71.40,71.48,71.40,71.48,150.0,10710.00,15.00
20230130,70.16,70.16,69.12,69.12,3500.0,245560.00,15.00
20230131,69.04,69.10,68.48,68.48,7550.0,521340.00,15.00
20230201,68.48,68.48,68.48,68.48,0.0,0.00,18.00
20230202,69.38,69.38,69.38,69.38,1000.0,69380.00,15.00
20230203,69.38,69.38,69.38,69.38,0.0,0.00,13.00
20230206,68.40,68.40,68.40,68.40,0.0,0.00,13.00
20230207,66.78,66.78,66.78,66.78,0.0,0.00,15.00
20230208,66.68,66.68,66.68,66.68,0.0,0.00,15.00
20230209,66.96,67.64,66.96,67.64,2000.0,133920.00,15.00
20230210,67.80,67.80,66.08,66.08,1400.0,94920.00,15.00
20230213,66.08,66.08,66.08,66.08,0.0,0.00,15.00
20230214,66.08,66.08,66.08,66.08,0.0,0.00,15.00
20230215,64.90,64.90,64.90,64.90,300.0,19470.00,15.00
20230216,65.96,65.96,65.68,65.68,250.0,16490.00,15.00
20230217,65.68,65.68,65.68,65.68,0.0,0.00,13.00
20230220,64.62,64.62,64.62,64.62,0.0,0.00,13.00
20230221,64.70,64.70,64.70,64.70,0.0,0.00,13.00
20230222,63.32,63.32,63.32,63.32,0.0,0.00,13.00
20230223,62.68,62.76,62.68,62.76,700.0,43892.00,15.00
20230224,62.76,62.76,62.76,62.76,0.0,0.00,13.00
20230227,61.08,61.08,61.08,61.08,0.0,0.00,15.00
20230228,61.08,61.08,61.08,61.08,0.0,0.00,13.00
20230301,62.42,63.34,62.42,63.34,3600.0,224712.00,15.00
20230302,63.22,63.22,62.96,62.96,500.0,31610.00,15.00
20230303,63.78,63.78,63.60,63.60,1000.0,63780.00,15.00
20230306,63.60,63.60,63.60,63.60,0.0,0.00,18.00
20230307,63.38,64.04,62.76,62.76,556.0,35342.00,15.00
20230308,61.32,61.32,60.94,60.94,4500.0,275560.00,15.00
20230309,60.94,60.94,60.94,60.94,0.0,0.00,18.00
20230310,58.48,58.48,58.48,58.48,0.0,0.00,15.00
20230313,59.42,59.42,59.42,59.42,200.0,11884.00,15.00
20230314,58.82,58.82,58.68,58.68,8000.0,470420.00,15.00
20230315,58.68,58.68,58.68,58.68,0.0,0.00,13.00
20230316,58.50,58.50,58.50,58.50,0.0,0.00,15.00
20230317,59.66,59.66,59.66,59.66,0.0,0.00,15.00
20230320,57.76,58.10,57.76,58.10,3500.0,202160.00,15.00
20230321,58.72,59.18,58.72,59.18,5000.0,293600.00,15.00
20230322,60.30,60.30,60.02,60.02,3500.0,211050.00,15.00
20230323,61.32,61.32,61.32,61.32,0.0,0.00,15.00
20230324,61.32,61.32,61.32,61.32,0.0,0.00,15.00
20230327,60.34,60.34,60.00,60.24,4500.0,271134.00,15.00
20230328,60.34,60.34,60.34,60.34,0.0,0.00,15.00
20230329,62.32,62.32,62.08,62.08,50.0,3116.00,15.00
20230330,62.08,62.08,62.08,62.08,0.0,0.00,13.00
20230331,62.08,62.08,62.08,62.08,0.0,0.00,13.00
20230403,62.68,62.68,62.44,62.46,12000.0,751020.00,15.00
20230404,62.46,62.46,62.46,62.46,0.0,0.00,18.00
20230406,62.32,62.32,62.32,62.32,0.0,0.00,18.00
20230411,62.00,62.00,62.00,62.00,2450.0,151900.00,15.00
20230412,61.56,61.56,61.24,61.24,212.0,13052.00,15.00
20230413,61.30,61.30,61.30,61.30,800.0,49040.00,15.00
20230414,61.30,61.30,61.30,61.30,0.0,0.00,15.00
20230417,61.30,62.00,61.30,62.00,1500.0,91950.00,15.00
20230418,62.00,62.00,62.00,62.00,0.0,0.00,15.00
20230419,61.26,61.26,61.26,61.26,0.0,0.00,15.00
20230420,61.14,61.14,61.14,61.14,0.0,0.00,15.00
20230421,59.78,59.78,59.78,59.78,0.0,0.00,15.00
20230424,59.52,59.52,59.52,59.52,0.0,0.00,15.00
20230425,58.32,58.32,58.32,58.32,0.0,0.00,15.00
20230426,58.14,58.54,58.14,58.54,550.0,31991.00,15.00
20230427,58.70,58.70,58.70,58.70,300.0,17610.00,15.00
20230428,59.04,59.32,58.70,58.72,34550.0,2036347.00,15.00
20230502,58.42,58.80,58.42,58.80,1600.0,93499.00,15.00
20230503,57.70,57.70,57.70,57.70,500.0,28850.00,15.00
20230504,58.36,58.54,58.36,58.54,10000.0,584800.00,15.00
20230505,58.76,58.80,58.76,58.80,8500.0,499660.00,15.00
20230508,59.10,59.10,59.10,59.10,169.0,9987.00,15.00
20230509,57.42,57.42,57.42,57.42,0.0,0.00,15.00
20230510,57.38,57.38,57.38,57.38,0.0,0.00,15.00
20230511,57.38,57.38,57.38,57.38,0.0,0.00,15.00
20230512,57.46,57.70,57.06,57.14,23650.0,1356381.00,15.00
20230515,58.14,58.14,58.14,58.14,0.0,0.00,15.00
20230516,58.24,58.24,58.24,58.24,0.0,0.00,15.00
20230517,57.46,57.46,57.46,57.46,0.0,0.00,15.00
20230518,57.84,57.84,57.84,57.84,550.0,31812.00,15.00
20230519,56.60,56.60,56.60,56.60,2700.0,152820.00,15.00
20230522,57.46,57.50,57.46,57.50,2500.0,143650.00,15.00
20230523,57.78,57.78,56.80,56.80,650.0,36969.00,15.00
20230524,56.30,56.30,56.16,56.16,50.0,2815.00,15.00
20230525,55.16,55.16,54.90,54.90,1200.0,65913.00,15.00
20230529,55.06,55.06,53.96,54.00,24510.0,1331045.00,15.00
20230530,54.54,54.54,54.54,54.54,0.0,0.00,15.00
20230531,53.58,53.58,53.58,53.58,0.0,0.00,15.00
20230601,53.58,53.58,53.58,53.58,0.0,0.00,15.00
20230602,55.90,55.90,55.90,55.90,0.0,0.00,15.00
20230605,55.90,56.06,55.90,56.06,50.0,2795.00,15.00
20230606,56.68,57.06,55.70,55.80,23400.0,1315974.00,15.00
20230607,56.60,57.14,56.06,56.52,23125.0,1310089.00,15.00
20230608,56.06,56.90,56.00,56.62,16350.0,923589.00,15.00
20230609,57.14,57.24,57.14,57.24,5000.0,285700.00,15.00
20230612,57.32,57.40,57.32,57.40,5050.0,289470.00,15.00
20230613,57.72,58.14,57.72,58.14,5000.0,288600.00,15.00
20230614,59.00,59.00,57.92,58.04,3050.0,176802.00,15.00
20230615,59.00,59.80,59.00,59.80,200.0,11800.00,15.00
20230616,60.34,60.34,60.34,60.34,3500.0,211190.00,15.00
20230619,60.34,60.34,59.40,59.80,5100.0,304887.00,15.00
20230620,59.02,59.02,58.98,58.98,5000.0,295100.00,15.00
20230621,57.10,57.10,57.10,57.10,1000.0,57100.00,15.00
20230623,57.00,57.00,56.30,56.30,250.0,14215.00,15.00
20230626,55.70,55.70,55.46,55.62,1500.0,83310.00,15.00
20230627,56.62,56.70,56.62,56.70,5000.0,283100.00,15.00
20230628,56.44,56.72,56.44,56.72,5050.0,285035.00,15.00
20230629,56.22,56.24,56.04,56.04,10200.0,572548.00,15.00
20230630,56.14,56.30,55.66,55.82,6500.0,364514.00,15.00
20230703,56.84,57.40,56.84,57.34,5500.0,312862.00,15.00
20230704,57.58,57.92,57.34,57.78,26200.0,1510216.00,15.00
20230705,57.74,57.74,56.72,56.72,18850.0,1076351.00,15.00
20230706,56.82,56.82,55.80,55.82,18800.0,1060320.00,15.00
20230707,55.54,55.54,55.36,55.36,5280.0,293214.00,15.00
20230710,56.14,56.52,55.36,55.78,33300.0,1860642.00,15.00
20230711,56.56,57.02,56.52,56.52,5500.0,311194.00,15.00
20230712,57.74,57.74,57.22,57.38,20000.0,1149073.00,15.00
20230713,58.00,59.38,58.00,59.20,17850.0,1056324.00,15.00
20230714,59.40,59.40,59.38,59.38,550.0,32668.00,15.00
20230718,57.96,57.96,57.88,57.88,400.0,23168.00,15.00
20230719,57.56,57.56,57.56,57.56,300.0,17268.00,15.00
20230720,57.56,57.56,57.52,57.52,1000.0,57560.00,15.00
20230721,57.68,57.68,57.68,57.68,0.0,0.00,15.00
20230724,57.08,57.08,56.94,56.94,100.0,5708.00,15.00
20230725,58.64,59.40,58.64,59.40,1000.0,58640.00,15.00
20230726,59.00,59.20,59.00,59.12,17200.0,1016066.00,15.00
20230727,60.00,60.24,60.00,60.24,300.0,18021.00,15.00
20230728,61.00,61.36,59.80,61.36,12450.0,748499.00,15.00
20230731,62.50,62.50,62.50,62.50,300.0,18750.00,15.00
20230801,62.42,62.42,62.26,62.26,100.0,6242.00,15.00
20230802,60.58,60.58,60.58,60.58,0.0,0.00,15.00
20230803,60.58,60.58,60.58,60.58,0.0,0.00,13.00
20230804,61.46,61.46,61.44,61.44,150.0,9219.00,15.00
20230807,61.06,61.06,61.04,61.04,163.0,9952.00,15.00
20230808,59.34,59.34,59.30,59.30,1500.0,89010.00,15.00
20230809,58.86,59.20,58.84,59.20,7000.0,411950.00,15.00
20230810,59.20,59.20,59.20,59.20,0.0,0.00,13.00
20230811,59.04,59.04,58.90,58.90,7000.0,413000.00,15.00
20230814,57.34,57.62,57.32,57.62,5500.0,315360.00,15.00
20230815,57.46,57.46,57.06,57.10,10200.0,584106.00,15.00
20230816,56.70,56.70,56.24,56.30,13100.0,739568.00,15.00
20230817,55.24,56.58,55.24,56.58,5500.0,307530.00,15.00
20230818,56.34,56.34,55.18,55.18,5000.0,281700.00,15.00
20230821,54.44,54.92,54.44,54.48,6700.0,367196.00,15.00
20230822,54.60,55.02,54.50,55.02,10500.0,572950.00,15.00
20230823,55.22,55.22,55.22,55.22,100.0,5522.00,15.00
20230824,55.20,56.56,55.20,56.56,100.0,5520.00,15.00
20230825,56.56,56.56,56.56,56.56,0.0,0.00,18.00
20230828,55.74,55.74,55.74,55.74,0.0,0.00,18.00
20230829,57.36,57.36,57.36,57.36,3500.0,200760.00,15.00
20230830,57.52,57.52,57.52,57.52,300.0,17256.00,15.00
20230831,57.02,57.02,57.02,57.02,99.0,5632.00,15.00
20230904,57.02,57.02,57.02,57.02,0.0,0.00,18.00
20230905,58.90,58.90,58.90,58.90,0.0,0.00,18.00
20230906,57.42,57.42,57.42,57.42,5000.0,287100.00,15.00
20230907,57.12,57.12,56.10,56.30,21679.0,1219250.00,15.00
20230911,55.66,56.16,55.66,56.16,3500.0,194810.00,15.00
20230912,56.16,56.16,56.16,56.16,0.0,0.00,18.00
20230913,56.16,56.16,56.16,56.16,0.0,0.00,18.00
20230914,56.04,56.04,56.04,56.04,0.0,0.00,13.00
20230915,55.94,55.94,55.94,55.94,0.0,0.00,13.00
20230918,55.58,55.58,55.58,55.58,0.0,0.00,15.00
20230919,55.58,55.58,55.58,55.58,0.0,0.00,18.00
20230920,54.90,54.90,54.90,54.90,0.0,0.00,15.00
20230921,53.86,53.86,53.86,53.86,0.0,0.00,15.00
20230922,55.16,55.16,55.16,55.16,0.0,0.00,15.00
20230925,54.28,54.28,54.28,54.28,0.0,0.00,15.00
20230926,53.78,53.78,53.28,53.28,6050.0,325268.00,15.00
20230927,53.86,54.14,53.86,54.08,3550.0,191217.00,15.00
20230928,53.30,53.30,53.30,53.30,0.0,0.00,15.00
20230929,54.60,54.60,54.60,54.60,0.0,0.00,15.00
20231003,53.16,53.16,53.16,53.16,300.0,15948.00,15.00
20231004,52.38,52.56,52.38,52.56,300.0,15714.00,15.00
20231005,53.08,53.08,52.86,52.86,7000.0,370930.00,15.00
20231006,53.34,53.58,53.34,53.58,3500.0,186690.00,15.00
20231009,53.80,54.24,53.80,53.94,3734.0,200977.00,15.00
20231010,53.94,53.94,53.94,53.94,0.0,0.00,18.00
20231011,54.18,54.18,54.18,54.18,0.0,0.00,18.00
20231012,55.96,56.00,55.96,56.00,3500.0,195860.00,15.00
20231013,54.44,54.44,54.44,54.44,0.0,0.00,15.00
20231016,54.44,54.44,54.44,54.44,0.0,0.00,13.00
20231017,53.82,53.82,53.82,53.82,0.0,0.00,13.00
20231018,53.82,53.82,53.82,53.82,0.0,0.00,13.00
20231019,53.82,53.82,53.82,53.82,0.0,0.00,13.00
20231020,52.12,52.12,52.12,52.12,0.0,0.00,13.00
20231024,50.68,50.94,50.68,50.94,200.0,10136.00,15.00
20231025,50.94,50.94,50.94,50.94,0.0,0.00,13.00
20231026,51.96,52.12,51.90,51.90,200.0,10397.00,15.00
20231027,51.90,53.00,51.90,53.00,350.0,18186.00,15.00
20231030,53.00,53.00,53.00,53.00,0.0,0.00,13.00
20231031,52.22,52.24,52.22,52.24,4500.0,234990.00,15.00
20231101,52.24,52.24,52.24,52.24,0.0,0.00,15.00
20231102,52.24,52.24,52.24,52.24,0.0,0.00,13.00
20231103,52.34,52.34,52.34,52.34,0.0,0.00,13.00
20231106,55.30,55.30,55.30,55.30,0.0,0.00,15.00
20231107,54.96,54.96,54.54,54.54,186.0,10222.00,15.00
20231108,54.50,54.50,54.34,54.34,200.0,10900.00,15.00
20231109,54.34,54.34,54.34,54.34,0.0,0.00,13.00
20231110,53.02,53.02,53.02,53.02,0.0,0.00,15.00
20231113,53.52,53.52,53.52,53.52,0.0,0.00,15.00
20231114,53.52,53.52,53.52,53.52,0.0,0.00,15.00
20231115,54.60,55.10,54.60,55.10,400.0,21846.00,15.00
20231116,55.10,55.10,55.10,55.10,0.0,0.00,18.00
20231117,53.34,53.48,53.20,53.38,9550.0,508951.00,15.00
20231120,53.38,53.38,53.38,53.38,0.0,0.00,18.00
20231121,54.72,54.72,54.42,54.42,15600.0,851122.00,15.00
20231122,54.42,54.42,54.42,54.42,0.0,0.00,18.00
20231123,54.46,55.18,54.46,55.18,50.0,2723.00,15.00
20231124,54.06,54.06,53.94,54.00,7750.0,418427.00,15.00
20231127,53.80,53.84,53.80,53.84,100.0,5380.00,15.00
20231128,53.82,53.82,53.68,53.68,5000.0,269100.00,15.00
20231129,53.20,53.20,53.02,53.02,500.0,26600.00,15.00
20231130,53.10,53.10,53.10,53.10,2050.0,108854.00,15.00
20231201,53.10,53.10,52.94,52.94,6100.0,323910.00,15.00
20231204,52.54,52.54,51.90,51.90,5000.0,262700.00,15.00
20231205,51.40,51.40,50.66,50.66,14500.0,739720.00,15.00
20231206,51.70,51.78,51.48,51.48,7100.0,367218.00,15.00
20231207,50.70,50.82,50.38,50.82,1448.0,73369.00,15.00
20231208,50.82,50.82,50.82,50.82,0.0,0.00,15.00
20231211,49.86,50.14,49.86,50.14,800.0,39888.00,15.00
20231212,50.92,50.92,50.92,50.92,150.0,7638.00,15.00
20231213,50.70,50.70,50.70,50.70,0.0,0.00,15.00
20231214,50.70,50.70,50.70,50.70,0.0,0.00,15.00
20231215,52.00,52.00,52.00,52.00,200.0,10400.00,15.00
20231218,51.48,51.48,51.48,51.48,0.0,0.00,15.00
20231219,51.16,51.16,51.16,51.16,0.0,0.00,15.00
20231220,51.10,51.52,51.04,51.12,14050.0,718225.00,15.00
20231221,51.12,51.12,51.12,51.12,0.0,0.00,15.00
20231222,49.82,49.82,49.56,49.56,100.0,4982.00,15.00
20231227,50.20,50.20,50.20,50.20,300.0,15060.00,15.00
20231228,52.26,52.26,52.18,52.18,1686.0,87925.00,15.00
20231229,52.16,52.16,51.78,51.82,3750.0,194999.00,15.00
20240102,51.38,51.38,51.38,51.38,0.0,0.00,15.00
20240103,51.02,51.02,51.02,51.02,0.0,0.00,15.00
20240104,51.00,51.00,51.00,51.00,0.0,0.00,15.00
20240105,50.36,50.36,50.36,50.36,2000.0,100720.00,15.00
20240108,49.30,49.30,49.12,49.12,1306.0,64205.00,15.00
20240109,49.12,49.12,49.12,49.12,0.0,0.00,15.00
20240110,49.12,49.12,49.12,49.12,0.0,0.00,15.00
20240111,49.84,49.84,49.84,49.84,5000.0,249200.00,15.00
20240112,49.64,49.64,49.64,49.64,2250.0,112320.00,15.00
20240115,49.18,49.38,49.10,49.38,12500.0,615474.00,15.00
20240116,49.24,49.48,48.84,48.84,5400.0,266952.00,15.00
20240117,47.36,47.40,46.58,46.58,3500.0,165850.00,15.00
20240118,46.76,46.88,46.76,46.88,5000.0,233800.00,15.00
20240119,46.78,46.78,46.78,46.78,2400.0,113520.00,15.00
20240122,46.48,46.48,45.54,45.54,9700.0,448178.00,15.00
20240123,46.06,47.06,46.06,46.94,4750.0,222285.00,15.00
20240124,47.48,48.32,47.48,48.32,1100.0,52248.00,15.00
20240125,48.60,49.00,48.60,49.00,6400.0,312850.00,15.00
20240126,48.16,48.16,48.16,48.16,0.0,0.00,15.00
20240129,48.08,48.36,48.08,48.36,5400.0,259688.00,15.00
20240130,46.54,46.54,46.54,46.54,0.0,0.00,15.00
20240131,46.16,46.16,45.38,45.38,2836.0,130864.00,15.00
20240201,45.98,45.98,45.98,45.98,0.0,0.00,15.00
20240202,45.90,46.00,45.90,45.90,200.0,9190.00,15.00
20240205,45.62,45.72,45.62,45.72,500.0,22830.00,15.00
20240206,47.90,47.90,47.90,47.90,7300.0,349670.00,15.00
20240207,48.80,48.80,47.78,47.78,410.0,19714.00,15.00
20240208,47.78,47.78,47.78,47.78,0.0,0.00,13.00
20240209,47.66,47.66,47.66,47.66,0.0,0.00,13.00
20240214,47.34,47.34,47.34,47.34,0.0,0.00,13.00
20240215,47.78,47.96,47.78,47.96,3500.0,167230.00,15.00
20240216,47.82,49.56,47.82,49.56,8000.0,390435.00,15.00
20240219,48.88,48.88,48.88,48.88,0.0,0.00,15.00
20240220,48.88,48.88,48.88,48.88,0.0,0.00,15.00
20240221,49.98,49.98,49.96,49.96,1600.0,79968.00,15.00
20240222,49.96,50.10,49.96,50.10,350.0,17486.00,15.00
20240223,50.18,50.18,50.18,50.18,0.0,0.00,15.00
20240226,50.16,50.16,50.08,50.08,3400.0,170544.00,15.00
20240227,50.38,50.38,50.38,50.38,0.0,0.00,15.00
20240228,49.70,49.70,49.70,49.70,750.0,37395.00,15.00
20240229,49.70,49.70,49.70,49.70,600.0,29964.00,15.00
20240301,49.78,49.78,49.78,49.78,5000.0,248900.00,15.00
20240304,49.78,49.78,49.78,49.78,0.0,0.00,15.00
20240305,48.38,48.38,48.38,48.38,0.0,0.00,15.00
20240306,48.54,49.06,48.54,48.88,107150.0,5246496.00,15.00
20240307,48.86,48.86,47.76,47.94,117852.0,5701209.00,15.00
20240308,48.44,48.44,48.44,48.44,0.0,0.00,15.00
20240311,48.84,49.02,48.84,49.02,550.0,26862.00,15.00
20240312,50.70,50.70,50.70,50.70,2150.0,107543.00,15.00
20240313,51.18,51.20,50.94,51.02,10600.0,541232.00,15.00
20240314,51.10,51.10,50.64,50.70,10700.0,542079.00,15.00
20240315,50.06,50.06,50.06,50.06,0.0,0.00,15.00
20240318,50.06,50.06,50.06,50.06,0.0,0.00,15.00
20240319,49.70,49.70,49.70,49.70,250.0,12425.00,15.00
20240320,49.70,49.70,49.70,49.70,0.0,0.00,15.00
20240321,50.58,50.60,50.48,50.48,1200.0,60718.00,15.00
20240322,49.00,49.00,48.56,48.80,10300.0,501040.00,15.00
20240325,48.74,48.74,48.74,48.74,550.0,26807.00,15.00
20240326,48.76,48.76,48.76,48.76,0.0,0.00,15.00
20240327,48.40,48.40,48.22,48.22,200.0,9680.00,15.00
20240328,48.68,48.70,48.68,48.70,26700.0,1299756.00,15.00
20240402,49.34,49.34,49.34,49.34,0.0,0.00,15.00
20240403,49.00,49.00,48.78,48.82,650.0,31750.00,15.00
20240405,48.82,48.82,48.82,48.82,0.0,0.00,15.00
20240408,48.76,48.76,48.76,48.76,0.0,0.00,15.00
20240409,48.84,48.84,48.64,48.80,10302.0,502209.00,15.00
20240410,49.60,49.60,49.60,49.60,0.0,0.00,15.00
20240411,51.00,51.00,49.56,49.56,50.0,2550.00,15.00
20240412,48.54,48.54,48.54,48.54,0.0,0.00,15.00
20240415,47.88,47.88,47.88,47.88,1000.0,47880.00,15.00
20240416,47.00,47.00,46.80,46.80,7600.0,356508.00,15.00
20240417,46.46,46.74,46.46,46.74,150.0,6983.00,15.00
20240418,46.74,46.74,46.74,46.74,0.0,0.00,18.00
20240419,47.14,47.14,47.14,47.14,0.0,0.00,18.00
20240422,46.58,46.58,46.58,46.58,0.0,0.00,18.00
20240423,47.34,47.34,47.34,47.34,0.0,0.00,18.00
20240424,49.92,49.94,49.92,49.94,2000.0,99840.00,15.00
20240425,50.00,50.00,49.82,49.82,5600.0,279659.00,15.00
20240426,50.54,51.42,50.46,51.42,94450.0,4814583.00,15.00
20240429,52.10,52.10,51.72,51.72,500.0,26050.00,15.00
20240430,51.54,51.54,51.54,51.54,0.0,0.00,15.00
20240502,52.60,52.60,52.60,52.60,0.0,0.00,15.00
20240503,54.00,54.22,54.00,54.22,3450.0,186322.00,15.00
20240506,54.22,54.22,54.22,54.22,0.0,0.00,18.00
20240507,54.02,54.02,53.98,53.98,250.0,13497.00,15.00
20240508,53.92,53.94,53.30,53.30,149.0,8035.00,15.00
20240509,53.66,54.00,53.66,54.00,100.0,5383.00,15.00
20240510,53.96,54.50,53.96,54.44,450.0,24342.00,15.00
20240513,54.72,54.72,54.72,54.72,0.0,0.00,15.00
20240514,54.90,55.08,54.90,55.08,2500.0,137250.00,15.00
20240516,55.50,55.50,55.50,55.50,50.0,2775.00,15.00
20240517,56.50,56.50,56.50,56.50,350.0,19775.00,15.00
20240520,56.80,56.80,56.72,56.72,250.0,14200.00,15.00
20240521,55.42,55.42,55.42,55.42,0.0,0.00,15.00
20240522,55.00,55.00,55.00,55.00,100.0,5500.00,15.00
20240523,55.00,55.00,55.00,55.00,0.0,0.00,18.00
20240524,53.42,53.42,53.42,53.42,0.0,0.00,15.00
20240527,53.86,53.86,53.86,53.86,0.0,0.00,15.00
20240528,53.86,53.86,53.86,53.86,0.0,0.00,15.00
20240529,52.90,52.90,52.90,52.90,0.0,0.00,15.00
20240530,52.46,52.46,52.46,52.46,6150.0,322629.00,15.00
20240531,52.10,52.10,51.98,51.98,1300.0,67618.00,15.00
20240603,52.66,52.66,52.66,52.66,0.0,0.00,15.00
20240604,52.82,52.82,52.82,52.82,0.0,0.00,15.00
20240605,52.86,52.86,52.86,52.86,0.0,0.00,15.00
20240606,53.08,53.08,52.78,52.84,4000.0,211180.00,15.00
20240607,53.18,53.18,52.60,52.60,1344.0,71354.00,15.00
20240611,52.50,52.50,52.12,52.26,35550.0,1858105.00,15.00
20240612,51.76,51.76,51.76,51.76,0.0,0.00,15.00
20240613,51.96,52.24,51.88,52.20,203000.0,10564926.00,15.00
20240614,52.14,52.14,52.08,52.08,1500.0,78210.00,15.00
20240617,51.94,51.94,51.94,51.94,0.0,0.00,15.00
20240618,51.56,51.56,51.56,51.56,0.0,0.00,15.00
20240619,52.32,52.32,52.32,52.32,0.0,0.00,15.00
20240620,53.04,53.04,51.78,51.78,3750.0,198685.00,15.00
20240621,51.08,51.24,50.82,51.02,5750.0,293274.00,15.00
20240624,50.56,50.96,50.56,50.96,150.0,7584.00,15.00
20240625,51.18,51.18,51.04,51.04,350.0,17913.00,15.00
20240626,51.04,51.04,51.04,51.04,0.0,0.00,15.00
20240627,50.56,50.56,50.18,50.18,500.0,25280.00,15.00
20240628,49.68,49.68,49.68,49.68,0.0,0.00,15.00
20240702,49.60,49.60,49.48,49.48,1500.0,74340.00,15.00
20240703,50.10,50.22,50.10,50.22,1000.0,50100.00,15.00
20240704,50.46,50.46,50.46,50.46,0.0,0.00,15.00
20240705,50.26,50.26,50.26,50.26,0.0,0.00,15.00
20240708,49.60,49.60,49.52,49.52,1107.0,54827.00,15.00
20240709,49.66,49.66,49.66,49.66,250.0,12415.00,15.00
20240710,49.84,49.84,49.84,49.84,0.0,0.00,15.00
20240711,50.76,50.88,50.76,50.88,10000.0,507600.00,15.00
20240712,51.66,51.94,51.66,51.94,1500.0,77490.00,15.00
20240715,51.36,51.36,51.12,51.22,21750.0,1114744.00,15.00
20240716,50.44,50.44,50.42,50.42,3500.0,176540.00,15.00
20240717,50.54,50.86,50.54,50.72,57150.0,2897552.00,15.00
20240718,50.54,50.54,50.54,50.54,0.0,0.00,15.00
20240719,49.74,49.74,49.74,49.74,0.0,0.00,15.00
20240722,50.04,50.30,50.04,50.30,7000.0,350630.00,15.00
20240723,50.02,50.02,49.74,49.74,2300.0,115046.00,15.00
20240724,49.00,49.00,48.86,48.94,100.0,4893.00,15.00
20240725,48.32,48.32,48.32,48.32,1000.0,48320.00,15.00
20240726,48.32,48.32,48.32,48.32,0.0,0.00,15.00
20240729,48.82,48.82,48.80,48.80,50.0,2441.00,15.00
20240730,48.00,48.00,48.00,48.00,0.0,0.00,15.00
20240731,49.02,49.02,49.02,49.02,0.0,0.00,15.00
20240801,48.72,48.72,48.72,48.72,1000.0,48720.00,15.00
20240802,47.80,47.80,47.80,47.80,0.0,0.00,15.00
20240805,48.00,48.12,47.14,47.38,24090.0,1158375.00,15.00
20240806,47.98,47.98,47.42,47.52,9100.0,434551.00,15.00
20240807,48.30,48.30,48.26,48.26,103.0,4974.00,15.00
20240808,48.80,48.80,48.22,48.22,50.0,2440.00,15.00
20240809,49.12,49.12,48.94,48.94,150.0,7368.00,15.00
20240812,48.94,48.94,48.86,48.86,300.0,14682.00,15.00
20240813,48.94,48.94,48.94,48.94,0.0,0.00,15.00
20240814,48.66,48.66,48.66,48.66,0.0,0.00,15.00
20240815,48.46,48.46,48.46,48.46,0.0,0.00,15.00
20240816,49.36,49.36,49.36,49.36,0.0,0.00,15.00
20240819,49.82,49.82,49.82,49.82,0.0,0.00,15.00
20240820,49.76,49.76,49.64,49.68,15500.0,770020.00,15.00
20240821,49.50,49.50,48.86,48.92,5067.0,247599.00,15.00
20240822,49.52,49.68,49.52,49.68,300.0,14856.00,15.00
20240823,49.60,49.60,49.60,49.60,100.0,4960.00,15.00
20240826,49.80,49.80,49.74,49.74,5000.0,249000.00,15.00
20240827,48.22,48.30,48.22,48.30,24700.0,1191696.00,15.00
20240828,47.90,47.90,47.58,47.58,500.0,23950.00,15.00
20240829,47.64,47.64,47.64,47.64,0.0,0.00,15.00
20240830,49.06,49.36,48.94,48.94,40000.0,1971185.00,15.00
20240902,48.04,48.04,48.04,48.04,0.0,0.00,15.00
20240903,48.02,48.40,48.02,48.24,7600.0,365940.00,15.00
20240904,48.08,48.08,48.08,48.08,50.0,2404.00,15.00
20240905,48.08,48.08,48.08,48.08,1000.0,48080.00,15.00
20240909,47.34,47.42,47.30,47.42,8400.0,397520.00,15.00
20240910,47.50,47.62,47.50,47.62,1000.0,47500.00,15.00
20240911,47.62,47.62,47.62,47.62,0.0,0.00,15.00
20240912,47.92,47.92,47.92,47.92,0.0,0.00,15.00
20240913,48.66,48.66,48.20,48.20,650.0,31629.00,15.00
20240916,48.20,48.20,48.20,48.20,0.0,0.00,15.00
20240917,48.54,48.54,48.54,48.54,0.0,0.00,15.00
20240919,49.28,49.76,49.28,49.76,8000.0,394510.00,15.00
20240920,50.36,50.36,50.36,50.36,100.0,5036.00,15.00
20240923,50.36,50.36,50.26,50.26,50.0,2518.00,15.00
20240924,51.00,52.54,51.00,52.54,8000.0,413500.00,15.00
20240925,53.00,54.30,53.00,53.34,72150.0,3874506.00,15.00
20240926,54.62,56.66,54.62,56.66,10700.0,593727.00,15.00
20240927,59.00,59.74,59.00,59.74,7750.0,458939.00,15.00
20240930,63.80,63.90,63.40,63.40,7750.0,493869.00,15.00
20241002,63.80,68.10,63.80,67.56,5100.0,343835.00,15.00
20241003,66.54,67.14,64.44,66.64,24250.0,1587658.00,15.00
20241004,66.64,69.16,66.64,69.16,5950.0,404723.00,15.00
20241007,70.18,70.18,69.16,70.00,2800.0,194496.00,15.00
20241008,65.28,65.28,61.48,62.04,50184.0,3164475.00,15.00
20241009,63.50,63.68,59.88,60.88,10900.0,661820.00,15.00
20241010,62.66,62.66,62.66,62.66,10700.0,653556.00,15.00
20241014,63.00,63.00,60.46,61.48,5050.0,305450.00,15.00
20241015,59.00,59.00,58.36,58.62,5600.0,326960.00,15.00
20241016,58.50,58.50,58.50,58.50,0.0,0.00,15.00
20241017,58.22,58.22,57.42,57.42,150.0,8733.00,15.00
20241018,57.66,60.32,57.66,59.82,5530.0,332274.00,15.00
20241021,59.00,59.00,58.52,58.52,150.0,8850.00,15.00
20241022,58.52,58.52,58.52,58.52,900.0,53154.00,15.00
20241023,59.46,59.46,59.46,59.46,0.0,0.00,15.00
20241024,58.54,58.54,58.54,58.54,0.0,0.00,15.00
20241025,58.60,58.60,58.60,58.60,0.0,0.00,15.00
20241028,58.92,58.92,58.92,58.92,350.0,20741.00,15.00
20241029,59.08,59.08,59.08,59.08,0.0,0.00,15.00
20241030,58.34,58.34,58.34,58.34,0.0,0.00,15.00
20241031,58.02,58.02,58.02,58.02,0.0,0.00,15.00
20241101,58.04,58.04,58.04,58.04,3250.0,188630.00,15.00
20241104,58.26,58.36,58.26,58.36,1000.0,58260.00,15.00
20241105,59.82,59.82,59.82,59.82,0.0,0.00,15.00
20241106,58.18,58.42,58.18,58.42,14750.0,858903.00,15.00
20241107,59.22,59.84,59.22,59.84,534.0,31667.00,15.00
20241108,59.44,59.44,59.44,59.44,450.0,26748.00,15.00
20241111,57.14,58.16,57.14,58.16,3500.0,199990.00,15.00
20241112,57.24,57.24,56.58,56.58,9540.0,543721.00,15.00
20241113,56.60,56.60,56.60,56.60,950.0,53561.00,15.00
20241114,56.34,56.52,55.60,55.60,15442.0,867422.00,15.00
20241115,55.58,56.00,55.36,55.36,99157.0,5529645.00,15.00
20241118,55.46,56.20,55.46,55.60,5600.0,310980.00,15.00
20241119,56.10,56.12,55.62,55.80,55250.0,3086431.00,15.00
20241120,55.94,55.94,55.94,55.94,200.0,11196.00,15.00
20241121,55.94,55.94,55.94,55.94,5.0,280.00,15.00
20241122,54.08,54.08,54.08,54.08,0.0,0.00,15.00
20241125,53.88,53.88,53.88,53.88,0.0,0.00,15.00
20241126,53.88,53.88,53.88,53.88,200.0,10864.00,15.00
20241127,55.42,55.44,55.38,55.38,1250.0,69299.00,15.00
20241128,54.44,54.44,54.44,54.44,0.0,0.00,15.00
20241129,54.36,54.50,54.36,54.50,3300.0,179388.00,15.00
20241202,54.86,54.86,54.86,54.86,0.0,0.00,15.00
20241203,55.16,55.16,55.16,55.16,0.0,0.00,15.00
20241204,55.16,55.16,55.16,55.16,0.0,0.00,15.00
20241205,54.50,54.50,54.50,54.50,0.0,0.00,15.00
20241206,54.00,55.90,54.00,55.84,844.0,46224.00,15.00
20241209,56.52,57.64,56.52,57.64,1950.0,110214.00,15.00
20241210,58.16,58.22,57.28,57.28,5450.0,314102.00,15.00
20241211,57.50,57.50,56.72,56.72,50.0,2875.00,15.00
20241212,57.18,57.18,57.18,57.18,0.0,0.00,15.00
20241213,55.94,55.94,55.94,55.94,0.0,0.00,15.00
20241216,55.42,55.42,55.42,55.42,0.0,0.00,15.00
20241217,54.86,55.66,54.86,55.24,800.0,44128.00,15.00
20241218,55.24,55.24,55.24,55.24,0.0,0.00,15.00
20241219,55.24,55.24,55.24,55.24,0.0,0.00,15.00
20241220,55.18,55.18,55.08,55.08,1505.0,83045.00,15.00
20241223,55.08,55.08,55.08,55.08,0.0,0.00,15.00
20241224,56.86,56.86,55.28,55.28,3750.0,212830.00,15.00
20241227,55.22,55.22,55.22,55.22,0.0,0.00,15.00
20241230,54.58,54.58,54.58,54.58,400.0,21832.00,15.00
20241231,54.58,54.58,54.58,54.58,0.0,0.00,15.00
20250102,53.48,53.48,53.48,53.48,0.0,0.00,15.00
20250103,53.48,53.48,53.48,53.48,0.0,0.00,15.00
20250106,53.06,53.20,53.04,53.04,21000.0,1115340.00,15.00
20250107,52.30,52.30,52.30,52.30,1000.0,52300.00,15.00
20250108,52.20,52.20,52.20,52.20,100.0,5220.00,15.00
20250109,52.10,52.10,52.10,52.10,0.0,0.00,15.00
20250110,51.76,51.76,51.48,51.48,100.0,5176.00,15.00
20250113,50.86,50.86,50.86,50.86,0.0,0.00,15.00
20250114,51.96,51.96,51.96,51.96,0.0,0.00,15.00
20250115,51.98,51.98,51.98,51.98,0.0,0.00,15.00
20250116,52.52,52.52,52.52,52.52,0.0,0.00,15.00
20250117,52.64,52.64,52.64,52.64,0.0,0.00,15.00
20250120,54.24,54.24,54.24,54.24,0.0,0.00,15.00
20250121,54.78,54.78,54.78,54.78,1000.0,54780.00,15.00
20250122,53.66,53.66,53.66,53.66,0.0,0.00,15.00
20250123,53.52,53.52,53.52,53.52,0.0,0.00,15.00
20250124,54.24,54.24,54.24,54.24,0.0,0.00,15.00
20250127,55.22,55.22,55.20,55.20,500.0,27610.00,15.00
20250128,55.20,55.20,55.20,55.20,11879.0,655942.00,15.00
20250203,55.04,55.04,55.04,55.04,0.0,0.00,15.00
20250204,56.68,56.96,56.68,56.90,200.0,11350.00,15.00
20250205,56.36,56.36,56.36,56.36,0.0,0.00,15.00
20250206,55.84,56.56,55.84,56.56,500.0,27920.00,15.00
20250207,57.52,57.52,57.52,57.52,5.0,288.00,15.00
20250210,58.74,58.74,58.74,58.74,0.0,0.00,15.00
20250211,58.86,58.86,57.92,57.92,200.0,11762.00,15.00
20250212,58.28,59.00,58.28,59.00,200250.0,11664930.00,15.00
20250213,59.62,61.14,59.34,59.34,2000.0,121976.00,15.00
20250214,60.52,62.20,60.52,62.14,11900.0,738279.00,15.00
20250217,62.32,62.32,61.10,61.68,15444.0,957262.00,15.00
20250218,62.28,62.92,62.20,62.34,2300.0,143312.00,15.00
20250219,62.40,62.40,62.22,62.22,1300.0,81066.00,15.00
20250220,61.22,61.22,60.92,61.02,500.0,30505.00,15.00
20250221,63.42,63.72,63.42,63.72,59.0,3734.00,15.00
20250224,64.38,64.40,63.96,63.96,150.0,9658.00,15.00
20250225,61.70,61.84,61.50,61.62,3700.0,228523.00,15.00
20250226,63.24,63.86,63.24,63.86,650.0,41106.00,15.00
20250227,64.00,64.22,63.40,63.84,7350.0,469412.00,15.00
20250228,62.42,62.42,61.40,61.40,250.0,15605.00,15.00
20250303,61.82,61.82,61.08,61.36,680.0,41805.00,15.00
20250304,59.76,60.98,59.76,60.98,1050.0,63368.00,15.00
20250305,62.32,62.64,62.24,62.64,450.0,28092.00,15.00
20250306,64.56,65.52,64.56,65.52,4000.0,259289.00,15.00
20250307,65.36,65.74,65.36,65.60,1752.0,115038.00,15.00
20250310,64.60,64.60,64.34,64.34,400.0,25834.00,15.00
20250311,64.34,64.34,64.34,64.34,0.0,0.00,15.00
20250312,64.84,64.84,64.06,64.06,926.0,59786.00,15.00
20250313,64.00,64.00,63.22,63.22,2500.0,158440.00,15.00
20250314,66.18,66.18,65.36,65.36,150.0,9927.00,15.00
20250317,65.78,65.96,65.30,65.34,6650.0,437415.00,15.00
20250318,67.46,67.46,67.30,67.32,2850.0,191915.00,15.00
20250319,67.04,67.04,67.04,67.04,100.0,6704.00,15.00
20250320,66.14,66.14,65.42,65.42,500.0,32919.00,15.00
20250321,65.18,65.56,63.84,63.84,7350.0,477310.00,15.00
20250324,63.12,64.04,63.08,64.04,12400.0,782580.00,15.00
20250325,62.82,63.00,62.72,62.72,300.0,18882.00,15.00
20250326,63.00,63.00,63.00,63.00,1750.0,110250.00,15.00
20250327,63.42,63.88,62.78,63.88,5500.0,348103.00,15.00
20250328,63.54,63.54,63.54,63.54,0.0,0.00,15.00
20250331,63.02,63.02,61.96,62.60,2300.0,143154.00,15.00
20250401,63.24,63.26,63.08,63.08,350.0,22140.00,15.00
20250402,63.08,63.16,63.08,63.16,50.0,3154.00,15.00
20250403,62.28,62.28,61.88,61.88,900.0,56052.00,15.00
20250407,55.48,55.76,52.66,52.66,7100.0,386871.00,15.00
20250408,54.74,55.26,53.28,54.34,9950.0,542116.00,15.00
20250409,53.26,54.90,53.26,54.90,6450.0,347447.00,15.00
20250410,56.12,56.12,55.78,55.78,3600.0,201851.00,15.00
20250411,55.30,56.52,55.02,56.02,78700.0,4364241.00,15.00
20250414,57.02,57.34,57.02,57.34,3000.0,171812.00,15.00
20250415,57.52,57.52,57.52,57.52,0.0,0.00,15.00
20250416,55.94,55.94,55.94,55.94,50.0,2797.00,15.00
20250417,56.92,56.92,56.92,56.92,11.0,619.00,15.00
20250422,56.92,57.08,56.92,57.08,1050.0,59846.00,15.00
20250423,58.68,58.68,58.68,58.68,0.0,0.00,15.00
20250424,58.68,58.68,58.28,58.28,1050.0,61214.00,15.00
20250425,58.62,58.62,58.62,58.62,100.0,5862.00,15.00
20250428,58.16,58.32,58.10,58.32,1100.0,63948.00,15.00
20250429,58.52,59.02,58.44,58.44,15200.0,892631.00,15.00
20250430,59.06,59.06,58.88,59.00,7350.0,433541.00,15.00
20250502,59.84,60.28,59.84,60.28,8500.0,510931.00,15.00
20250506,60.66,60.66,60.66,60.66,0.0,0.00,15.00
20250507,61.46,61.46,60.72,60.72,400.0,24536.00,15.00
20250508,61.24,61.40,61.02,61.02,450.0,27574.00,15.00
20250509,61.02,61.02,61.02,61.02,0.0,0.00,15.00
20250512,61.64,63.08,61.64,63.08,50.0,3082.00,15.00
20250513,62.22,62.22,62.22,62.22,0.0,0.00,15.00
20250514,63.42,63.52,63.42,63.52,1050.0,66591.00,15.00
20250515,63.54,63.54,63.18,63.18,150.0,9531.00,15.00
20250516,62.50,62.66,62.30,62.66,600.0,37444.00,15.00
20250519,62.64,62.64,62.64,62.64,0.0,0.00,15.00
20250520,63.04,63.04,63.04,63.04,0.0,0.00,15.00
20250521,63.48,63.48,63.40,63.40,1700.0,107900.00,15.00
20250522,63.32,63.32,62.84,62.84,200.0,12664.00,15.00
20250523,62.84,62.84,62.84,62.84,0.0,0.00,15.00
20250526,62.08,62.08,62.08,62.08,0.0,0.00,15.00
20250527,62.26,62.26,62.26,62.26,0.0,0.00,15.00
20250528,61.60,61.60,61.60,61.60,0.0,0.00,15.00
20250529,62.66,62.66,62.66,62.66,0.0,0.00,15.00
20250530,61.42,61.42,61.42,61.42,1450.0,89059.00,15.00
20250602,60.12,60.88,60.12,60.88,100.0,6012.00,15.00
20250603,61.70,61.70,61.70,61.70,0.0,0.00,15.00
20250604,62.30,62.42,62.20,62.22,3150.0,196159.00,15.00
20250605,62.96,62.96,62.96,62.96,0.0,0.00,15.00
20250606,62.86,62.86,62.86,62.86,0.0,0.00,15.00
20250609,63.88,63.96,63.88,63.96,800.0,51104.00,15.00
20250610,64.48,64.48,64.14,64.14,50.0,3224.00,15.00
20250611,64.74,64.74,64.64,64.66,400.0,25878.00,15.00
20250612,64.26,64.26,64.08,64.08,17850.0,1144147.00,15.00
20250613,62.88,62.88,62.88,62.88,600.0,37728.00,15.00
20250616,63.26,63.26,63.26,63.26,0.0,0.00,15.00
20250617,63.74,63.82,63.20,63.20,2850.0,181751.00,15.00
20250618,62.46,62.46,62.46,62.46,0.0,0.00,15.00
20250619,61.18,61.18,61.10,61.10,150.0,9172.00,15.00
20250620,61.18,61.18,61.18,61.18,0.0,0.00,15.00
20250623,61.78,61.78,61.78,61.78,0.0,0.00,15.00
20250624,62.96,62.98,62.96,62.98,100.0,6296.00,15.00
20250625,63.78,63.78,63.78,63.78,0.0,0.00,15.00
20250626,63.58,63.58,63.42,63.42,2750.0,174638.00,15.00
20250627,63.40,63.40,63.08,63.08,1600.0,101440.00,15.00
20250630,63.04,63.04,62.86,62.86,1200.0,75440.00,15.00
20250702,63.82,63.82,62.76,62.76,500.0,31910.00,15.00
20250703,62.60,62.60,62.60,62.60,0.0,0.00,15.00
20250704,62.00,62.26,62.00,62.26,1250.0,77513.00,15.00
20250707,62.26,62.26,62.26,62.26,0.0,0.00,15.00
20250708,62.86,62.86,62.86,62.86,0.0,0.00,15.00
20250709,62.68,62.68,62.52,62.52,50.0,3134.00,15.00
20250710,62.10,62.34,62.10,62.34,250.0,15525.00,15.00
20250711,63.66,63.66,63.26,63.26,50.0,3183.00,15.00
20250714,62.70,62.96,62.70,62.96,5000.0,313500.00,15.00
20250715,63.46,64.22,63.46,64.22,10700.0,679344.00,15.00
20250716,64.64,65.10,64.40,64.40,550.0,35782.00,15.00
20250717,64.18,64.44,64.16,64.44,6000.0,385142.00,15.00
20250718,65.36,65.44,65.28,65.44,5500.0,359187.00,15.00
20250721,66.28,66.28,65.90,65.96,9000.0,593497.00,15.00
20250722,65.80,66.16,65.76,66.16,2950.0,194104.00,15.00
20250723,66.92,67.44,66.92,67.44,6000.0,401660.00,15.00
20250724,67.60,68.00,67.60,68.00,4500.0,304612.00,15.00
20250725,67.50,67.50,67.26,67.26,100.0,6750.00,15.00
20250728,67.80,67.90,67.80,67.90,300.0,20360.00,15.00
20250729,67.20,67.88,67.20,67.88,4000.0,269340.00,15.00
20250730,67.66,67.66,66.82,66.96,1850.0,124354.00,15.00
20250731,66.16,66.16,66.16,66.16,0.0,0.00,15.00
20250801,65.56,65.56,65.56,65.56,0.0,0.00,15.00
20250804,64.80,65.72,64.80,65.72,1050.0,68860.00,15.00
20250805,66.20,66.20,66.20,66.20,0.0,0.00,15.00
20250806,66.22,66.80,66.22,66.80,800.0,53070.00,15.00
20250807,66.84,66.84,66.74,66.76,10000.0,667613.00,15.00
20250808,66.50,66.50,66.50,66.50,0.0,0.00,15.00
20250811,66.60,66.60,66.56,66.56,50.0,3330.00,15.00
20250812,66.56,66.56,66.56,66.56,0.0,0.00,15.00
20250813,68.66,68.66,68.66,68.66,100.0,6866.00,15.00
20250814,68.70,68.70,68.58,68.58,2050.0,140835.00,15.00
20250815,67.94,67.94,67.94,67.94,0.0,0.00,15.00
20250818,68.46,68.46,68.46,68.46,0.0,0.00,15.00
20250819,68.30,68.30,68.30,68.30,350.0,23905.00,15.00
20250820,67.88,68.24,67.88,68.24,600.0,40728.00,15.00
20250821,68.24,68.24,68.24,68.24,0.0,0.00,15.00
20250822,69.00,69.04,69.00,69.04,1200.0,82844.00,15.00
20250825,69.56,71.30,69.56,70.88,6300.0,446480.00,15.00
20250826,70.62,70.78,70.56,70.56,3000.0,212268.00,13.00
20250827,69.10,69.10,69.10,69.10,0.0,0.00,15.00
20250828,68.18,68.18,68.18,68.18,0.0,0.00,15.00
20250829,68.70,68.70,68.70,68.70,0.0,0.00,15.00
20250901,69.62,70.46,69.62,70.46,2300.0,161459.00,15.00
20250902,70.08,70.08,69.88,69.88,150.0,10512.00,15.00
20250903,69.64,69.64,69.64,69.64,0.0,0.00,15.00
20250904,68.44,68.44,68.44,68.44,1000.0,68610.00,15.00
20250905,68.82,69.54,68.82,69.54,500.0,34410.00,15.00
20250908,70.44,70.44,70.44,70.44,550.0,38555.00,15.00
20250909,71.06,71.06,71.06,71.06,0.0,0.00,15.00
20250910,71.78,71.78,71.78,71.78,300.0,21534.00,15.00
20250911,71.80,71.80,71.58,71.58,1000.0,71800.00,15.00
20250912,72.92,72.92,72.50,72.50,150.0,10938.00,15.00
20250915,72.50,72.80,72.50,72.72,150.0,10905.00,15.00
20250916,72.72,72.72,72.72,72.72,0.0,0.00,15.00
20250917,73.40,74.24,73.40,74.24,5800.0,428362.00,15.00
20250918,73.54,73.54,73.54,73.54,0.0,0.00,15.00
20250919,73.54,73.54,73.54,73.54,0.0,0.00,15.00
20250922,72.70,73.08,72.56,72.78,350.0,25451.00,15.00
20250923,72.24,72.24,72.24,72.24,0.0,0.00,15.00
20250924,72.70,73.24,72.70,73.24,200.0,14540.00,15.00
20250925,74.10,74.10,73.66,73.66,50.0,3705.00,15.00
20250926,72.56,72.56,72.56,72.56,0.0,0.00,15.00
20250929,74.00,74.00,74.00,74.00,0.0,0.00,18.00
20250930,74.10,74.76,74.10,74.76,8000.0,592800.00,15.00
20251002,75.00,76.40,75.00,76.40,1150.0,87010.00,15.00
20251003,76.00,76.00,74.88,75.30,1600.0,120382.00,15.00
20251006,75.24,75.24,75.24,75.24,0.0,0.00,15.00
20251008,74.74,74.74,74.74,74.74,0.0,0.00,15.00
20251009,74.50,74.50,74.50,74.50,100.0,7450.00,15.00
20251010,73.56,73.56,72.94,72.94,100.0,7348.00,15.00
20251013,70.10,71.20,70.10,71.20,1550.0,110305.00,15.00
20251014,71.40,71.40,69.78,69.78,1450.0,102037.00,15.00
20251015,70.72,71.12,70.72,71.12,100.0,7072.00,15.00
20251016,71.18,71.18,71.18,71.18,0.0,0.00,15.00
20251017,70.00,70.00,69.28,69.28,700.0,49000.00,15.00
20251020,70.82,70.82,70.82,70.82,0.0,0.00,15.00
20251021,71.64,71.64,71.64,71.64,0.0,0.00,15.00
20251022,71.00,71.00,71.00,71.00,0.0,0.00,15.00
20251023,71.00,71.00,71.00,71.00,0.0,0.00,15.00
20251024,71.78,71.78,71.78,71.78,0.0,0.00,15.00
20251027,73.04,73.04,73.04,73.04,50.0,3652.00,15.00
20251028,72.64,72.64,72.64,72.64,0.0,0.00,15.00
20251030,73.00,73.00,72.20,72.20,6750.0,492710.00,15.00
20251031,71.52,71.52,71.52,71.52,0.0,0.00,15.00
20251103,71.24,71.48,71.24,71.48,5000.0,356200.00,15.00
20251104,71.56,71.56,70.96,70.96,50.0,3578.00,15.00
20251105,70.74,70.74,70.74,70.74,0.0,0.00,15.00
20251106,72.00,72.00,72.00,72.00,200.0,14400.00,15.00
20251107,71.54,71.54,71.44,71.44,600.0,42924.00,15.00
20251110,72.38,72.38,72.38,72.38,0.0,0.00,15.00
20251111,72.58,72.58,72.50,72.50,750.0,54435.00,15.00
20251112,72.58,72.58,72.58,72.58,50.0,3629.00,15.00
20251113,72.72,73.00,72.54,73.00,800.0,58167.00,15.00
20251114,72.40,72.40,71.56,71.56,400.0,28899.00,15.00
20251117,71.54,71.54,71.16,71.16,400.0,28559.00,15.00
20251118,70.76,70.76,69.94,69.94,300.0,21105.00,15.00
20251119,69.88,69.88,69.88,69.88,0.0,0.00,15.00
20251120,69.88,69.88,69.44,69.44,200.0,13910.00,15.00
20251121,68.08,68.08,67.40,67.40,450.0,30432.00,15.00
20251124,68.78,68.78,68.78,68.78,350.0,24073.00,15.00
20251125,69.38,69.38,69.38,69.38,0.0,0.00,15.00
20251126,69.52,69.52,69.52,69.52,0.0,0.00,15.00
20251127,69.52,69.52,69.52,69.52,0.0,0.00,15.00
20251128,69.64,69.64,69.64,69.64,4400.0,306416.00,15.00
20251201,69.86,70.04,69.86,69.90,4050.0,283538.00,15.00
20251202,70.52,70.64,70.06,70.06,4850.0,342105.00,15.00
20251203,69.14,69.14,69.14,69.14,0.0,0.00,15.00
20251204,69.18,69.18,69.18,69.18,0.0,0.00,15.00
20251205,69.34,69.58,69.34,69.58,3000.0,208020.00,15.00
20251208,69.58,69.58,69.58,69.58,0.0,0.00,15.00
20251209,68.84,68.84,68.64,68.64,50.0,3442.00,15.00
20251210,68.40,68.68,68.40,68.68,50.0,3420.00,15.00
20251211,68.76,68.76,68.40,68.40,500.0,34273.00,15.00
20251212,69.34,69.34,69.34,69.34,0.0,0.00,15.00
20251215,69.10,69.10,68.82,68.82,150.0,10365.00,15.00
20251216,67.72,67.72,67.56,67.56,350.0,23674.00,15.00
20251217,68.20,68.20,68.20,68.20,0.0,0.00,15.00
20251218,67.82,68.06,67.82,68.06,200.0,13576.00,15.00
20251219,68.74,68.74,68.74,68.74,0.0,0.00,15.00
20251222,69.74,69.74,69.00,69.02,550.0,38098.00,15.00
20251223,69.12,69.12,68.98,68.98,20000.0,1380794.00,15.00
20251224,68.98,68.98,68.98,68.98,0.0,0.00,15.00
20251229,69.70,69.70,68.78,68.78,200.0,13900.00,15.00
20251230,68.78,68.78,68.78,68.78,0.0,0.00,15.00
20251231,68.32,68.32,68.32,68.32,0.0,0.00,15.00
20260102,69.00,70.10,69.00,70.10,500.0,34500.00,15.00
20260105,70.50,70.92,70.50,70.92,200.0,14159.00,15.00
20260106,72.00,72.42,72.00,72.20,400.0,28835.00,15.00
20260107,71.78,71.78,71.78,71.78,0.0,0.00,15.00
20260108,71.00,71.00,71.00,71.00,0.0,0.00,15.00
20260109,71.00,71.06,71.00,71.06,726.0,51444.00,15.00
20260112,72.16,72.50,72.16,72.50,600.0,43296.00,15.00
20260113,73.98,73.98,72.98,72.98,6250.0,457943.00,15.00
20260114,73.46,73.46,73.22,73.22,1000.0,73460.00,15.00
20260115,72.40,72.40,72.10,72.10,1400.0,101150.00,15.00
20260116,72.62,72.62,71.66,71.66,100.0,7218.00,15.00
20260119,70.78,71.08,70.78,71.08,150.0,10647.00,15.00
20260120,70.98,70.98,70.56,70.64,2050.0,144840.00,15.00
20260121,70.78,70.78,70.78,70.78,0.0,0.00,15.00
20260122,70.78,70.78,70.78,70.78,0.0,0.00,15.00
20260123,71.26,71.26,71.26,71.26,1000.0,71260.00,15.00
20260126,71.12,71.12,71.12,71.12,0.0,0.00,15.00
20260127,71.40,71.48,71.40,71.48,200.0,14280.00,15.00
20260128,72.08,72.66,72.08,72.58,1350.0,97946.00,15.00
20260129,72.84,72.84,72.84,72.84,0.0,0.00,15.00
20260130,72.20,72.20,71.94,71.94,100.0,7220.00,15.00
20260202,69.86,69.86,69.86,69.86,50.0,3493.00,15.00
20260203,69.86,70.42,69.76,69.96,3300.0,231134.00,15.00
20260204,69.76,70.12,68.02,70.12,119200.0,8289789.00,15.00
20260205,70.00,70.00,70.00,70.00,50.0,3500.00,15.00
20260206,69.16,69.34,69.00,69.00,2300.0,159433.00,15.00
20260209,70.14,70.30,70.10,70.20,4050.0,284382.00,15.00
20260210,70.84,70.84,70.70,70.70,1700.0,120428.00,15.00
20260211,70.70,70.70,70.70,70.70,0.0,0.00,15.00
20260212,69.70,69.78,69.70,69.78,100.0,6974.00,15.00
20260213,68.54,68.66,68.54,68.66,1950.0,133881.00,15.00
20260216,68.26,68.92,68.26,68.92,6000.0,409620.00,15.00
20260220,68.30,68.30,68.26,68.26,200.0,13660.00,15.00
20260223,69.22,69.92,69.22,69.88,1250.0,86875.00,15.00
20260224,68.70,68.70,68.26,68.26,100.0,6848.00,15.00
20260225,68.50,68.50,68.48,68.50,6100.0,417808.00,15.00
20260226,68.16,68.16,67.12,67.12,1150.0,77607.00,15.00
20260227,67.18,67.38,67.10,67.38,8130.0,546246.00,15.00
20260302,65.88,65.88,65.88,65.88,0.0,0.00,15.00
20260303,65.96,65.96,64.72,64.72,250.0,16418.00,15.00
20260304,63.22,63.32,62.82,63.32,2650.0,166567.00,15.00
20260305,64.28,64.48,63.30,63.56,16000.0,1025266.00,15.00
20260306,65.18,65.18,65.18,65.18,2500.0,162950.00,15.00
20260309,64.56,64.56,63.22,64.16,850.0,53804.00,15.00
20260310,65.96,65.96,65.96,65.96,0.0,0.00,15.00
20260311,65.96,65.96,65.96,65.96,0.0,0.00,15.00
20260312,65.64,65.64,65.64,65.64,0.0,0.00,15.00
20260313,65.20,65.20,65.02,65.02,100.0,6520.00,15.00
20260316,65.84,65.84,65.84,65.84,0.0,0.00,15.00
20260317,65.98,65.98,65.98,65.98,0.0,0.00,15.00
20260318,66.28,66.64,66.28,66.56,4000.0,266488.00,15.00
20260319,65.08,65.08,64.48,64.48,3500.0,226004.00,15.00
20260320,64.46,64.46,63.82,63.82,5650.0,360615.00,15.00
20260323,61.90,61.90,61.26,61.42,8700.0,534702.00,15.00
20260324,63.20,63.24,63.20,63.24,3800.0,240160.00,15.00
20260325,64.06,64.40,63.56,64.08,12200.0,781000.00,15.00
20260326,63.58,63.58,62.64,62.64,9550.0,603441.00,15.00
20260327,62.98,63.32,62.98,63.14,3900.0,246914.00,15.00
20260330,61.76,62.18,61.76,62.18,100.0,6176.00,15.00
20260331,62.10,62.10,62.04,62.04,3850.0,238857.00,15.00
20260401,63.36,63.70,63.36,63.70,1438.0,91117.00,15.00
20260402,63.50,63.50,63.50,63.50,0.0,0.00,15.00
