date,rolling_60d_turnover_hkd
2018-01-02,
2018-01-03,
2018-01-04,
2018-01-05,
2018-01-08,
2018-01-09,
2018-01-10,
2018-01-11,
2018-01-12,
2018-01-15,
2018-01-16,
2018-01-17,
2018-01-18,
2018-01-19,
2018-01-22,
2018-01-23,
2018-01-24,
2018-01-25,
2018-01-26,
2018-01-29,0.0
2018-01-30,0.0
2018-01-31,0.0
2018-02-01,0.0
2018-02-02,0.0
2018-02-05,0.0
2018-02-06,0.0
2018-02-07,0.0
2018-02-08,0.0
2018-02-09,0.0
2018-02-12,0.0
2018-02-13,0.0
2018-02-14,23849.446089602126
2018-02-15,24274.828902314104
2018-02-20,23882.686046473085
2018-02-21,23938.239329799024
2018-02-22,25957.11883129584
2018-02-23,29173.4370221973
2018-02-26,29244.635277369034
2018-02-27,29970.440454831227
2018-02-28,30663.948393781437
2018-03-01,30732.084467788183
2018-03-02,31195.893811718994
2018-03-05,31328.19774143787
2018-03-06,31090.374583048804
2018-03-07,31925.474547202455
2018-03-08,31670.771747829833
2018-03-09,54360.141193571195
2018-03-12,60274.49865136208
2018-03-13,61693.74831661275
2018-03-14,60551.54777323173
2018-03-15,59495.02071449575
2018-03-16,59682.52537582786
2018-03-19,58792.447541568
2018-03-20,58032.6864452367
2018-03-21,57619.364355908816
2018-03-22,56919.77598731534
2018-03-23,56234.97808135185
2018-03-26,55490.44732299781
2018-03-27,54778.81968719053
2018-03-28,54006.16516829251
2018-03-29,54213.14504636869
2018-04-03,66346.20558528596
2018-04-04,67970.39256751726
2018-04-06,67970.39256751726
2018-04-09,70882.11133856986
2018-04-10,70913.40020896148
2018-04-11,70913.40020896148
2018-04-12,71131.60055643371
2018-04-13,73639.98672507856
2018-04-16,75269.915161595
2018-04-17,75477.37783974661
2018-04-18,75841.94651645361
2018-04-19,76135.20887569475
2018-04-20,76397.0017628506
2018-04-23,76663.46470923309
2018-04-24,77156.83294212958
2018-04-25,87450.29032032723
2018-04-26,87639.33511628378
2018-04-27,87958.60172514031
2018-04-30,90021.6606956501
2018-05-02,90290.95985359968
2018-05-03,92143.54891792289
2018-05-04,92506.47415994099
2018-05-07,93025.03231172575
2018-05-08,93128.7174291246
2018-05-09,93347.65032537591
2018-05-10,93652.27589608189
2018-05-11,93980.20131682536
2018-05-14,94164.99489841308
2018-05-15,94301.79641642101
2018-05-16,94471.82610613041
2018-05-17,93813.0457840372
2018-05-18,97584.75290849074
2018-05-21,100605.28712648412
2018-05-23,100722.46272916156
2018-05-24,99875.20592822328
2018-05-25,98137.29365786715
2018-05-28,99436.45227855114
2018-05-29,99705.14962633389
2018-05-30,100039.62823200318
2018-05-31,100020.9119976512
2018-06-01,99394.7161701303
2018-06-04,99653.25227531952
2018-06-05,100429.46492381422
2018-06-06,99810.31798079968
2018-06-07,99790.99110468286
2018-06-08,96319.76460974071
2018-06-11,91125.18479481709
2018-06-12,89264.20965879194
2018-06-13,89411.48190713172
2018-06-14,89378.08349028896
2018-06-15,88701.26639963702
2018-06-19,91768.36806354857
2018-06-20,93339.36581144221
2018-06-21,93004.86980626725
2018-06-22,92786.73711691289
2018-06-25,93113.59730429822
2018-06-26,94300.62110648183
2018-06-27,96355.01247762004
2018-06-28,97075.32223962454
2018-06-29,98339.71607127418
2018-07-03,100695.91453535484
2018-07-04,101265.89154734906
2018-07-05,101684.93593483703
2018-07-06,98951.50625203711
2018-07-09,99366.65190532716
2018-07-10,99538.01535060046
2018-07-11,99606.81726803033
2018-07-12,97343.10128103403
2018-07-13,95974.66032239863
2018-07-16,95904.2610835603
2018-07-17,95715.68604016076
2018-07-18,95654.17864884241
2018-07-19,95833.4148333256
2018-07-20,96279.40811374338
2018-07-23,96142.86328761144
2018-07-24,100101.800371332
2018-07-25,100361.39702684594
2018-07-26,100383.33733605212
2018-07-27,98579.55963727656
2018-07-30,98511.49508188051
2018-07-31,97027.10883420978
2018-08-01,96800.26836709
2018-08-02,96609.35537045958
2018-08-03,96766.2852010745
2018-08-06,97990.09537616036
2018-08-07,99123.79131502197
2018-08-08,99535.24855746994
2018-08-09,99513.81366671568
2018-08-10,99773.22077719253
2018-08-13,100014.50387114544
2018-08-14,106154.15890564006
2018-08-15,102926.44158892361
2018-08-16,100252.66825189948
2018-08-17,100366.14573683396
2018-08-20,100316.87167964509
2018-08-21,101962.16566339607
2018-08-22,100721.03462093578
2018-08-23,99694.50026854684
2018-08-24,98798.68900641956
2018-08-27,98580.13565976775
2018-08-28,98814.76848297553
2018-08-29,98266.94442587718
2018-08-30,97744.81204099773
2018-08-31,97566.47977750913
2018-09-03,97911.06088891714
2018-09-04,94952.29165546542
2018-09-05,97869.44311814717
2018-09-06,98494.51878972206
2018-09-07,99098.28311927854
2018-09-10,99811.80559967061
2018-09-11,99715.56980298247
2018-09-12,96807.61711993966
2018-09-13,95926.09221334041
2018-09-14,96204.78290384362
2018-09-17,96715.76950728362
2018-09-18,96509.6484696693
2018-09-19,95673.4906654011
2018-09-20,93559.9265649032
2018-09-21,93224.756806725
2018-09-24,92421.3490384387
2018-09-26,83583.52478466711
2018-09-27,82093.05273084814
2018-09-28,82062.62739751597
2018-10-02,82185.85306661711
2018-10-03,81983.14102327342
2018-10-04,82321.76949327353
2018-10-05,82320.61502841115
2018-10-08,82572.26395522943
2018-10-09,82677.55434717187
2018-10-10,82822.7766190756
2018-10-11,83105.45519055956
2018-10-12,83473.78799797288
2018-10-15,83377.20796252538
2018-10-16,82847.97702980106
2018-10-18,83002.69721464129
2018-10-19,73618.61823626871
2018-10-22,74279.2961090864
2018-10-23,74271.4491887425
2018-10-24,74320.92298225117
2018-10-25,74515.5862071748
2018-10-26,74447.22880444626
2018-10-29,74617.59494419862
2018-10-30,74626.32919679915
2018-10-31,74659.35673612755
2018-11-01,73676.51372122394
2018-11-02,72768.25366422815
2018-11-05,72566.75498019312
2018-11-06,73144.2232074185
2018-11-07,73276.87628848632
2018-11-08,73046.57738346884
2018-11-09,70675.56571819096
2018-11-12,71069.12134893265
2018-11-13,71894.03272130253
2018-11-14,71551.94415578323
2018-11-15,71210.82553427423
2018-11-16,69312.8902990312
2018-11-19,69263.31235819553
2018-11-20,69295.10986759192
2018-11-21,69085.18348788314
2018-11-22,69047.09518370147
2018-11-23,68953.8516410972
2018-11-26,68971.60264851556
2018-11-27,68777.7206593515
2018-11-28,68979.63437150794
2018-11-29,68923.58004139499
2018-11-30,69901.06013821179
2018-12-03,70404.00983754967
2018-12-04,69886.99744775
2018-12-05,69603.28717375212
2018-12-06,69023.3073592419
2018-12-07,68791.72757161874
2018-12-08,68424.1052547491
2018-12-10,67683.54242033775
2018-12-11,67476.94735137952
2018-12-12,67340.58247993773
2018-12-13,67500.70289101028
2018-12-14,67219.98306889198
2018-12-17,67098.13553332648
2018-12-18,66959.48884730585
2018-12-19,66388.01999790929
2018-12-20,84146.7741679312
2018-12-21,86211.8366249965
2018-12-24,85974.20697550409
2018-12-27,86115.02509481688
2018-12-28,86346.24412014503
2018-12-31,85988.15298800988
2019-01-02,85862.07699781733
2019-01-03,86103.54995847559
2019-01-04,86319.15421389666
2019-01-07,87086.4677937089
2019-01-08,87110.06318778316
2019-01-09,86949.72125972103
2019-01-10,86896.43374288191
2019-01-11,87307.3598959458
2019-01-14,87177.51763178015
2019-01-15,101803.51120669741
2019-01-16,106072.32254862576
2019-01-17,108348.63662691056
2019-01-18,108430.05448423483
2019-01-21,108445.15737865068
2019-01-22,108344.42662164899
2019-01-23,108366.15871939175
2019-01-24,108643.03688745035
2019-01-25,108831.88159248304
2019-01-28,108900.55013354137
2019-01-29,108959.90819518449
2019-01-30,108766.9932472476
2019-01-31,108596.43446199498
2019-02-01,108378.08526762945
2019-02-04,108637.61616061679
2019-02-08,95161.36226756038
2019-02-11,106267.38619889697
2019-02-12,110259.97748544268
2019-02-13,110034.27185346065
2019-02-14,110466.31599305123
2019-02-15,110484.18251974082
2019-02-18,110073.63912169375
2019-02-19,110911.18017154407
2019-02-20,111128.33150499912
2019-02-21,111204.90973197186
2019-02-22,111531.6271464821
2019-02-25,111514.24568829841
2019-02-26,111907.21299251643
2019-02-27,111632.29633892997
2019-02-28,111499.1950506606
2019-03-01,125684.21464907056
2019-03-04,123950.26409696529
2019-03-05,124316.2838435968
2019-03-06,124864.90815562061
2019-03-07,125980.69801827428
2019-03-08,126485.27032547371
2019-03-11,126918.07966296839
2019-03-12,127193.29568560595
2019-03-13,127390.05291757555
2019-03-14,127316.31167946786
2019-03-15,127489.90925283002
2019-03-18,128163.69936892792
2019-03-19,129181.55598163109
2019-03-20,129177.16708822193
2019-03-21,129597.81682479553
2019-03-22,119542.07151693145
2019-03-25,119997.50375123213
2019-03-26,120795.56717538177
2019-03-27,121125.10555577374
2019-03-28,121046.42075864326
2019-03-29,122320.70339787984
2019-04-01,122827.39955720468
2019-04-02,123036.75477566892
2019-04-03,123069.14738754186
2019-04-04,122400.60620856867
2019-04-08,123333.25480895239
2019-04-09,123833.96733330883
2019-04-10,124103.00523263834
2019-04-11,124607.30022984746
2019-04-12,124723.49336029148
2019-04-15,131481.8750610142
2019-04-16,135952.639061915
2019-04-17,136654.0237349097
2019-04-18,136760.00287642487
2019-04-23,137437.06594119107
2019-04-24,138301.3618103979
2019-04-25,140463.45320564875
2019-04-26,140486.73394938765
2019-04-29,140488.77712732708
2019-04-30,140287.65134188015
2019-05-02,140007.40203081866
2019-05-03,140031.37881976052
2019-05-06,140030.71183990367
2019-05-07,139933.2377984446
2019-05-08,139816.07789282323
2019-05-09,146053.9925983665
2019-05-10,135405.8629766212
2019-05-14,130059.2332400077
2019-05-15,130424.62883780923
2019-05-16,129681.30454517945
2019-05-17,130613.03650540144
2019-05-20,131873.56248590827
2019-05-21,131954.72311959532
2019-05-22,131758.77383736955
2019-05-23,131998.5508213431
2019-05-24,131783.458162832
2019-05-27,131498.62201939148
2019-05-28,131370.80284409082
2019-05-29,131784.731802809
2019-05-30,131538.1035167372
2019-05-31,116912.41817941464
2019-06-03,115070.56576399785
2019-06-04,122690.92223709103
2019-06-05,123056.73123028975
2019-06-06,121844.83111562078
2019-06-10,121239.8146948402
2019-06-11,121228.92645189656
2019-06-12,120728.380496077
2019-06-13,120389.44116963753
2019-06-14,120112.22740650925
2019-06-17,120505.46361074803
2019-06-18,119920.61289868239
2019-06-19,119410.32883326709
2019-06-20,121272.09188178035
2019-06-21,121816.2797813782
2019-06-24,128667.16374062009
2019-06-25,128766.12399374704
2019-06-26,128848.71047376572
2019-06-27,128505.98171384331
2019-06-28,128613.46296040218
2019-07-02,127856.95461044334
2019-07-03,128653.86473609046
2019-07-04,128143.32811321685
2019-07-05,127750.88049925878
2019-07-08,127779.96826683184
2019-07-09,128256.98920214483
2019-07-10,127600.84098280048
2019-07-11,127281.8345146517
2019-07-12,128165.72609313599
2019-07-15,128114.20359466385
2019-07-16,119875.71761393583
2019-07-17,111945.29895608239
2019-07-18,110464.42919248383
2019-07-19,111602.96785700714
2019-07-22,113670.97811352926
2019-07-23,114121.81736039909
2019-07-24,112670.70353526245
2019-07-25,112321.39558916543
2019-07-26,113333.9362151304
2019-07-29,114507.29246948681
2019-07-30,114531.30766387371
2019-07-31,114630.07578458384
2019-08-01,114641.27141731052
2019-08-02,114821.2911646537
2019-08-05,114719.9596167595
2019-08-06,119144.36769759102
2019-08-07,117670.13288064624
2019-08-08,117715.13296654451
2019-08-09,120024.41133247697
2019-08-12,120033.23152297158
2019-08-13,118889.6783496424
2019-08-14,118155.29494051595
2019-08-15,118532.14088537592
2019-08-16,118633.27299953542
2019-08-19,118811.03380460899
2019-08-20,118680.6145071389
2019-08-21,118948.5231641258
2019-08-22,118532.9393944506
2019-08-23,118179.37428439726
2019-08-26,118741.59755030577
2019-08-27,118905.96088036736
2019-08-28,120815.67209303463
2019-08-29,114505.87664867738
2019-08-30,113524.38421280445
2019-09-02,113663.1721942849
2019-09-03,113689.28549029955
2019-09-04,113397.96964012396
2019-09-05,113790.69111685376
2019-09-06,114137.82499188634
2019-09-09,114238.53766033234
2019-09-10,113595.37880501253
2019-09-11,113622.98500260181
2019-09-12,113357.72333260573
2019-09-13,111356.99134518967
2019-09-16,110684.78607303902
2019-09-17,110600.8082551063
2019-09-18,107472.98716362876
2019-09-19,106472.85160510174
2019-09-20,110513.04591530043
2019-09-23,110380.62610589377
2019-09-24,110056.16669365941
2019-09-25,109040.85200916688
2019-09-26,109163.36549980263
2019-09-27,109130.62963718388
2019-09-30,109257.84287259556
2019-10-02,107810.6109960895
2019-10-03,107870.76539054517
2019-10-04,107878.73080083674
2019-10-08,106237.94752664994
2019-10-09,106022.68162355245
2019-10-10,94042.82874487349
2019-10-11,92563.93657722612
2019-10-14,91151.99141758741
2019-10-15,89733.06634931362
2019-10-16,86831.42645304785
2019-10-17,85554.8491723682
2019-10-18,84855.2802087461
2019-10-21,84930.32070647264
2019-10-22,83787.99356010543
2019-10-23,82580.79499308756
2019-10-24,82473.89777586122
2019-10-25,82312.82646716155
2019-10-28,81882.2096061467
2019-10-29,81697.75326459466
2019-10-30,81869.26966851071
2019-10-31,80087.39673277945
2019-11-01,80905.69222921379
2019-11-04,82505.81020719874
2019-11-05,80093.65862414302
2019-11-06,80599.77378029961
2019-11-07,80933.0198901129
2019-11-08,81114.44491902832
2019-11-11,80045.02926835013
2019-11-12,81571.80912307989
2019-11-13,82622.42168233213
2019-11-14,84106.82767874122
2019-11-15,84192.55902075046
2019-11-18,84510.95567195845
2019-11-19,84389.55355750043
2019-11-20,85401.1007354395
2019-11-21,86968.90504025902
2019-11-22,90518.22695175339
2019-11-25,90087.34024161725
2019-11-26,90053.54771384584
2019-11-27,90446.8514542175
2019-11-28,90535.64402240113
2019-11-29,90809.0347605828
2019-12-02,90624.92043147668
2019-12-03,90698.91631526529
2019-12-04,90917.03324045103
2019-12-05,90802.60198619151
2019-12-06,90818.52999415161
2019-12-09,90882.96974297446
2019-12-10,91114.2029581972
2019-12-11,91366.98436604772
2019-12-12,86279.74734165416
2019-12-13,90930.36102944848
2019-12-16,92591.72779963429
2019-12-17,88457.66147870262
2019-12-18,88578.36238886768
2019-12-19,88458.47380077215
2019-12-20,88354.16364837204
2019-12-23,88323.70656576892
2019-12-24,88242.36094422403
2019-12-27,88077.41680994869
2019-12-30,88930.07271235317
2019-12-31,89019.198760121
2020-01-02,88934.9837692518
2020-01-03,89108.66714557153
2020-01-06,89324.08892682305
2020-01-07,99601.81992220794
2020-01-08,100072.68460869679
2020-01-09,100105.75158863702
2020-01-10,100140.58074276368
2020-01-13,100054.65525630918
2020-01-14,100110.32700790439
2020-01-15,100005.1103460277
2020-01-16,99642.83947484572
2020-01-17,99288.09562493369
2020-01-20,99613.1032930682
2020-01-21,99908.14972221904
2020-01-22,99601.50709004719
2020-01-23,99547.16082229998
2020-01-24,99338.55894278083
2020-01-29,98944.98922074819
2020-01-30,102705.17161456766
2020-01-31,103370.41308559167
2020-02-03,101971.93989206917
2020-02-04,101947.75579049479
2020-02-05,102240.99811202522
2020-02-06,101977.15162206977
2020-02-07,101140.36160378765
2020-02-10,100681.08516797172
2020-02-11,98841.3842171393
2020-02-12,97014.38806991836
2020-02-13,95196.71521334955
2020-02-14,94802.08038064122
2020-02-17,94226.1881162012
2020-02-18,94094.7045840506
2020-02-19,92507.42787463618
2020-02-20,93060.28421588449
2020-02-21,89880.40497031283
2020-02-24,88454.97659846317
2020-02-25,89912.52954385657
2020-02-26,89421.91802622778
2020-02-27,89452.51304144535
2020-02-28,89666.12251876062
2020-03-02,89437.84615844126
2020-03-03,89188.24299120117
2020-03-04,88756.50576091702
2020-03-05,88368.29760959525
2020-03-06,87948.14125593619
2020-03-09,87597.33728124063
2020-03-10,87122.64277130233
2020-03-11,86480.73190738804
2020-03-12,91058.57688791728
2020-03-13,87208.36177658047
2020-03-16,85515.49125608997
2020-03-17,85180.2207696868
2020-03-18,84869.8501822702
2020-03-19,84644.52311018409
2020-03-20,84505.93906906193
2020-03-23,83977.2719963136
2020-03-24,83957.1517088879
2020-03-25,83584.73672812246
2020-03-26,82511.82926517485
2020-03-27,82605.25928702313
2020-03-30,83299.48565664499
2020-03-31,83570.24120492558
2020-04-01,83372.49912031223
2020-04-02,83891.24248668758
2020-04-03,85271.07227264937
2020-04-06,85773.706571718
2020-04-07,87611.72001037633
2020-04-08,88625.5604325863
2020-04-09,88332.21618867181
2020-04-14,88740.44765671912
2020-04-15,89839.92415834252
2020-04-16,90076.77132301054
2020-04-17,89589.40962316144
2020-04-20,89299.56524449564
2020-04-21,89380.72084447076
2020-04-22,89380.33963589992
2020-04-23,89486.90847210183
2020-04-24,90301.97741676847
2020-04-27,100167.09403663607
2020-04-28,105290.36278564703
2020-04-29,108551.40573893601
2020-05-04,109580.45120158957
2020-05-05,109306.35553222593
2020-05-06,111927.61575379019
2020-05-07,112714.95669400717
2020-05-08,113302.52277970749
2020-05-11,116803.1885081764
2020-05-12,117374.73440449101
2020-05-13,117992.812447277
2020-05-14,118358.58863149249
2020-05-15,119001.03431559689
2020-05-18,119414.77631878208
2020-05-19,119520.554307394
2020-05-20,111193.80864023547
2020-05-21,111443.76300767237
2020-05-22,118855.22946539431
2020-05-25,117522.93765450703
2020-05-26,118646.11043973868
2020-05-27,119990.0377921076
2020-05-28,120262.872052478
2020-05-29,121020.8732759872
2020-06-01,122075.05051332527
2020-06-02,122444.56245098232
2020-06-03,122956.33894684029
2020-06-04,123357.75445779454
2020-06-05,123966.72560022585
2020-06-08,124762.06249512332
2020-06-09,125488.76766051161
2020-06-10,130015.39712750768
2020-06-11,133090.90877101567
2020-06-12,138400.8685711633
2020-06-15,141062.09268978608
2020-06-16,142375.7334922632
2020-06-17,143735.57728374252
2020-06-18,144697.5117822903
2020-06-19,145432.88483045052
2020-06-22,146028.93970345365
2020-06-23,146633.0581304507
2020-06-24,146758.16048915216
2020-06-26,146699.45627695447
2020-06-29,146418.81343333068
2020-06-30,146159.9128723917
2020-07-02,146149.02347798127
2020-07-03,151091.38811835035
2020-07-06,151429.86076379853
2020-07-07,154621.87145279296
2020-07-08,156449.86242462898
2020-07-09,157135.42885929617
2020-07-10,158485.18052785817
2020-07-13,159128.67774068235
2020-07-14,158940.38748538264
2020-07-15,159268.1926104204
2020-07-16,159852.7861871212
2020-07-17,160508.2556914954
2020-07-20,161085.0353483275
2020-07-21,161448.7327688858
2020-07-22,163810.67034252264
2020-07-23,164000.33329951178
2020-07-24,180331.9521770485
2020-07-27,175698.1637920687
2020-07-28,172543.88081229388
2020-07-29,171677.56788653118
2020-07-30,173655.85832857466
2020-07-31,173344.91426580213
2020-08-03,172971.82017693075
2020-08-04,173101.55807898156
2020-08-05,172232.51121697432
2020-08-06,173803.34183676483
2020-08-07,174157.45566220878
2020-08-10,176446.47335824717
2020-08-11,176559.23390229122
2020-08-12,178691.7715700974
2020-08-13,179509.83895508252
2020-08-14,209407.21109554204
2020-08-17,208845.4560428433
2020-08-18,201866.42344943943
2020-08-19,202508.54192821792
2020-08-20,201694.98846703384
2020-08-21,200699.43583342253
2020-08-24,200612.0303265793
2020-08-25,200169.59120441086
2020-08-26,199390.32425734366
2020-08-27,199787.0833794928
2020-08-28,200051.08975882133
2020-08-31,201864.50710019018
2020-09-01,201406.9263266875
2020-09-02,201126.45334587526
2020-09-03,201045.65119495563
2020-09-04,212308.55318983633
2020-09-07,209603.86111597012
2020-09-08,204848.46786692058
2020-09-09,205591.51479592995
2020-09-10,204777.3125010514
2020-09-11,205050.96042639756
2020-09-14,205105.87352639216
2020-09-15,205115.61321456236
2020-09-16,204496.1873547149
2020-09-17,204289.83921715803
2020-09-18,205257.00510850587
2020-09-21,206419.08577752518
2020-09-22,207118.12772869592
2020-09-23,207032.08533608456
2020-09-24,207543.73385360694
2020-09-25,201065.02631209895
2020-09-28,199516.97959556582
2020-09-29,195591.71618144316
2020-09-30,192101.51234970614
2020-10-05,193061.83497694347
2020-10-06,193255.747613228
2020-10-07,192726.19527839136
2020-10-08,192872.7684289209
2020-10-09,192930.45596638284
2020-10-12,192798.76770182082
2020-10-13,191911.80796664758
2020-10-14,194677.53993656626
2020-10-15,195294.96247938968
2020-10-16,195064.40492567772
2020-10-19,194692.7312168219
2020-10-20,168859.86978372865
2020-10-21,168424.90902601308
2020-10-22,170777.40668213821
2020-10-23,170744.13772449104
2020-10-27,168279.24470861474
2020-10-28,165668.02227332006
2020-10-29,165253.77542197445
2020-10-30,164536.47143422332
2020-11-02,161904.85256776164
2020-11-03,159762.47605165656
2020-11-04,158790.2841834266
2020-11-05,156135.4903031727
2020-11-06,155380.28407502428
2020-11-09,152752.51046707717
2020-11-10,151615.88193194213
2020-11-11,115352.22725804025
2020-11-12,113097.66736567924
2020-11-13,112434.25079141869
2020-11-16,111224.00118019819
2020-11-17,110757.72319194188
2020-11-18,110214.8366639167
2020-11-19,109411.8024505171
2020-11-20,109096.24034917637
2020-11-23,108466.05308655412
2020-11-24,107699.78202674797
2020-11-25,106923.99915156145
2020-11-26,104709.16629923838
2020-11-27,104557.77593030974
2020-11-30,104042.91201622452
2020-12-01,103397.00900175584
2020-12-02,84353.97261675638
2020-12-03,85020.87054916284
2020-12-04,84536.04766866448
2020-12-07,81625.10324639072
2020-12-08,81306.69004918177
2020-12-09,83105.93820475422
2020-12-10,82327.14925711675
2020-12-11,82452.3354834711
2020-12-14,83128.68722292106
2020-12-15,83447.25517212141
2020-12-16,82192.7325598195
2020-12-17,80870.25179248721
2020-12-18,80203.8303825343
2020-12-21,80347.84265653323
2020-12-22,79807.82044856291
2020-12-23,73950.71387212811
2020-12-24,73333.16730583351
2020-12-28,74149.81110182194
2020-12-29,74397.0478007247
2020-12-30,71635.55727119105
2020-12-31,70109.63809226756
2021-01-04,69484.83014845874
2021-01-05,70278.83021180866
2021-01-06,73012.7663649156
2021-01-07,74861.21022878228
2021-01-08,75981.90666365747
2021-01-11,74490.09297433376
2021-01-12,73927.11003547008
2021-01-13,73548.1649246407
2021-01-14,73364.11595648015
2021-01-15,86891.41395722824
2021-01-18,85145.1666881681
2021-01-19,82927.70548126177
2021-01-20,82541.25660880822
2021-01-21,84023.70354508422
2021-01-22,84023.70354508422
2021-01-25,84023.70354508422
2021-01-26,85791.35100052177
2021-01-27,86478.60163006884
2021-01-28,86478.60163006884
2021-01-29,86478.60163006884
2021-02-01,86478.60163006884
2021-02-02,86478.60163006884
2021-02-03,86478.60163006884
2021-02-04,88840.32624883237
2021-02-05,110930.95576206507
2021-02-08,116442.5769720919
2021-02-09,126864.73642201333
2021-02-10,128917.72580086044
2021-02-11,130829.2890819114
2021-02-16,132996.78654912056
2021-02-17,134710.2351558949
2021-02-18,137254.86483440918
2021-02-19,138263.12826232548
2021-02-22,140763.68888666428
2021-02-23,141632.66021008734
2021-02-24,142097.74689965666
2021-02-25,143290.5413038764
2021-02-26,144578.47689737307
2021-03-01,145539.00028790283
2021-03-02,157199.47954044899
2021-03-03,159523.77625094962
2021-03-04,163864.0190633953
2021-03-05,166658.90305535105
2021-03-08,169044.1183850484
2021-03-09,168873.01593650508
2021-03-10,168794.53960673796
2021-03-11,170301.3386809359
2021-03-12,169811.88597898293
2021-03-15,170136.72396903287
2021-03-16,170742.59560665273
2021-03-17,170914.90151390035
2021-03-18,170585.1347538941
2021-03-19,170221.16275946196
2021-03-22,171155.6937593747
2021-03-23,182949.311777687
2021-03-24,184060.98518231575
2021-03-25,184367.6854920391
2021-03-26,187341.81945480572
2021-03-29,188242.61563220626
2021-03-30,188971.10676842835
2021-03-31,189805.9300943181
2021-04-01,189515.9918159963
2021-04-07,186941.92671181526
2021-04-08,187874.7855963974
2021-04-09,189311.20966666745
2021-04-12,188446.83548368668
2021-04-13,188741.80729766435
2021-04-14,187362.40821138993
2021-04-15,187615.19278779725
2021-04-16,160151.29118412253
2021-04-19,161915.45867615554
2021-04-20,176271.74215668748
2021-04-21,178125.6530026269
2021-04-22,178083.24484295695
2021-04-23,178675.2056212929
2021-04-26,181341.37734922933
2021-04-27,180804.51416545254
2021-04-28,182454.62394321046
2021-04-29,184194.88937088847
2021-04-30,186468.48152307136
2021-05-03,187870.80401799668
2021-05-04,188574.61473064253
2021-05-05,189404.2952359379
2021-05-06,189434.40188364094
2021-05-07,208740.47578382783
2021-05-10,207801.87896904693
2021-05-11,201060.704188624
2021-05-12,202859.46360730086
2021-05-13,202712.33538265186
2021-05-14,201580.13815537264
2021-05-17,201115.85287218206
2021-05-18,200497.47882392444
2021-05-20,203467.42067972219
2021-05-21,202553.00265520473
2021-05-24,203384.41767533455
2021-05-25,206154.16317939508
2021-05-26,208094.82007239325
2021-05-27,207110.19955897203
2021-05-28,207261.58472919316
2021-05-31,202722.16028402484
2021-06-01,204373.9998513135
2021-06-02,203019.30309008042
2021-06-03,204124.0271340587
2021-06-04,202940.18193921287
2021-06-07,205064.23673795446
2021-06-08,205953.341783293
2021-06-09,204479.19004058294
2021-06-10,205461.278655589
2021-06-11,207675.2147248573
2021-06-15,208098.1029058219
2021-06-16,211830.44157563619
2021-06-17,212208.11986230538
2021-06-18,214447.18988097872
2021-06-21,216905.05568443195
2021-06-22,247901.87717818838
2021-06-23,253929.26776124162
2021-06-24,256693.23309259256
2021-06-25,256247.4935738993
2021-06-28,255279.94978145693
2021-06-29,263572.2315278205
2021-06-30,265423.34688242374
2021-07-02,268458.405336264
2021-07-05,269498.80648293014
2021-07-06,267288.1040427996
2021-07-07,267321.93635904987
2021-07-08,267539.04361700057
2021-07-09,269988.99826481345
2021-07-12,271038.4291847716
2021-07-13,272750.26754467393
2021-07-14,329580.45939183346
2021-07-15,335612.636745185
2021-07-16,325392.92206676246
2021-07-19,327035.56763559184
2021-07-20,327909.8148603725
2021-07-21,328820.9126951121
2021-07-22,326836.3987748783
2021-07-23,326020.88028356584
2021-07-26,325587.58567501215
2021-07-27,326145.6211652419
2021-07-28,325447.9809505193
2021-07-29,326142.54890148545
2021-07-30,326700.92907466186
2021-08-02,326146.2016589951
2021-08-03,325503.03923944104
2021-08-04,307445.2500026148
2021-08-05,307939.51696528815
2021-08-06,304982.0830942377
2021-08-09,303186.26579212834
2021-08-10,304497.7169497093
2021-08-11,305318.9713790354
2021-08-12,306477.4627345443
2021-08-13,306750.9682843986
2021-08-16,303846.78507713106
2021-08-17,303693.8466630446
2021-08-18,303166.31633714575
2021-08-19,301727.29411326663
2021-08-20,300973.38209734607
2021-08-23,302236.5069325769
2021-08-24,306170.409069733
2021-08-25,325752.10678435327
2021-08-26,323935.7130708508
2021-08-27,323651.3302496169
2021-08-30,321696.9574542606
2021-08-31,322324.32158462255
2021-09-01,320112.9282666293
2021-09-02,321104.67139303155
2021-09-03,323726.0678927716
2021-09-06,326668.2898200784
2021-09-07,325307.999739629
2021-09-08,326153.9064730096
2021-09-09,324430.8332044719
2021-09-10,324926.4569697165
2021-09-13,325687.70154110057
2021-09-14,324837.1136211416
2021-09-15,333454.9255516372
2021-09-16,335502.9043466048
2021-09-17,332470.0036083217
2021-09-20,331744.694354335
2021-09-21,332193.67278072634
2021-09-23,328254.2497077814
2021-09-24,327966.1716044027
2021-09-27,327681.3719086168
2021-09-28,327364.25781301316
2021-09-29,329353.89459041867
2021-09-30,330890.34549918474
2021-10-04,332637.60927767155
2021-10-05,331556.01083318074
2021-10-06,332098.6788013811
2021-10-07,330757.12075749715
2021-10-08,313108.8820261912
2021-10-11,311001.77616268006
2021-10-12,318971.3701046342
2021-10-15,322321.9970680809
2021-10-18,327844.8891113933
2021-10-19,334921.26759948645
2021-10-20,336775.2886403902
2021-10-21,338621.8801494487
2021-10-22,337867.21375420905
2021-10-25,337607.7889528752
2021-10-26,336796.65884574695
2021-10-27,335572.3441643782
2021-10-28,334776.13335586333
2021-10-29,334951.1808344526
2021-11-01,333843.31771879335
2021-11-02,337139.90814966324
2021-11-03,337898.06136464543
2021-11-04,338395.26468376856
2021-11-05,338295.9599349802
2021-11-08,335675.45014431287
2021-11-09,336231.37798706425
2021-11-10,337630.33072437986
2021-11-11,337166.62095904135
2021-11-12,337387.02659654303
2021-11-15,341526.0497092277
2021-11-16,342001.7950631073
2021-11-17,340784.63031275343
2021-11-18,338686.96294889116
2021-11-19,338853.74038048956
2021-11-22,334078.03447028867
2021-11-23,343932.05328132183
2021-11-24,362115.0258748461
2021-11-25,369313.7365026063
2021-11-26,369759.99829051265
2021-11-29,370576.588598144
2021-11-30,372222.4328687868
2021-12-01,373141.6363928499
2021-12-02,370825.70945324417
2021-12-03,367523.9827699863
2021-12-06,368361.8701293378
2021-12-07,367263.93795358104
2021-12-08,365846.8857217586
2021-12-09,364874.43083954946
2021-12-10,362845.4975209538
2021-12-13,361248.28984678205
2021-12-14,367174.0095655703
2021-12-15,377273.74712626176
2021-12-16,380002.4219862774
2021-12-17,383099.3712938217
2021-12-20,384424.28232223715
2021-12-21,379962.1495385328
2021-12-22,377768.3443264588
2021-12-23,373989.2203056163
2021-12-24,373930.6657990077
2021-12-28,373703.688005287
2021-12-29,371463.65279940126
2021-12-30,371045.33917129546
2021-12-31,369761.645268492
2022-01-03,368316.89732079674
2022-01-04,369033.53001184977
2022-01-05,396351.0470987927
2022-01-06,410681.60482735414
2022-01-07,406361.7436469065
2022-01-10,411080.56955719535
2022-01-11,406962.1058410869
2022-01-12,402273.9399311548
2022-01-13,404035.9081557138
2022-01-14,404829.89052643144
2022-01-17,405831.0052873074
2022-01-18,405200.13945448806
2022-01-19,405582.3574264096
2022-01-20,405563.5955681634
2022-01-21,413549.5369997251
2022-01-24,414597.58354316617
2022-01-25,421049.8037452249
2022-01-26,417510.662022356
2022-01-27,427950.3201486787
2022-01-28,440888.8231035826
2022-01-31,441408.0026428976
2022-02-04,450524.464128702
2022-02-07,463214.7237173891
2022-02-08,464872.8567472296
2022-02-09,465703.319297552
2022-02-10,471702.07767232985
2022-02-11,467881.1102573232
2022-02-14,467587.0128531797
2022-02-15,473921.98449311027
2022-02-16,474961.29431728425
2022-02-17,479222.7909275368
2022-02-18,483114.1168554539
2022-02-21,472490.6645195302
2022-02-22,471968.0734832345
2022-02-23,477371.2855034538
2022-02-24,485613.355193178
2022-02-25,483800.24486858014
2022-02-28,483419.87691246986
2022-03-01,483178.7421309652
2022-03-02,484950.6996923874
2022-03-03,484757.1806397858
2022-03-04,485901.89310929127
2022-03-07,487705.73912260967
2022-03-08,488322.6080763971
2022-03-09,492451.07368608384
2022-03-10,492922.04882977053
2022-03-11,493456.1309680255
2022-03-14,462640.0163290526
2022-03-15,474496.76586541464
2022-03-16,477438.30689335085
2022-03-17,474236.32647524803
2022-03-18,475822.3938970818
2022-03-21,476967.8835625531
2022-03-22,478956.62884523976
2022-03-23,479949.000294093
2022-03-24,480380.0807879044
2022-03-25,481074.8103749784
2022-03-28,480442.7381197646
2022-03-29,479582.2723052799
2022-03-30,479789.9374171201
2022-03-31,483840.03463846433
2022-04-01,485233.03844168293
2022-04-04,488940.8665408891
2022-04-06,513812.64945227385
2022-04-07,510320.9100389302
2022-04-08,501843.95270057354
2022-04-11,503476.95524272695
2022-04-12,506039.4093313802
2022-04-13,504140.4882730089
2022-04-14,503976.90047146846
2022-04-19,507163.8053219032
2022-04-20,508281.1819974872
2022-04-21,509135.9815769719
2022-04-22,509734.0439677838
2022-04-25,502582.3728689349
2022-04-26,503100.80118187756
2022-04-27,496504.332733273
2022-04-28,495272.8726591143
2022-04-29,502419.1541556325
2022-05-03,502704.19539391267
2022-05-04,503636.9831196035
2022-05-05,507021.03483390773
2022-05-06,496351.42868942604
2022-05-10,492603.872161953
2022-05-11,494123.86979657016
2022-05-12,489903.01489288174
2022-05-13,488891.1546458061
2022-05-16,491989.5853987282
2022-05-17,487337.8503457892
2022-05-18,488442.9605070483
2022-05-19,484410.0534587219
2022-05-20,480985.8593144396
2022-05-23,506205.1608990632
2022-05-24,508966.04808554315
2022-05-25,506630.67745186173
2022-05-26,501921.5473893965
2022-05-27,502320.6058456248
2022-05-30,500710.27256229916
2022-05-31,507791.40130898444
2022-06-01,511181.1954673523
2022-06-02,513075.27371497476
2022-06-06,513242.21389726346
2022-06-07,515079.6052442931
2022-06-08,518008.71749621414
2022-06-09,515664.52563870174
2022-06-10,515308.26030451217
2022-06-13,514764.0322956442
2022-06-14,535074.1949242866
2022-06-15,513170.4280581399
2022-06-16,507135.06732434616
2022-06-17,505143.91946338996
2022-06-20,503025.30314464873
2022-06-21,502904.137111213
2022-06-22,502006.99325802125
2022-06-23,500994.0057110418
2022-06-24,499824.83109492314
2022-06-27,502556.00351044943
2022-06-28,509568.5193941254
2022-06-29,509940.0868902487
2022-06-30,517553.3869846303
2022-07-04,513919.440291824
2022-07-05,511539.4796262761
2022-07-06,487342.05174504186
2022-07-07,479402.09167003195
2022-07-08,482909.7367256045
2022-07-11,488083.31410042086
2022-07-12,485514.47102315666
2022-07-13,488659.7069131877
2022-07-14,491267.7504306303
2022-07-15,491269.9997650584
2022-07-18,489599.6589536947
2022-07-19,487800.31612072047
2022-07-20,488725.18330698885
2022-07-21,490586.6294000361
2022-07-22,492295.31828210095
2022-07-25,494305.69236438524
2022-07-26,494527.0721962295
2022-07-27,497695.8123195703
2022-07-28,493260.24567497097
2022-07-29,502590.1156810664
2022-08-01,508263.56166046654
2022-08-02,516314.4345743385
2022-08-03,513069.8455955877
2022-08-04,512455.6223299073
2022-08-05,508974.3130594126
2022-08-08,507030.50411219266
2022-08-09,507774.4550985646
2022-08-10,503981.4623837853
2022-08-11,502378.9863117333
2022-08-12,500349.21412438067
2022-08-15,499328.2800886373
2022-08-16,499686.8277278571
2022-08-17,466315.2564286511
2022-08-18,455960.11362499685
2022-08-19,452091.0704098124
2022-08-22,459644.76924309286
2022-08-23,464353.1736468849
2022-08-24,471046.17265426955
2022-08-25,463818.7704113676
2022-08-26,460746.1440842246
2022-08-29,459498.8518745353
2022-08-30,456233.7285466459
2022-08-31,452888.3997310936
2022-09-01,448549.2450430013
2022-09-02,447045.9154704031
2022-09-05,446674.139363393
2022-09-06,446290.41717252985
2022-09-07,437342.4968181726
2022-09-08,448587.96314727876
2022-09-09,457106.8109377854
2022-09-13,462997.1749616513
2022-09-14,466744.4069102326
2022-09-15,466405.858235714
2022-09-16,469908.6043754995
2022-09-19,471240.71932894236
2022-09-20,471415.08662565413
2022-09-21,466324.4714129696
2022-09-22,459388.2932405112
2022-09-23,458532.44465252414
2022-09-26,450207.16495460004
2022-09-27,450824.2201447548
2022-09-28,451246.4301390565
2022-09-29,420563.79085163807
2022-09-30,396894.8528493399
2022-10-03,390540.85102434584
2022-10-05,397319.40942639956
2022-10-06,399232.5690931585
2022-10-07,394534.214844594
2022-10-10,398576.61113951483
2022-10-11,396847.26515491644
2022-10-12,393464.1814191974
2022-10-13,393397.2899036659
2022-10-14,390549.6657171207
2022-10-17,387279.83764260175
2022-10-18,384580.4782450346
2022-10-19,381902.163436646
2022-10-20,382012.41823791905
2022-10-21,376913.3129612788
2022-10-24,376641.8339330256
2022-10-25,357099.9251615132
2022-10-26,349656.84841372404
2022-10-27,329916.60367376753
2022-10-28,328998.89283724246
2022-10-31,328650.9233959644
2022-11-01,328045.72106674704
2022-11-02,326917.1988289293
2022-11-03,326462.3207619749
2022-11-04,331424.9404842069
2022-11-07,332150.8538671489
2022-11-08,331754.33415163343
2022-11-09,331179.30212441325
2022-11-10,330389.2991896848
2022-11-11,334771.10486648977
2022-11-14,343494.9417411223
2022-11-15,340581.3055924115
2022-11-16,343207.685683099
2022-11-17,337576.19859214104
2022-11-18,340232.60362092376
2022-11-21,340665.63051801425
2022-11-22,343970.83506749175
2022-11-23,350151.38998680847
2022-11-24,358794.8829047087
2022-11-25,366257.64411439444
2022-11-28,371281.28816784266
2022-11-29,377247.2128002796
2022-11-30,385409.37506509013
2022-12-01,386637.4957238562
2022-12-02,417841.304030703
2022-12-05,419708.6650635166
2022-12-06,422885.83681627025
2022-12-07,422102.17688231566
2022-12-08,436245.5309125298
2022-12-09,446199.7675772114
2022-12-12,442616.32885393646
2022-12-13,443861.7773756111
2022-12-14,445553.18602275016
2022-12-15,445716.0092164995
2022-12-16,445868.7992807013
2022-12-19,446547.60056234075
2022-12-20,447881.8469897965
2022-12-21,448175.83786020946
2022-12-22,448160.4974155249
2022-12-23,441771.8108051105
2022-12-28,445576.3549237856
2022-12-29,455981.49821109226
2022-12-30,449681.97339778324
2023-01-03,458408.18657149153
2023-01-04,466188.68738846766
2023-01-05,463619.3752264802
2023-01-06,472620.390949866
2023-01-09,473294.3245604977
2023-01-10,473005.7035675791
2023-01-11,474627.81776930037
2023-01-12,475135.8348935811
2023-01-13,475077.2527859642
2023-01-16,474448.6612869213
2023-01-17,482296.19573206885
2023-01-18,557477.2983784383
2023-01-19,548453.1962015536
2023-01-20,554335.3967185759
2023-01-26,566692.7803534818
2023-01-27,578649.6251111525
2023-01-30,604000.1869314098
2023-01-31,609875.2846371937
2023-02-01,613100.4287458182
2023-02-02,617956.472484675
2023-02-03,619818.0310075334
2023-02-06,617334.1020340227
2023-02-07,617514.7693885559
2023-02-08,620242.7637280147
2023-02-09,622411.7632405623
2023-02-10,622838.2981308856
2023-02-13,596305.7536223081
2023-02-14,584356.4341898964
2023-02-15,592238.9194389126
2023-02-16,589024.9346223025
2023-02-17,599211.8343420415
2023-02-20,593518.1186870915
2023-02-21,599441.9320225961
2023-02-22,603313.4573385227
2023-02-23,602633.8455346965
2023-02-24,601356.3348634612
2023-02-27,595556.2701443442
2023-02-28,599427.7353594308
2023-03-01,598539.6187214424
2023-03-02,593692.4307606417
2023-03-03,596120.828976453
2023-03-06,526558.3560790857
2023-03-07,520235.90790445247
2023-03-08,516581.171922068
2023-03-09,523473.33139238687
2023-03-10,512130.8629494121
2023-03-13,508108.50828423875
2023-03-14,508925.0493083152
2023-03-15,506300.0067497585
2023-03-16,506291.7169686526
2023-03-17,505624.9187239215
2023-03-20,507203.614578525
2023-03-21,511784.8791571038
2023-03-22,517982.9485518976
2023-03-23,517690.2675401201
2023-03-24,517347.2437821169
2023-03-27,523598.7166685878
2023-03-28,525897.754049804
2023-03-29,517782.34250163205
2023-03-30,515075.24836375075
2023-03-31,512680.4895324119
2023-04-03,504801.7833074358
2023-04-04,505157.5675921897
2023-04-06,499843.3315393806
2023-04-11,500155.980960593
2023-04-12,501091.54113833734
2023-04-13,501777.8863327945
2023-04-14,503458.6899922397
2023-04-17,503756.28980613715
2023-04-18,504242.4048277543
2023-04-19,496453.68152499845
2023-04-20,439533.75871492055
2023-04-21,463386.3728973254
2023-04-24,461265.64644875546
2023-04-25,462242.76432382484
2023-04-26,469057.5000452037
2023-04-27,457555.92223245936
2023-04-28,478678.2452544156
2023-05-02,476091.2859939223
2023-05-03,474753.9474823279
2023-05-04,488983.62302101427
2023-05-05,497905.02487507055
2023-05-08,502686.8180493683
2023-05-09,507036.4849323646
2023-05-10,516618.9267634634
2023-05-11,520608.07987338654
2023-05-12,577234.2683258515
2023-05-15,609065.8312807328
2023-05-16,617665.3998651641
2023-05-17,617825.8600419542
2023-05-18,613837.0568909232
2023-05-19,620953.9161799843
2023-05-22,617071.9089923191
2023-05-23,620699.5307657563
2023-05-24,616565.0205559531
2023-05-25,608829.8185342357
2023-05-29,607104.5549314256
2023-05-30,601012.8943887334
2023-05-31,597873.6162310397
2023-06-01,596105.0440850289
2023-06-02,592695.0039596356
2023-06-05,625458.8030244566
2023-06-06,622477.7277073332
2023-06-07,625242.0300554618
2023-06-08,628035.9427859004
2023-06-09,628491.3091986416
2023-06-12,634026.9448965231
2023-06-13,638586.7329625115
2023-06-14,646847.4875850888
2023-06-15,656688.8285129804
2023-06-16,661618.7196461032
2023-06-19,660090.4496016856
2023-06-20,656323.0490861654
2023-06-21,652019.464349366
2023-06-23,656333.9696548486
2023-06-26,656402.6064033898
2023-06-27,676057.0375148876
2023-06-28,669171.4526373267
2023-06-29,693936.8081236741
2023-06-30,705386.8227237111
2023-07-03,707483.6544483877
2023-07-04,713795.3126661739
2023-07-05,708554.2394540041
2023-07-06,710232.5156149477
2023-07-07,712280.5180894888
2023-07-10,720040.8989151514
2023-07-11,728924.6584787287
2023-07-12,730308.4749238263
2023-07-13,740211.29433901
2023-07-14,745523.9594663287
2023-07-17,744636.9562061124
2023-07-18,724991.0118421508
2023-07-19,706371.3870174624
2023-07-20,711690.1049468388
2023-07-21,705732.8452231006
2023-07-24,692743.9351853515
2023-07-25,687524.2835063916
2023-07-26,663440.9178848288
2023-07-27,673965.8638612455
2023-07-28,678893.4057069627
2023-07-31,666876.7709512752
2023-08-01,661124.3375397797
2023-08-02,655233.9397101065
2023-08-03,648156.2784876513
2023-08-04,636038.9962981377
2023-08-07,631317.5270220592
2023-08-08,562702.5753331351
2023-08-09,519837.18455976405
2023-08-10,497100.35117533524
2023-08-11,483556.0336100859
2023-08-14,478183.56964399654
2023-08-15,464581.5800379082
2023-08-16,459860.6062388116
2023-08-17,445758.7133530166
2023-08-18,443064.77620071993
2023-08-21,442654.7570750067
2023-08-22,441582.48193098337
2023-08-23,438499.7713049756
2023-08-24,436098.0694417748
2023-08-25,433616.26131056395
2023-08-28,432609.5267455274
2023-08-29,438949.76336632774
2023-08-30,462275.43364304974
2023-08-31,466306.99704771495
2023-09-01,451133.6824463553
2023-09-04,455618.91535847815
2023-09-05,445719.75931860344
2023-09-06,443863.76945219596
2023-09-07,442847.79988764145
2023-09-08,430440.1234987648
2023-09-11,429392.5172799488
2023-09-12,430510.2701598397
2023-09-13,432482.1841732481
2023-09-14,431469.57664319355
2023-09-15,428122.8875667789
2023-09-18,428889.73415615223
2023-09-19,464576.6881873074
2023-09-20,462635.6159365269
2023-09-21,441777.06858760194
2023-09-22,429130.3710052414
2023-09-25,426174.4408618593
2023-09-26,421840.73980652355
2023-09-27,426280.56665522984
2023-09-28,423233.54662922636
2023-09-29,420070.68901873776
2023-10-03,411004.21639741666
2023-10-04,399732.91505619936
2023-10-05,396116.7835117592
2023-10-06,385665.36649577704
2023-10-09,379146.64314738667
2023-10-10,379146.64314738667
2023-10-11,360596.87001792033
2023-10-12,345683.6443141988
2023-10-13,332371.1927710318
2023-10-16,323354.9877415519
2023-10-17,316305.7995029117
2023-10-18,307405.6310334215
2023-10-19,303736.5847154272
2023-10-20,292573.4538908791
2023-10-24,284127.2068178996
2023-10-25,279024.1349562874
2023-10-26,272716.53375947254
2023-10-27,272259.15194303624
2023-10-30,272259.15194303624
2023-10-31,272259.15194303624
2023-11-01,272259.15194303624
2023-11-02,311263.81398179126
2023-11-03,344482.7724746614
2023-11-06,371340.300433385
2023-11-07,380014.6052147206
2023-11-08,384324.02523290715
2023-11-09,387070.65530194726
2023-11-10,392644.40890772577
2023-11-13,395895.9656424379
2023-11-14,397456.37744528084
2023-11-15,401786.3811179902
2023-11-16,404464.8605018172
2023-11-17,407123.606170107
2023-11-20,409144.0014215227
2023-11-21,410905.44903281797
2023-11-22,414971.58937418484
2023-11-23,397855.1713244623
2023-11-24,394275.32553734275
2023-11-27,413041.5905003221
2023-11-28,435669.331955496
2023-11-29,438332.8986466647
2023-11-30,454442.792899439
2023-12-01,451988.35685603303
2023-12-04,448509.1806400081
2023-12-05,451219.3431628052
2023-12-06,447451.15624372964
2023-12-07,446335.5166590668
2023-12-08,442400.34883189405
2023-12-11,441966.4779179276
2023-12-12,440894.5985602742
2023-12-13,441740.23592360184
2023-12-14,394233.89646348904
2023-12-15,440304.1229698652
2023-12-18,448080.8580608881
2023-12-19,448972.6876295484
2023-12-20,441269.12065146543
2023-12-21,442956.8491445147
2023-12-22,449538.9192182677
2023-12-27,456128.20834374253
2023-12-28,467983.87520723534
2023-12-29,472358.12669934076
2024-01-02,474481.4110100997
2024-01-03,479106.2436973521
2024-01-04,480502.78579850803
2024-01-05,483540.4453961502
2024-01-08,486075.7757283915
2024-01-09,500018.9269320997
2024-01-10,513368.30609962496
2024-01-11,523233.10008006473
2024-01-12,541659.4229841589
2024-01-15,550749.4334760446
2024-01-16,556921.9003687274
2024-01-17,566289.0354508588
2024-01-18,570912.0561338477
2024-01-19,573002.6960110958
2024-01-22,577223.8985745631
2024-01-23,581945.241440935
2024-01-24,591371.2082254214
2024-01-25,597408.2225518895
2024-01-26,602703.7029386263
2024-01-29,605269.4924207684
2024-01-30,572688.4524321986
2024-01-31,543238.7162811602
2024-02-01,519148.76096278656
2024-02-02,516806.0189313821
2024-02-05,515346.5083893836
2024-02-06,518089.9547010327
2024-02-07,517048.66931466555
2024-02-08,515985.166430798
2024-02-09,514709.52339148783
2024-02-14,512937.0010813409
2024-02-15,512685.69102135
2024-02-16,512053.01616167754
2024-02-19,522702.3825072442
2024-02-20,525504.3024984341
2024-02-21,526812.6133543964
2024-02-22,557880.4391796254
2024-02-23,567431.1552479169
2024-02-26,557624.5997723653
2024-02-27,557415.5752043395
2024-02-28,559155.5305316427
2024-02-29,549080.3536341941
2024-03-01,553009.538129318
2024-03-04,557237.0730604414
2024-03-05,562077.9021692977
2024-03-06,565050.8969903917
2024-03-07,566699.8867853747
2024-03-08,572195.1600895091
2024-03-11,574524.741912561
2024-03-12,577744.7083863791
2024-03-13,588440.6363643517
2024-03-14,582781.7437874015
2024-03-15,542869.2979780452
2024-03-18,547812.4142971119
2024-03-19,554632.7141897093
2024-03-20,560096.7478512808
2024-03-21,565616.4335139056
2024-03-22,568642.7955364011
2024-03-25,566747.1060554051
2024-03-26,560012.6350494123
2024-03-27,560976.6629904286
2024-03-28,563483.4885821638
2024-04-02,562661.9701033628
2024-04-03,566617.7921215937
2024-04-05,567098.0011987854
2024-04-08,567549.2346891739
2024-04-09,563124.9815258841
2024-04-10,561233.9946654317
2024-04-11,565981.5169549363
2024-04-12,551457.0082739083
2024-04-15,547548.0398802317
2024-04-16,547501.170775449
2024-04-17,542204.1970124004
2024-04-18,539928.7677409587
2024-04-19,544018.6479562444
2024-04-22,540109.3174727472
2024-04-23,541859.2042755857
2024-04-24,535188.8381149435
2024-04-25,535670.8963685853
2024-04-26,534590.4096658597
2024-04-29,540762.3842588684
2024-04-30,542139.2188698142
2024-05-02,542274.5160303843
2024-05-03,546298.4921784077
2024-05-06,560708.6601070996
2024-05-07,565340.6056037633
2024-05-08,576835.5647094001
2024-05-09,587422.0989482963
2024-05-10,594422.1065370919
2024-05-13,596275.6078106993
2024-05-14,596353.404829353
2024-05-16,597456.6391743671
2024-05-17,603546.1255875534
2024-05-20,596367.4404270019
2024-05-21,600545.331591484
2024-05-22,601387.226511022
2024-05-23,621221.5141116458
2024-05-24,618474.3898275176
2024-05-27,642972.7879625033
2024-05-28,653175.0992346861
2024-05-29,654777.8471076933
2024-05-30,653462.4451872637
2024-05-31,661631.2206512424
2024-06-03,657891.9970494849
2024-06-04,658692.1310189833
2024-06-05,662184.7988298826
2024-06-06,667484.3141945712
2024-06-07,665617.1970003037
2024-06-11,671728.5401295149
2024-06-12,669812.4050382518
2024-06-13,660506.911884056
2024-06-14,678745.0562747883
2024-06-17,674120.0175639741
2024-06-18,693269.9431691411
2024-06-19,689049.9050086493
2024-06-20,698466.4630997702
2024-06-21,719280.7924466695
2024-06-24,718522.0410469729
2024-06-25,729297.3723314498
2024-06-26,743362.7622283323
2024-06-27,751374.0513536711
2024-06-28,764957.0434472866
2024-07-02,762750.2864841127
2024-07-03,759056.4843658222
2024-07-04,758107.687990464
2024-07-05,759173.5617510227
2024-07-08,844548.2290512432
2024-07-09,845053.3664651108
2024-07-10,839579.4370615146
2024-07-11,839169.8055957007
2024-07-12,840134.0532742165
2024-07-15,836530.2536234723
2024-07-16,832646.5909132366
2024-07-17,830298.9995016892
2024-07-18,832738.4308845734
2024-07-19,847395.9745569171
2024-07-22,850651.3538328599
2024-07-23,863389.5636673761
2024-07-24,869210.9165195718
2024-07-25,882731.1608810073
2024-07-26,884193.3195081331
2024-07-29,921510.7349757303
2024-07-30,937720.8215243971
2024-07-31,946244.8599668512
2024-08-01,932300.2847730748
2024-08-02,931022.442585652
2024-08-05,923649.1703002861
2024-08-06,922207.525161617
2024-08-07,918736.9136610893
2024-08-08,918978.0940507671
2024-08-09,920787.4122732737
2024-08-12,918437.5366750106
2024-08-13,912977.0505797234
2024-08-14,908371.8449610973
2024-08-15,903609.0077316866
2024-08-16,902487.5864206989
2024-08-19,825893.4784117128
2024-08-20,789942.6179923519
2024-08-21,750581.1996154083
2024-08-22,717960.1714560774
2024-08-23,702131.5463302893
2024-08-26,694521.1321285018
2024-08-27,683583.5972340353
2024-08-28,687407.8168052516
2024-08-29,687912.6927412475
2024-08-30,690496.0779137193
2024-09-02,682017.2028731533
2024-09-03,679244.2006023292
2024-09-04,668736.1068435418
2024-09-05,675740.7344319557
2024-09-06,671803.5831695336
2024-09-09,660583.3188567453
2024-09-10,685480.2899960064
2024-09-11,659720.8570366789
2024-09-12,655188.2797541693
2024-09-13,642833.7367910513
2024-09-16,611223.939098021
2024-09-17,596339.8668150089
2024-09-19,577387.7448721229
2024-09-20,561220.979254104
2024-09-23,550655.7523623101
2024-09-24,535901.5332747049
2024-09-25,538156.6357134955
2024-09-26,541625.245141625
2024-09-27,546529.630086444
2024-09-30,544016.8388420393
2024-10-02,451376.1420196097
2024-10-03,440646.00499476836
2024-10-04,431507.61812841997
2024-10-07,430728.0759637169
2024-10-08,424582.7861869918
2024-10-09,422060.9880498359
2024-10-10,421874.48944098887
2024-10-14,421874.48944098887
2024-10-15,413254.53796557116
2024-10-16,399203.0239997616
2024-10-17,389476.4150546084
2024-10-18,373982.6045962482
2024-10-21,361642.17916394223
2024-10-22,343906.9411184958
2024-10-23,334521.9525177419
2024-10-24,360690.358807083
2024-10-25,376662.5104666016
2024-10-28,388137.1001886621
2024-10-29,386398.5938105312
2024-10-30,382321.2322802094
2024-10-31,372709.46907924913
2024-11-01,358500.8575577524
2024-11-04,366324.38681848417
2024-11-05,371378.3510523627
2024-11-06,370522.7111506278
2024-11-07,372474.55412033544
2024-11-08,377529.5808556307
2024-11-11,376651.80550550984
2024-11-12,372673.3839679533
2024-11-13,367578.4591620739
2024-11-14,438865.3030210657
2024-11-15,461690.3211075159
2024-11-18,463181.08606348495
2024-11-19,475045.4625524654
2024-11-20,485810.35445007385
2024-11-21,508164.1217829088
2024-11-22,517538.2984760035
2024-11-25,515768.16430903657
2024-11-26,507801.97080195847
2024-11-27,500674.9241468742
2024-11-28,502228.669750339
2024-11-29,509914.16091126244
2024-12-02,514488.222120619
2024-12-03,512523.2964506365
2024-12-04,517694.24481720314
2024-12-05,515949.81871070707
2024-12-06,511942.15656478604
2024-12-09,523654.5798533767
2024-12-10,544327.4595906998
2024-12-11,549237.4130225808
2024-12-12,559023.8553808439
2024-12-13,566793.1611684917
2024-12-16,582182.6818091951
2024-12-17,590670.1102667666
2024-12-18,599264.7940968487
2024-12-19,595805.911188344
2024-12-20,593536.5192559947
2024-12-23,588409.347826769
2024-12-24,580935.8905824745
2024-12-27,583393.3481062333
2024-12-30,621432.6354492706
2024-12-31,653373.8909564231
2025-01-02,706143.3634114909
2025-01-03,728378.9308144908
2025-01-06,736004.7006150926
2025-01-07,746446.2178999614
2025-01-08,754913.5988074734
2025-01-09,783455.0217441639
2025-01-10,800432.1621431896
2025-01-13,814736.9241667544
2025-01-14,826695.0296206349
2025-01-15,841074.4036541451
2025-01-16,846138.4804130383
2025-01-17,856345.9829932437
2025-01-20,865325.6385106338
2025-01-21,803918.0345657823
2025-01-22,776620.7553705921
2025-01-23,757245.7969557731
2025-01-24,752187.1478490575
2025-01-27,748664.4136055952
2025-01-28,750221.9184106287
2025-02-03,750221.9184106287
2025-02-04,739723.6292370703
2025-02-05,732290.2145763739
2025-02-06,740775.9907941732
2025-02-07,755581.0983896822
2025-02-10,755649.6216525722
2025-02-11,760788.8689195334
2025-02-12,771374.849039923
2025-02-13,780312.4691576434
2025-02-14,756102.4312528603
2025-02-17,751671.0751264158
2025-02-18,756767.093321526
2025-02-19,762028.1816790958
2025-02-20,790935.105888723
2025-02-21,799931.9981406513
2025-02-24,821511.8987520554
2025-02-25,833192.7450056623
2025-02-26,847830.0000958439
2025-02-27,858174.5236036691
2025-02-28,872861.5164046405
2025-03-03,875719.696053921
2025-03-04,880538.219738072
2025-03-05,881398.3192151856
2025-03-06,888486.0906215442
2025-03-07,1129126.6324233252
2025-03-10,1102835.5414462772
2025-03-11,1077706.5893307861
2025-03-12,1059327.7753599605
2025-03-13,1058464.7092065786
2025-03-14,1053228.2315671258
2025-03-17,1048351.0965717551
2025-03-18,1050245.4005467556
2025-03-19,1047713.7633115058
2025-03-20,1043270.4214330266
2025-03-21,1053095.9067550662
2025-03-24,1059276.1564038494
2025-03-25,1066171.1135275783
2025-03-26,1066542.7757932355
2025-03-27,1070136.6488712893
2025-03-28,1199947.1781405823
2025-03-31,1252364.0357627168
2025-04-01,1226637.036637476
2025-04-02,1216368.8874681566
2025-04-03,1223674.0589692977
2025-04-07,1277785.6178082041
2025-04-08,1293542.9904191801
2025-04-09,1275764.418725412
2025-04-10,1268476.902651682
2025-04-11,1256289.3311614557
2025-04-14,1253178.912837322
2025-04-15,1254572.9038222746
2025-04-16,1254114.4953712015
2025-04-17,1258984.107388615
2025-04-22,1269244.9859232877
2025-04-23,1336701.4165335447
2025-04-24,1363857.3937151844
2025-04-25,1390282.015934532
2025-04-28,1421232.6899704777
2025-04-29,1427912.1579117095
2025-04-30,1446813.633446964
2025-05-02,1463765.9226390189
2025-05-06,1493313.4732067725
2025-05-07,1519678.2706363846
2025-05-08,1525404.225178883
2025-05-09,1529920.8116775851
2025-05-12,1550138.2847475556
2025-05-13,1566600.9610452177
2025-05-14,1575468.605338926
2025-05-15,1573875.7160292375
2025-05-16,1627846.1620738856
2025-05-19,1719691.1596477905
2025-05-20,1737689.150675138
2025-05-21,1737372.9430314577
2025-05-22,1718017.1012059709
2025-05-23,1692862.2608151396
2025-05-26,1666584.0802023495
2025-05-27,1653032.2490948886
2025-05-28,1639500.2742698884
2025-05-29,1628772.0088481272
2025-05-30,1618878.4092217244
2025-06-02,1613678.0089914517
2025-06-03,1607526.9646840116
2025-06-04,1604278.0564819335
2025-06-05,1597004.135662689
2025-06-06,1377762.9012964582
2025-06-09,1420528.5080102368
2025-06-10,1477013.8304105843
2025-06-11,1483398.281540442
2025-06-12,1480877.1242264656
2025-06-13,1482939.0741244466
2025-06-16,1491046.1967149368
2025-06-17,1473762.3720992329
2025-06-18,1465750.4977904223
2025-06-19,1464989.4133334851
2025-06-20,1459352.0601575216
2025-06-23,1457082.479653576
2025-06-24,1459973.5337923209
2025-06-25,1463518.1140809387
2025-06-26,1459376.026926982
2025-06-27,1699984.5521757493
2025-06-30,1755553.7353610422
2025-07-02,1785513.441858131
2025-07-03,1777943.5610127787
2025-07-04,1768603.0149092318
2025-07-07,1711829.5478535
2025-07-08,1696825.5345144274
2025-07-09,1693198.157306972
2025-07-10,1692257.1813950832
2025-07-11,1710873.2954345383
2025-07-14,1708449.3956498627
2025-07-15,1708231.03623539
2025-07-16,1712453.6064037357
2025-07-17,1707528.000481733
2025-07-18,1700977.4187542982
2025-07-21,1909188.9986865919
2025-07-22,2012369.626064043
2025-07-23,2034337.1983148647
2025-07-24,2037851.737779106
2025-07-25,2045602.8461383798
2025-07-28,2042165.8644025917
2025-07-29,2030854.7341334482
2025-07-30,2005681.8554958275
2025-07-31,1997915.0980381046
2025-08-01,1994477.3237951
2025-08-04,1976985.7513230545
2025-08-05,1959317.600451406
2025-08-06,1944621.9254710407
2025-08-07,1928522.0821171857
2025-08-08,1924077.8553168806
2025-08-11,2107561.8017055783
2025-08-12,2066428.0753506946
2025-08-13,2101192.636175151
2025-08-14,2159370.67450176
2025-08-15,2157137.1147048753
2025-08-18,2165410.8698764183
2025-08-19,2174207.0299664172
2025-08-20,2183042.0363434316
2025-08-21,2191707.1298526665
2025-08-22,2201391.14412132
2025-08-25,2207614.739251559
2025-08-26,2223968.49170002
2025-08-27,2229801.039721831
2025-08-28,2227679.147577475
2025-08-29,2245357.5812036395
2025-09-01,2362881.0363400355
2025-09-02,2392098.2254795996
2025-09-03,2390070.425398597
2025-09-04,2414114.834376541
2025-09-05,2422833.203204207
2025-09-08,2428351.075087056
2025-09-09,2439400.222449571
2025-09-10,2454579.58583624
2025-09-11,2467315.2445851252
2025-09-12,2487539.6138254385
2025-09-15,2503990.4527194616
2025-09-16,2508407.1323577454
2025-09-17,2518702.611666541
2025-09-18,2524065.0385982236
2025-09-19,2538616.155776999
2025-09-22,2278723.3089077165
2025-09-23,2231245.5870922194
2025-09-24,2229870.733487432
2025-09-25,2263806.3651828202
2025-09-26,2278864.5842902437
2025-09-29,2284567.6931125154
2025-09-30,2289552.3381086783
2025-10-02,2300156.7636924786
2025-10-03,2294403.1983918357
2025-10-06,2279790.8290821146
2025-10-08,2281038.8795145033
2025-10-09,2287539.733868659
2025-10-10,2293017.034737771
2025-10-13,2310440.5132926614
2025-10-14,2317821.752833883
2025-10-15,2087622.0054438324
2025-10-16,1991476.7200541697
2025-10-17,1994261.4220948992
2025-10-20,1979557.7041501973
2025-10-21,1982526.917286449
2025-10-22,1983364.8238277459
2025-10-23,2054838.9242266447
2025-10-24,2061891.735118809
2025-10-27,2073128.7710470476
2025-10-28,2095233.39988579
2025-10-30,2124085.848759623
2025-10-31,2128496.490521967
2025-11-03,2138001.5080223866
2025-11-04,2149540.93893975
2025-11-05,2159609.8806555914
2025-11-06,1902220.3474200212
2025-11-07,1849273.6635028585
2025-11-10,1814497.6155244845
2025-11-11,1767734.9541715165
2025-11-12,1781706.8084417486
2025-11-13,1787348.786298923
2025-11-14,1796782.6572887285
2025-11-17,1806188.4386603825
2025-11-18,1815539.8560287503
2025-11-19,1815140.0921812844
2025-11-20,1812417.0253689522
2025-11-21,1802734.8706079833
2025-11-24,1831367.0904031096
2025-11-25,1845419.6083921224
2025-11-26,1840571.4215891326
2025-11-27,1777658.9624124325
2025-11-28,1797423.0226254584
2025-12-01,1760562.664321245
2025-12-02,1729514.703543771
2025-12-03,1730604.6927773794
2025-12-04,1719562.6719728757
2025-12-05,1716649.2643726387
2025-12-08,1715564.7615041123
2025-12-09,1725170.3425111452
2025-12-10,1747979.3046113697
2025-12-11,1743257.4454161664
2025-12-12,1756708.9985180649
2025-12-15,1749132.9447753243
2025-12-16,1749389.5029281264
2025-12-17,1765437.6754618909
2025-12-18,1848130.073889699
2025-12-19,1832159.7117993145
2025-12-22,1849607.2097429608
2025-12-23,1877095.6053834637
2025-12-24,1864390.918161228
2025-12-29,1872441.3576069612
2025-12-30,1886364.5324636863
2025-12-31,1878408.6386771987
2026-01-02,1883298.6744160922
2026-01-05,1890547.5915662348
2026-01-06,1899044.3901654854
2026-01-07,1877539.7081817912
2026-01-08,1876608.8920772267
2026-01-09,1854022.6233820333
2026-01-12,1842811.2883369017
2026-01-13,2038524.02636937
2026-01-14,2095766.2443875943
2026-01-15,2111564.273439647
2026-01-16,2141241.950659145
2026-01-19,2137723.9573680595
2026-01-20,2132326.5567326196
2026-01-21,2068320.9331540368
2026-01-22,2062155.3022595432
2026-01-23,2052285.7620249528
2026-01-26,2024583.7710807165
2026-01-27,1999305.6939871728
2026-01-28,1988455.036563388
2026-01-29,1980708.9065255015
2026-01-30,1967522.8860312114
2026-02-02,1962819.6533718938
2026-02-03,2143210.2286366345
2026-02-04,2152579.6324488726
2026-02-05,2164998.650353291
2026-02-06,2154615.140558232
2026-02-09,2126959.9836583887
2026-02-10,2109728.997076711
2026-02-11,2094577.9808697242
2026-02-12,2092191.9230060647
2026-02-13,2080095.5353275721
2026-02-16,2071269.553618746
2026-02-20,2073610.3179288916
2026-02-23,2070174.5421781384
2026-02-24,2055053.6664489794
2026-02-25,2101737.038849894
2026-02-26,2091107.458367617
2026-02-27,2202416.1373614855
2026-03-02,2134465.49204627
2026-03-03,2138778.03535562
2026-03-04,2183532.9681259017
2026-03-05,2193653.0440503634
2026-03-06,2199255.7549758065
2026-03-09,2197751.851531027
2026-03-10,2200908.5502342302
2026-03-11,2190955.1873330004
2026-03-12,2166774.014194314
2026-03-13,2168143.726285147
2026-03-16,2162242.019751028
2026-03-17,2161990.789625458
2026-03-18,2157532.7594940844
2026-03-19,2134089.470059743
2026-03-20,2084280.4676480233
2026-03-23,2052350.6261994021
2026-03-24,1996515.578390354
2026-03-25,1943192.5900152074
2026-03-26,1951915.1247440975
2026-03-27,1940791.3945673597
2026-03-30,1927037.7315165391
2026-03-31,1933731.3299811338
2026-04-01,1936499.0379897817
2026-04-02,1929342.0369919313
