date,rolling_60d_trading_cost_hkd
2018-01-02,
2018-01-03,
2018-01-04,
2018-01-05,
2018-01-08,
2018-01-09,
2018-01-10,
2018-01-11,
2018-01-12,
2018-01-15,
2018-01-16,
2018-01-17,
2018-01-18,
2018-01-19,
2018-01-22,
2018-01-23,
2018-01-24,
2018-01-25,
2018-01-26,
2018-01-29,0.0
2018-01-30,0.0
2018-01-31,0.0
2018-02-01,0.0
2018-02-02,0.0
2018-02-05,0.0
2018-02-06,0.0
2018-02-07,0.0
2018-02-08,0.0
2018-02-09,0.0
2018-02-12,0.0
2018-02-13,0.0
2018-02-14,47.8892443716817
2018-02-15,51.85684302708528
2018-02-20,54.6957594086416
2018-02-21,57.85502342553755
2018-02-22,65.31758973672348
2018-02-23,76.01016849524943
2018-02-26,80.95832195590076
2018-02-27,85.22349318780073
2018-02-28,90.40090585810572
2018-03-01,93.54332278839581
2018-03-02,98.11038653152926
2018-03-05,102.10037754242391
2018-03-06,105.45400532555064
2018-03-07,108.91488896538188
2018-03-08,110.99413050961272
2018-03-09,156.92177447796746
2018-03-12,171.1846369059144
2018-03-13,176.54449988100157
2018-03-14,175.84500988338152
2018-03-15,175.2174606699819
2018-03-16,178.01122390133588
2018-03-19,178.3615781673484
2018-03-20,178.80377116424935
2018-03-21,179.59788441580847
2018-03-22,180.0041721940976
2018-03-23,181.18427443630642
2018-03-26,179.88195935981838
2018-03-27,180.1837905571096
2018-03-28,180.38189404782443
2018-03-29,183.64139404782443
2018-04-03,209.0164690608397
2018-04-04,215.50383014138086
2018-04-06,215.50383014138086
2018-04-09,224.33572803240412
2018-04-10,225.88972803240412
2018-04-11,225.88972803240412
2018-04-12,229.16772803240414
2018-04-13,237.2727008638966
2018-04-16,243.74483430597945
2018-04-17,247.0045009726461
2018-04-18,251.2010009726461
2018-04-19,255.3211676393128
2018-04-20,258.6380009726461
2018-04-23,262.7386676393128
2018-04-24,267.0848343059795
2018-04-25,289.75632969448725
2018-04-26,293.0134963611539
2018-04-27,296.4209963611539
2018-04-30,302.0193076322723
2018-05-02,305.3531409656056
2018-05-03,311.9580645313465
2018-05-04,316.15389786467983
2018-05-07,320.5198978646798
2018-05-08,322.9167311980132
2018-05-09,326.1945645313465
2018-05-10,329.56689786467985
2018-05-11,332.9755645313465
2018-05-14,336.23223119801315
2018-05-15,339.41606453134654
2018-05-16,342.6378978646798
2018-05-17,342.001896958535
2018-05-18,350.7331695430459
2018-05-21,357.4460761882403
2018-05-23,358.32774285490694
2018-05-24,356.01611934443645
2018-05-25,352.1365692810667
2018-05-28,353.7953417117959
2018-05-29,354.3525774660071
2018-05-30,354.7839720617876
2018-05-31,355.54863872845436
2018-06-01,354.085805395121
2018-06-04,354.3691387284543
2018-06-05,355.267805395121
2018-06-06,354.53107590982177
2018-06-07,354.51224257648835
2018-06-08,347.5905396735846
2018-06-11,337.08788682326093
2018-06-12,332.4792547785079
2018-06-13,331.88158811184115
2018-06-14,331.0940881118412
2018-06-15,328.5798689668347
2018-06-19,333.88797739992077
2018-06-20,337.2948989080772
2018-06-21,336.13573224141055
2018-06-22,335.1410655747439
2018-06-25,334.76573224141055
2018-06-26,339.1498989080772
2018-06-27,343.19610109099267
2018-06-28,344.75443442432606
2018-06-29,347.69876775765937
2018-07-03,352.99962719412605
2018-07-04,354.13737968834835
2018-07-05,358.4242130216817
2018-07-06,353.5821484639918
2018-07-09,356.31814846399175
2018-07-10,360.30614846399175
2018-07-11,361.13131513065844
2018-07-12,357.0906756324993
2018-07-13,353.2018755237498
2018-07-16,353.87637552374974
2018-07-17,352.9020421904164
2018-07-18,352.0782088570831
2018-07-19,353.0507088570831
2018-07-20,353.54054219041643
2018-07-23,353.38970885708306
2018-07-24,360.9670578602945
2018-07-25,360.48355786029447
2018-07-26,360.50239119362783
2018-07-27,358.23691325584275
2018-07-30,358.1619132558428
2018-07-31,355.0038230234352
2018-08-01,353.24182302343524
2018-08-02,352.2674896901019
2018-08-03,352.42032302343523
2018-08-06,355.0262996901019
2018-08-07,357.25217986440987
2018-08-08,357.7210131977432
2018-08-09,357.6848465310766
2018-08-10,357.9680131977432
2018-08-13,358.2481798644099
2018-08-14,370.96513919666216
2018-08-15,365.1361999454846
2018-08-16,359.56745996695685
2018-08-17,358.93195996695687
2018-08-20,358.89262663362354
2018-08-21,363.2007769753695
2018-08-22,361.59933787797365
2018-08-23,360.9289354570958
2018-08-24,359.8430408613152
2018-08-27,358.83170752798185
2018-08-28,359.8285408613152
2018-08-29,358.45870752798186
2018-08-30,357.8755408613152
2018-08-31,358.4362075279818
2018-09-03,359.6127075279819
2018-09-04,353.71972478980007
2018-09-05,359.54108276179215
2018-09-06,361.7840658809169
2018-09-07,364.74389921425023
2018-09-10,367.80123254758354
2018-09-11,369.1887325475835
2018-09-12,364.06745744783075
2018-09-13,362.18186927300764
2018-09-14,364.03420260634095
2018-09-17,366.132702606341
2018-09-18,366.656702606341
2018-09-19,364.950702606341
2018-09-20,360.0640004234255
2018-09-21,358.9211670900921
2018-09-24,357.2690004234255
2018-09-26,340.7586720548734
2018-09-27,337.7227251467766
2018-09-28,337.6853918134433
2018-10-02,337.06739181344324
2018-10-03,336.0918918134432
2018-10-04,336.48505848010996
2018-10-05,336.50139181344326
2018-10-08,336.8002251467766
2018-10-09,338.43005848010995
2018-10-10,338.61489181344325
2018-10-11,339.70105848010996
2018-10-12,340.88105848010986
2018-10-15,340.7855584801099
2018-10-16,339.4513918134433
2018-10-18,339.6208918134433
2018-10-19,321.9491968690184
2018-10-22,324.96636353568516
2018-10-23,324.94869686901836
2018-10-24,325.7548635356851
2018-10-25,326.7463635356851
2018-10-26,327.43786353568515
2018-10-29,329.12636353568513
2018-10-30,329.14403020235176
2018-10-31,330.73153020235173
2018-11-01,329.15638686901843
2018-11-02,327.9421733613772
2018-11-05,328.4665066947105
2018-11-06,329.8733400280438
2018-11-07,330.80650669471044
2018-11-08,330.5440066947105
2018-11-09,326.3326438469295
2018-11-12,326.4558916418013
2018-11-13,328.32007707813875
2018-11-14,329.4602437448055
2018-11-15,329.0669104114722
2018-11-16,325.21009340305955
2018-11-19,325.17059340305957
2018-11-20,325.2247600697262
2018-11-21,325.01442673639286
2018-11-22,325.72576006972616
2018-11-23,325.63059340305955
2018-11-26,326.3827600697262
2018-11-27,326.15776006972624
2018-11-28,326.40042673639283
2018-11-29,326.3265934030595
2018-11-30,329.0923712530691
2018-12-03,329.3840338961567
2018-12-04,328.7713841103654
2018-12-05,328.4687174436987
2018-12-06,327.07838411036545
2018-12-07,326.0658841103654
2018-12-08,322.60271744369874
2018-12-10,321.7748841103654
2018-12-11,320.76521744369876
2018-12-12,320.61405077703205
2018-12-13,320.78438411036535
2018-12-14,319.6985507770321
2018-12-17,319.5663841103654
2018-12-18,320.1823841103654
2018-12-19,318.7762174436987
2018-12-20,352.32809583150083
2018-12-21,356.8799842874757
2018-12-24,355.8161509541423
2018-12-27,355.98381762080896
2018-12-28,356.24615095414237
2018-12-31,354.3174842874757
2019-01-02,353.41815095414233
2019-01-03,353.66515095414235
2019-01-04,353.9261509541423
2019-01-07,353.40876353718926
2019-01-08,352.6949302038559
2019-01-09,352.5075968705226
2019-01-10,351.68426353718934
2019-01-11,352.13676353718927
2019-01-14,351.2372635371893
2019-01-15,378.81456133666524
2019-01-16,384.9725662634672
2019-01-17,389.1476099942438
2019-01-18,388.4749433275772
2019-01-21,387.7271099942438
2019-01-22,387.59727666091044
2019-01-23,387.63344332757714
2019-01-24,388.71877666091046
2019-01-25,388.9094433275771
2019-01-28,389.0011099942438
2019-01-29,389.07510999424375
2019-01-30,388.8504433275771
2019-01-31,388.66244332757714
2019-02-01,388.38494332757716
2019-02-04,387.91794332757706
2019-02-08,360.29224672633296
2019-02-11,381.53036599591974
2019-02-12,390.07798292917204
2019-02-13,389.08214959583876
2019-02-14,391.0866495958387
2019-02-15,391.1218162625054
2019-02-18,390.6361495958387
2019-02-19,391.55914959583873
2019-02-20,391.8206495958387
2019-02-21,391.89698292917205
2019-02-22,392.254982929172
2019-02-25,392.25231626250536
2019-02-26,392.7026495958387
2019-02-27,392.3838162625054
2019-02-28,392.21714959583875
2019-03-01,419.34526660351383
2019-03-04,416.7541334130512
2019-03-05,417.1841334130512
2019-03-06,417.7876334130512
2019-03-07,419.7959667463845
2019-03-08,420.34330007971784
2019-03-11,424.6149667463845
2019-03-12,424.93313341305117
2019-03-13,425.9246334130512
2019-03-14,425.8318000797179
2019-03-15,426.02063341305126
2019-03-18,427.5561334130512
2019-03-19,430.2189667463845
2019-03-20,430.20146674638454
2019-03-21,431.4214667463845
2019-03-22,412.27304813103837
2019-03-25,412.0389406466537
2019-03-26,412.95727397998706
2019-03-27,414.0827739799871
2019-03-28,413.9892739799871
2019-03-29,416.9862935077234
2019-04-01,417.56729350772343
2019-04-02,417.79412684105677
2019-04-03,417.81446017439004
2019-04-04,418.42801425800985
2019-04-08,420.2828054327409
2019-04-09,420.82980543274084
2019-04-10,421.89713876607414
2019-04-11,423.2109720994075
2019-04-12,423.3424720994075
2019-04-15,436.09067745998567
2019-04-16,446.05401956985753
2019-04-17,447.77702762655764
2019-04-18,447.1401942932242
2019-04-23,447.89460788883247
2019-04-24,448.12144122216586
2019-04-25,451.3104088302784
2019-04-26,451.31324216361173
2019-04-29,450.58024216361173
2019-04-30,448.82157549694506
2019-05-02,447.7360754969451
2019-05-03,447.0055754969451
2019-05-06,446.23824216361174
2019-05-07,445.3922421636117
2019-05-08,446.0105754969451
2019-05-09,459.69979659275674
2019-05-10,438.49393303842476
2019-05-14,424.46496400216824
2019-05-15,423.34496400216824
2019-05-16,420.2172973355016
2019-05-17,420.98294011432546
2019-05-20,422.0013823547973
2019-05-21,420.57871568813056
2019-05-22,418.83688235479724
2019-05-23,417.6012156881306
2019-05-24,416.59088235479726
2019-05-27,414.0052156881306
2019-05-28,413.8388823547973
2019-05-29,414.3087156881306
2019-05-30,413.27754902146387
2019-05-31,384.5068406127409
2019-06-03,380.0651198547904
2019-06-04,394.50895894640996
2019-06-05,395.67223845062
2019-06-06,392.7849051172867
2019-06-10,390.60807178395333
2019-06-11,390.59023845062
2019-06-12,387.74373845062007
2019-06-13,385.08407178395333
2019-06-14,383.9995717839533
2019-06-17,385.3514494641348
2019-06-18,384.67711613080144
2019-06-19,384.07878279746814
2019-06-20,387.15126320487553
2019-06-21,388.5369298715422
2019-06-24,401.7555335915902
2019-06-25,401.32656234174067
2019-06-26,402.1702290084073
2019-06-27,401.79272900840726
2019-06-28,402.6737290084073
2019-07-02,401.7758761473376
2019-07-03,403.41087614733766
2019-07-04,402.0958761473376
2019-07-05,401.6295428140043
2019-07-08,401.66637614733753
2019-07-09,402.15758497260657
2019-07-10,401.4242516392732
2019-07-11,399.5337516392732
2019-07-12,400.52975163927323
2019-07-15,401.2230849726066
2019-07-16,385.6152068052644
2019-07-17,370.34391292868605
2019-07-18,367.3980192745427
2019-07-19,369.4428526078761
2019-07-22,373.28082337889754
2019-07-23,373.7878233788975
2019-07-24,371.45489082791926
2019-07-25,370.3105574945859
2019-07-26,371.4392241612526
2019-07-29,374.2880574945859
2019-07-30,375.0908908279192
2019-07-31,375.2202241612526
2019-08-01,375.2385574945859
2019-08-02,375.4452241612526
2019-08-05,376.0988908279193
2019-08-06,384.42284730665943
2019-08-07,381.2713437965328
2019-08-08,382.8438437965328
2019-08-09,388.7353921194105
2019-08-12,388.7533921194105
2019-08-13,387.7442493405866
2019-08-14,386.5598071001148
2019-08-15,389.68953244085856
2019-08-16,390.5358657741919
2019-08-19,392.2421991075252
2019-08-20,392.1088657741919
2019-08-21,393.90969910752517
2019-08-22,391.9403657741919
2019-08-23,390.0120324408585
2019-08-26,391.3835324408586
2019-08-27,390.7693690595709
2019-08-28,394.37646762456245
2019-08-29,382.251311532678
2019-08-30,379.642532028468
2019-09-02,380.5601986951346
2019-09-03,380.58019869513464
2019-09-04,380.259532028468
2019-09-05,381.45953202846795
2019-09-06,384.12003202846796
2019-09-09,383.4828653618014
2019-09-10,381.09915434828656
2019-09-11,380.36965434828653
2019-09-12,379.3529876816199
2019-09-13,375.36284060754576
2019-09-16,373.0778406075458
2019-09-17,372.540178185785
2019-09-18,366.5702017973777
2019-09-19,363.17653513071104
2019-09-20,370.63107621052956
2019-09-23,370.4800762105296
2019-09-24,370.08890954386294
2019-09-25,368.94290954386287
2019-09-26,369.0752428771963
2019-09-27,368.28790954386295
2019-09-30,368.4207428771963
2019-10-02,366.0200762105296
2019-10-03,366.0942428771963
2019-10-04,367.6120762105296
2019-10-08,365.7699095438629
2019-10-09,365.5089095438629
2019-10-10,343.11255625006487
2019-10-11,341.5108364233028
2019-10-14,338.66984495663615
2019-10-15,337.8226782899694
2019-10-16,333.7934605900064
2019-10-17,333.1311272566731
2019-10-18,332.29292553287206
2019-10-21,333.15242553287214
2019-10-22,332.60692553287214
2019-10-23,331.2207588662055
2019-10-24,331.0907588662055
2019-10-25,331.65392553287205
2019-10-28,331.9159255328721
2019-10-29,331.70909219953876
2019-10-30,331.89775886620544
2019-10-31,328.23328356988816
2019-11-01,330.92893953310664
2019-11-04,334.99860619977323
2019-11-05,330.5103912102289
2019-11-06,333.37439121022896
2019-11-07,333.75039121022894
2019-11-08,334.72339121022895
2019-11-11,332.3386658694852
2019-11-12,334.83266586948514
2019-11-13,335.9993325361518
2019-11-14,338.42066586948516
2019-11-15,339.2644992028185
2019-11-18,341.1546658694852
2019-11-19,342.53933253615185
2019-11-20,343.6844992028185
2019-11-21,347.9003390206902
2019-11-22,355.89604760732306
2019-11-25,355.40515941498893
2019-11-26,354.58432608165566
2019-11-27,355.0344927483223
2019-11-28,357.41265941498904
2019-11-29,357.7308260816556
2019-12-02,357.52382608165567
2019-12-03,357.6163260816557
2019-12-04,359.3939927483223
2019-12-05,360.0463260816557
2019-12-06,360.064659414989
2019-12-09,360.8894927483223
2019-12-10,361.169159414989
2019-12-11,362.2014927483223
2019-12-12,352.9647121860524
2019-12-13,362.65499747953965
2019-12-16,366.75477315618906
2019-12-17,359.1883987430372
2019-12-18,358.5543987430372
2019-12-19,356.1560654097039
2019-12-20,356.0428987430372
2019-12-23,356.7888987430372
2019-12-24,355.9447320763705
2019-12-27,355.77356540970385
2019-12-30,357.52216868911734
2019-12-31,357.617335355784
2020-01-02,356.0065020224507
2020-01-03,355.42883535578403
2020-01-06,354.9565020224507
2020-01-07,374.1017000819444
2020-01-08,372.5376384188327
2020-01-09,371.80830508549934
2020-01-10,369.57947175216606
2020-01-13,367.2353050854993
2020-01-14,364.99247175216607
2020-01-15,362.6128050854994
2020-01-16,358.4001384188327
2020-01-17,354.2221384188327
2020-01-20,353.0963050854994
2020-01-21,351.1503050854993
2020-01-22,347.01113841883273
2020-01-23,344.6708050854994
2020-01-24,341.3943050854994
2020-01-29,337.1611384188327
2020-01-30,344.7956393347991
2020-01-31,345.3273189587916
2020-02-03,342.99981895879154
2020-02-04,342.97998562545826
2020-02-05,342.5343189587915
2020-02-06,340.7341522921249
2020-02-07,335.9943189587915
2020-02-10,331.6863189587915
2020-02-11,325.8191522921249
2020-02-12,319.98681895879156
2020-02-13,314.15631895879153
2020-02-14,309.9396522921249
2020-02-17,305.48331895879153
2020-02-18,303.0664856254582
2020-02-19,299.0148189587916
2020-02-20,300.4345531834605
2020-02-21,293.68633424635465
2020-02-24,290.4727061056202
2020-02-25,293.13205150967053
2020-02-26,291.0528848430038
2020-02-27,288.8065515096705
2020-02-28,288.28321817633713
2020-03-02,285.75438484300383
2020-03-03,283.9565515096705
2020-03-04,279.6682181763372
2020-03-05,275.41871817633717
2020-03-06,271.9155515096705
2020-03-09,267.72071817633713
2020-03-10,264.1435515096705
2020-03-11,259.6450515096705
2020-03-12,267.74539108733063
2020-03-13,258.94010579384343
2020-03-16,253.28633011719393
2020-03-17,249.11066345052728
2020-03-18,247.2541634505273
2020-03-19,245.49199678386063
2020-03-20,243.07433011719394
2020-03-23,238.67399678386062
2020-03-24,237.88833011719396
2020-03-25,233.67466345052728
2020-03-26,230.9145601711138
2020-03-27,228.75939350444708
2020-03-30,229.54739350444711
2020-03-31,230.6318935044471
2020-04-01,231.15622683778048
2020-04-02,232.10699048897462
2020-04-03,234.8960345983721
2020-04-06,236.22636793170543
2020-04-07,240.98930805833803
2020-04-08,243.68370387002182
2020-04-09,241.84653720335515
2020-04-14,243.81470387002182
2020-04-15,248.08770387002184
2020-04-16,250.63470387002184
2020-04-17,250.0728705366885
2020-04-20,249.7528705366885
2020-04-21,252.1128705366885
2020-04-22,252.8797038700218
2020-04-23,255.27653720335513
2020-04-24,259.22987053668845
2020-04-27,278.0026683875668
2020-04-28,288.32225836987004
2020-04-29,294.4301190255932
2020-05-04,296.4095791734396
2020-05-05,294.57441250677294
2020-05-06,300.665885055654
2020-05-07,304.5823850556539
2020-05-08,309.04055172232063
2020-05-11,318.8722638836699
2020-05-12,323.3114305503366
2020-05-13,327.7900972170033
2020-05-14,331.9699305503365
2020-05-15,335.7184305503366
2020-05-18,338.4377638836699
2020-05-19,340.0514305503366
2020-05-20,324.2445362213506
2020-05-21,324.9375961039679
2020-05-22,339.4174645317706
2020-05-25,339.20745246105355
2020-05-26,342.75028579438697
2020-05-27,346.60787945893645
2020-05-28,346.9097127922698
2020-05-29,351.5393794589364
2020-06-01,354.2398794589364
2020-06-02,358.45321279226977
2020-06-03,362.81787945893643
2020-06-04,367.06904612560305
2020-06-05,370.7798794589364
2020-06-08,375.4642127922698
2020-06-09,380.0898794589365
2020-06-10,388.8028496992
2020-06-11,395.89524766819125
2020-06-12,408.7661194317996
2020-06-15,416.6477658885905
2020-06-16,420.53494226214553
2020-06-17,425.89093002328934
2020-06-18,429.22959668995605
2020-06-19,433.85626335662266
2020-06-22,436.79876335662266
2020-06-23,441.25843002328935
2020-06-24,442.90809668995604
2020-06-26,445.1007633566227
2020-06-29,446.29826335662267
2020-06-30,445.98176335662265
2020-07-02,445.9639300232893
2020-07-03,455.4410636596085
2020-07-06,456.0218339734426
2020-07-07,461.92775359978015
2020-07-08,464.9060555139488
2020-07-09,466.63088794557393
2020-07-10,471.91905461224064
2020-07-13,473.3840546122405
2020-07-14,473.94338794557393
2020-07-15,475.81788794557394
2020-07-16,477.9923879455739
2020-07-17,481.0093879455739
2020-07-20,483.19988794557395
2020-07-21,485.12938794557397
2020-07-22,489.7995549891376
2020-07-23,490.77372165580425
2020-07-24,522.4446446983125
2020-07-27,513.5116451100324
2020-07-28,508.28378445430917
2020-07-29,507.24182430646283
2020-07-30,511.8451072332639
2020-07-31,510.02800440182506
2020-08-03,510.36400440182507
2020-08-04,510.497004401825
2020-08-05,507.6777426846456
2020-08-06,509.55117627914336
2020-08-07,509.9461762791434
2020-08-10,512.5535096124768
2020-08-11,512.7006762791433
2020-08-12,515.1215096124768
2020-08-13,516.8251762791434
2020-08-14,573.1585262610838
2020-08-17,571.6947431350989
2020-08-18,557.7027080406297
2020-08-19,556.8843747072964
2020-08-20,555.2142080406296
2020-08-21,553.2674477094134
2020-08-24,553.1729477094135
2020-08-25,551.1667810427468
2020-08-26,549.5342810427468
2020-08-27,549.2182810427469
2020-08-28,548.7519477094135
2020-08-31,551.0766813792904
2020-09-01,549.8018480459572
2020-09-02,548.7328480459571
2020-09-03,547.8725147126238
2020-09-04,569.5638363085283
2020-09-07,565.1686050062037
2020-09-08,555.9680665759287
2020-09-09,556.9793034755439
2020-09-10,555.1891271019889
2020-09-11,555.4741393408451
2020-09-14,554.0148060075117
2020-09-15,553.2658060075117
2020-09-16,551.8201393408451
2020-09-17,550.0943060075117
2020-09-18,550.4333060075116
2020-09-21,551.926667427892
2020-09-22,552.7156674278921
2020-09-23,550.3715007612253
2020-09-24,550.9363340945588
2020-09-25,539.0289715613065
2020-09-28,537.9547188011867
2020-09-29,529.6891325081824
2020-09-30,523.6535571340479
2020-10-05,524.5789511173172
2020-10-06,524.8198329277068
2020-10-07,523.4691662610402
2020-10-08,523.6209995943734
2020-10-09,522.9288329277067
2020-10-12,522.0286662610401
2020-10-13,517.2323329277068
2020-10-14,521.401005355548
2020-10-15,522.096005355548
2020-10-16,520.7820742074766
2020-10-19,520.3515742074767
2020-10-20,468.77657684641315
2020-10-21,466.156769430979
2020-10-22,467.436991430979
2020-10-23,464.3661580976457
2020-10-27,458.4678751708446
2020-10-28,451.5718387867357
2020-10-29,447.3193387867357
2020-10-30,442.7281721200691
2020-11-02,435.71572167589926
2020-11-03,429.40312141473476
2020-11-04,424.5294547480681
2020-11-05,417.7422880814014
2020-11-06,413.8466214147348
2020-11-09,407.09612141473474
2020-11-10,402.0184547480681
2020-11-11,330.33553100894653
2020-11-12,323.648499371129
2020-11-13,319.86449937112894
2020-11-16,315.4773327044623
2020-11-17,311.91816603779563
2020-11-18,308.28266603779565
2020-11-19,304.3473327044623
2020-11-20,301.7238327044623
2020-11-23,297.9773327044623
2020-11-24,294.07999937112896
2020-11-25,290.1816660377956
2020-11-26,283.6057657012519
2020-11-27,281.16976570125195
2020-11-30,277.55443236791865
2020-12-01,273.78909903458526
2020-12-02,236.08566992658578
2020-12-03,236.19950777679927
2020-12-04,234.12100777679927
2020-12-07,228.07412442039313
2020-12-08,226.95029108705978
2020-12-09,230.11398582049557
2020-12-10,229.2648191538289
2020-12-11,229.53300539685142
2020-12-14,230.30267206351812
2020-12-15,230.64350539685145
2020-12-16,228.4676720635181
2020-12-17,225.28731064313777
2020-12-18,223.78631064313777
2020-12-21,224.70447730980447
2020-12-22,222.58631064313778
2020-12-23,209.94719618115303
2020-12-24,206.96852951448636
2020-12-28,208.6558628478197
2020-12-29,208.95402951448634
2020-12-30,204.22974062124146
2020-12-31,200.23635881085184
2021-01-04,198.0240254775185
2021-01-05,197.1229330456811
2021-01-06,201.198240851804
2021-01-07,203.81311316002865
2021-01-08,207.35544649336197
2021-01-11,204.1481567152374
2021-01-12,201.99299004857073
2021-01-13,200.87305962241055
2021-01-14,199.14955962241052
2021-01-15,226.41105947081755
2021-01-18,223.44060757168432
2021-01-19,220.02755223835098
2021-01-20,220.36171890501768
2021-01-21,223.05625497300207
2021-01-22,223.05625497300207
2021-01-25,223.05625497300207
2021-01-26,227.739665127699
2021-01-27,230.02683179436565
2021-01-28,230.02683179436565
2021-01-29,230.02683179436565
2021-02-01,230.02683179436565
2021-02-02,230.02683179436565
2021-02-03,230.02683179436565
2021-02-04,235.98834193030672
2021-02-05,280.66410031336477
2021-02-08,291.78989728138623
2021-02-09,314.24235300754395
2021-02-10,320.7234752630995
2021-02-11,327.41438216171883
2021-02-16,334.76467325750167
2021-02-17,341.5189694533808
2021-02-18,348.4944373899765
2021-02-19,352.6891040566432
2021-02-22,359.81132013233855
2021-02-23,364.57148679900524
2021-02-24,368.88048679900527
2021-02-25,374.03182013233857
2021-02-26,379.2788201323385
2021-03-01,384.1341534656719
2021-03-02,407.60416921886736
2021-03-03,412.30048540913384
2021-03-04,422.22252088249746
2021-03-05,428.89072635773215
2021-03-08,434.77566310049775
2021-03-09,434.84828039436513
2021-03-10,434.73861372769846
2021-03-11,438.4071061223116
2021-03-12,438.5949394556449
2021-03-15,439.71927278897823
2021-03-16,441.9129394556449
2021-03-17,443.63477278897824
2021-03-18,444.02610612231166
2021-03-19,445.1132727889783
2021-03-22,447.6986061223116
2021-03-23,470.91294956668594
2021-03-24,473.8192051333526
2021-03-25,475.7225834000193
2021-03-26,480.7357186153044
2021-03-29,482.51671861530446
2021-03-30,484.8425519486378
2021-03-31,487.3040770699691
2021-04-01,488.86570329294415
2021-04-07,484.96039548682114
2021-04-08,486.5535155211629
2021-04-09,490.1675722753251
2021-04-12,488.1273978501352
2021-04-13,489.2152311834686
2021-04-14,488.9092590474698
2021-04-15,490.72525904746976
2021-04-16,438.974003163893
2021-04-19,444.0370539103807
2021-04-20,473.62194365766743
2021-04-21,478.75631326439003
2021-04-22,481.4607771964056
2021-04-23,485.1527771964056
2021-04-26,492.71990309005326
2021-04-27,493.2263262686898
2021-04-28,498.2036999690574
2021-04-29,504.8126558090574
2021-04-30,512.2924216757241
2021-05-03,518.4039216757241
2021-05-04,522.2432550090574
2021-05-05,526.2154216757241
2021-05-06,527.1015897702216
2021-05-07,564.5951392305257
2021-05-10,564.6604245918818
2021-05-11,551.8423075680522
2021-05-12,554.2389077110728
2021-05-13,553.5645545248431
2021-05-14,550.4437600957268
2021-05-17,548.9596762331811
2021-05-18,548.0297648464783
2021-05-20,553.1925496162418
2021-05-21,551.7435029445163
2021-05-24,552.6930112294592
2021-05-25,555.7925818091194
2021-05-26,557.8171000532942
2021-05-27,555.9587667199609
2021-05-28,555.3779333866275
2021-05-31,546.250455969222
2021-06-01,549.767492482269
2021-06-02,546.0019536115955
2021-06-03,547.1402172655248
2021-06-04,544.2509485227591
2021-06-07,548.841587997401
2021-06-08,550.621087997401
2021-06-09,546.8550760264319
2021-06-10,548.262252026432
2021-06-11,552.012097877114
2021-06-15,551.7325978771139
2021-06-16,557.1340156492042
2021-06-17,556.7988489825376
2021-06-18,559.7321018589332
2021-06-21,562.6091374361006
2021-06-22,622.1917241840233
2021-06-23,633.6210760559939
2021-06-24,638.9244501973818
2021-06-25,637.2471307246486
2021-06-28,633.1242973913154
2021-06-29,648.0409615443589
2021-06-30,651.744048980572
2021-07-02,656.421857932891
2021-07-05,658.5697950055442
2021-07-06,655.7678026629778
2021-07-07,655.7372457336728
2021-07-08,657.5122041758128
2021-07-09,661.4835763802831
2021-07-12,662.6828447635348
2021-07-13,664.9883484760373
2021-07-14,772.9073084399267
2021-07-15,783.8920207759387
2021-07-16,764.0200672727962
2021-07-19,766.4995681366511
2021-07-20,767.063468328853
2021-07-21,769.1053612525153
2021-07-22,765.3414020255343
2021-07-23,762.8877353588675
2021-07-26,761.7833126616086
2021-07-27,762.0201751023712
2021-07-28,760.189897205544
2021-07-29,760.6242499102876
2021-07-30,762.1181803541402
2021-08-02,760.7308470208068
2021-08-03,758.9249705429302
2021-08-04,724.4680050853356
2021-08-05,724.3427875928916
2021-08-06,718.5671155572301
2021-08-09,714.8503750582308
2021-08-10,717.781192773176
2021-08-11,720.4686927956479
2021-08-12,722.7633401371841
2021-08-13,723.8636913037022
2021-08-16,719.4924065339387
2021-08-17,720.0659078551461
2021-08-18,719.4720662368698
2021-08-19,718.8640178572847
2021-08-20,718.9292953377542
2021-08-23,721.2141461698283
2021-08-24,728.2892165462994
2021-08-25,766.3856479127953
2021-08-26,762.1834204899217
2021-08-27,761.7303651197257
2021-08-30,758.0634978460096
2021-08-31,758.673682512426
2021-09-01,753.2925086970467
2021-09-02,755.1949821191429
2021-09-03,759.4666955444172
2021-09-06,763.7241519846066
2021-09-07,761.8529918560195
2021-09-08,763.7534542904743
2021-09-09,761.0398644608111
2021-09-10,762.3356977941445
2021-09-13,763.6390580443992
2021-09-14,762.9587855919399
2021-09-15,779.7001287755819
2021-09-16,782.6533219250487
2021-09-17,776.2512361836609
2021-09-20,775.5626850062678
2021-09-21,778.3530183396011
2021-09-23,770.8119355801811
2021-09-24,770.5455879399193
2021-09-27,770.5233979282004
2021-09-28,769.2380407469177
2021-09-29,771.3722277803586
2021-09-30,774.0653348878366
2021-10-04,775.8028857190421
2021-10-05,773.2998043458691
2021-10-06,773.2200105704108
2021-10-07,770.5776735245748
2021-10-08,737.5237242628338
2021-10-11,733.9883941501291
2021-10-12,748.2556206362641
2021-10-15,754.2676777855037
2021-10-18,764.5604734522283
2021-10-19,777.1397917809664
2021-10-20,780.0895186570798
2021-10-21,783.8499726975872
2021-10-22,782.7855216944783
2021-10-25,782.3191481864695
2021-10-26,781.316826883297
2021-10-27,778.7818075118867
2021-10-28,777.0077104013673
2021-10-29,777.213377068034
2021-11-01,776.7032419821388
2021-11-02,783.1799413953001
2021-11-03,785.1205140691169
2021-11-04,785.650014069117
2021-11-05,786.9215252928085
2021-11-08,781.5156538654737
2021-11-09,781.7706206867788
2021-11-10,784.168235068333
2021-11-11,782.9880004135308
2021-11-12,782.695403518781
2021-11-15,789.921437231382
2021-11-16,790.4487705647153
2021-11-17,787.3382483646402
2021-11-18,783.4494526399959
2021-11-19,784.0313218909439
2021-11-22,776.0160848478062
2021-11-23,795.4293658208833
2021-11-24,830.659026700777
2021-11-25,845.0464814757094
2021-11-26,846.317533559779
2021-11-29,848.3614514997083
2021-11-30,852.3906194530829
2021-12-01,854.2804167465695
2021-12-02,851.1143699879618
2021-12-03,845.4120708811058
2021-12-06,847.1520130111035
2021-12-07,844.9695505766485
2021-12-08,842.9402226342215
2021-12-09,841.0832226342214
2021-12-10,837.99123088012
2021-12-13,835.0291344220786
2021-12-14,846.8021354075065
2021-12-15,866.9197128006962
2021-12-16,870.5259002181124
2021-12-17,875.5930689247532
2021-12-20,878.048943687509
2021-12-21,869.8093622938856
2021-12-22,864.8867640432695
2021-12-23,857.4541113115318
2021-12-24,856.737072857635
2021-12-28,858.0653663128575
2021-12-29,854.2279346480881
2021-12-30,855.5424617932082
2021-12-31,854.9350042952442
2022-01-03,853.9846963541174
2022-01-04,855.5508530493154
2022-01-05,907.5013916622328
2022-01-06,934.8091764109117
2022-01-07,927.6429918074323
2022-01-10,936.6388118974452
2022-01-11,929.1015024657493
2022-01-12,920.9979744721545
2022-01-13,924.8266565937652
2022-01-14,926.333008003845
2022-01-17,927.7147236302555
2022-01-18,926.7137788575017
2022-01-19,927.1624455241683
2022-01-20,927.127112190835
2022-01-21,941.402816064597
2022-01-24,944.0861493979303
2022-01-25,954.5127368112464
2022-01-26,946.7743332727658
2022-01-27,967.0544740734812
2022-01-28,991.879728926006
2022-01-31,991.444985893574
2022-02-04,1008.4556631432222
2022-02-07,1033.1141555873967
2022-02-08,1036.7804707123776
2022-02-09,1037.7342020635658
2022-02-10,1048.3848478292964
2022-02-11,1040.926433495546
2022-02-14,1040.6049334955462
2022-02-15,1051.5406603163415
2022-02-16,1053.4726603163413
2022-02-17,1059.790878065712
2022-02-18,1066.392757887283
2022-02-21,1045.0304957429396
2022-02-22,1044.2115230477523
2022-02-23,1053.9404152505083
2022-02-24,1069.391039920357
2022-02-25,1065.4302693140112
2022-02-28,1063.5533029906942
2022-03-01,1063.2441709417783
2022-03-02,1066.1274303119455
2022-03-03,1065.9025969786123
2022-03-04,1067.3023633187047
2022-03-07,1070.3829565593853
2022-03-08,1071.2626087372325
2022-03-09,1078.042883705709
2022-03-10,1078.0573121831362
2022-03-11,1079.4253121831362
2022-03-14,1020.6283090480055
2022-03-15,1043.8633395443915
2022-03-16,1051.9330780027256
2022-03-17,1047.9143904375405
2022-03-18,1051.2611986133695
2022-03-21,1054.0568652800362
2022-03-22,1057.8425319467028
2022-03-23,1060.4853652800364
2022-03-24,1062.597742317443
2022-03-25,1063.0553851113718
2022-03-28,1062.2705827149425
2022-03-29,1059.8032830008963
2022-03-30,1060.062949667563
2022-03-31,1065.6198394846888
2022-04-01,1067.7175521581692
2022-04-04,1075.3685152206278
2022-04-06,1122.6783914108871
2022-04-07,1115.2477534236502
2022-04-08,1098.9613058699167
2022-04-11,1101.7299423304644
2022-04-12,1105.4989599832093
2022-04-13,1101.9499017133096
2022-04-14,1101.6520546074166
2022-04-19,1106.5474066987374
2022-04-20,1108.3818514081577
2022-04-21,1109.611268788202
2022-04-22,1110.320268788202
2022-04-25,1097.991567362146
2022-04-26,1098.939572871157
2022-04-27,1087.5778187911742
2022-04-28,1085.830240565274
2022-04-29,1099.212436277069
2022-05-03,1099.7587096575419
2022-05-04,1102.3075341581318
2022-05-05,1110.0946094794015
2022-05-06,1088.1367998278752
2022-05-10,1079.1410556186725
2022-05-11,1083.1814411164748
2022-05-12,1076.346130305223
2022-05-13,1073.4421735345284
2022-05-16,1078.6545549742866
2022-05-17,1070.9376983168593
2022-05-18,1073.110038458142
2022-05-19,1065.891445095874
2022-05-20,1059.8320652743027
2022-05-23,1109.0605662324356
2022-05-24,1114.819962550718
2022-05-25,1111.489025498042
2022-05-26,1101.8720149239387
2022-05-27,1103.3225567286836
2022-05-30,1101.4562808885744
2022-05-31,1115.66673311783
2022-06-01,1121.5466566797518
2022-06-02,1125.804734370252
2022-06-06,1127.776637790784
2022-06-07,1132.5249995439067
2022-06-08,1138.4530005356116
2022-06-09,1135.215892233802
2022-06-10,1135.2950090504924
2022-06-13,1134.675675717159
2022-06-14,1173.7523006847766
2022-06-15,1130.9292370342234
2022-06-16,1119.5906444918066
2022-06-17,1116.307732118525
2022-06-20,1112.9053825132735
2022-06-21,1112.790215846607
2022-06-22,1111.7597158466072
2022-06-23,1110.614215846607
2022-06-24,1109.046964038393
2022-06-27,1113.866347840808
2022-06-28,1125.9008913585283
2022-06-29,1126.6147809486758
2022-06-30,1139.6361319835391
2022-07-04,1134.548575499747
2022-07-05,1131.3173727977357
2022-07-06,1084.914559090261
2022-07-07,1070.1927843283156
2022-07-08,1077.1243496886468
2022-07-11,1086.7204441832268
2022-07-12,1080.4336321825297
2022-07-13,1087.377530274712
2022-07-14,1092.7887887156471
2022-07-15,1093.6802081064159
2022-07-18,1092.1515042619887
2022-07-19,1088.780892885902
2022-07-20,1089.535578720711
2022-07-21,1093.174549381095
2022-07-22,1095.7355911297714
2022-07-25,1098.9085202828282
2022-07-26,1099.153353616162
2022-07-27,1105.7310302813144
2022-07-28,1098.8503451710749
2022-07-29,1117.4707823499143
2022-08-01,1127.7607342039557
2022-08-02,1142.4600866385213
2022-08-03,1137.721940335429
2022-08-04,1137.379062029894
2022-08-05,1130.1294387859612
2022-08-08,1125.917036534355
2022-08-09,1128.2617032010216
2022-08-10,1121.4948217612632
2022-08-11,1119.1194515978957
2022-08-12,1115.1632781232795
2022-08-15,1113.1444336531551
2022-08-16,1114.2734336531548
2022-08-17,1049.9708754018943
2022-08-18,1029.9962896248644
2022-08-19,1021.3701545186984
2022-08-22,1037.2262614320534
2022-08-23,1046.144355188779
2022-08-24,1058.4047670645418
2022-08-25,1043.9520187454111
2022-08-26,1039.2048657429866
2022-08-29,1036.44562138582
2022-08-30,1029.1724904397697
2022-08-31,1022.4472021126331
2022-09-01,1013.2220489430806
2022-09-02,1010.0147156097474
2022-09-05,1009.5845489430807
2022-09-06,1009.1522156097473
2022-09-07,990.7584259403499
2022-09-08,1012.0671240620364
2022-09-09,1027.4175644798863
2022-09-13,1036.8773322450156
2022-09-14,1042.9297083564768
2022-09-15,1041.8262188522885
2022-09-16,1047.4318897422006
2022-09-19,1048.3972707865553
2022-09-20,1047.8361041198887
2022-09-21,1038.4420970348817
2022-09-22,1025.7470139793581
2022-09-23,1023.6791794602643
2022-09-26,1008.3174950920675
2022-09-27,1007.7892114176146
2022-09-28,1008.3196643020507
2022-09-29,948.6933453202216
2022-09-30,902.4407438498351
2022-10-03,889.0333553809124
2022-10-05,902.9706480313274
2022-10-06,908.1775055042895
2022-10-07,897.7475587043082
2022-10-10,904.787644669503
2022-10-11,899.7724336007068
2022-10-12,892.5310697274028
2022-10-13,890.9392363940694
2022-10-14,885.468966512549
2022-10-17,878.7176625188317
2022-10-18,872.5229516557827
2022-10-19,866.769429417494
2022-10-20,865.366429417494
2022-10-21,855.4427054771492
2022-10-24,854.3827336753287
2022-10-25,814.6759092330955
2022-10-26,799.5253867155551
2022-10-27,759.4441626146103
2022-10-28,756.1439959479435
2022-10-31,754.2163292812769
2022-11-01,750.5061626146103
2022-11-02,746.2096601398208
2022-11-03,744.1849934731542
2022-11-04,752.8841387238789
2022-11-07,752.2484229003351
2022-11-08,748.7479229003351
2022-11-09,748.1080895670017
2022-11-10,744.9744229003351
2022-11-11,753.8854401270276
2022-11-14,770.3934824281008
2022-11-15,764.9606538467658
2022-11-16,768.9034980948546
2022-11-17,757.1850292000506
2022-11-18,761.8653734043943
2022-11-21,762.5552191696585
2022-11-22,768.8215457063772
2022-11-23,780.3860877346428
2022-11-24,797.4756384274746
2022-11-25,811.1908630196236
2022-11-28,820.7557180354164
2022-11-29,832.4915288010064
2022-11-30,847.291048046662
2022-12-01,849.5476566128756
2022-12-02,910.0874706119596
2022-12-05,914.6977389836845
2022-12-06,920.2240791865064
2022-12-07,919.9501257155039
2022-12-08,947.105909543076
2022-12-09,965.5518113998439
2022-12-12,959.1357598967522
2022-12-13,960.9168184244311
2022-12-14,963.2970597545482
2022-12-15,962.8488634902099
2022-12-16,962.5730258693482
2022-12-19,963.2650568052809
2022-12-20,965.5342234719476
2022-12-21,966.3315501446234
2022-12-22,965.5025972601874
2022-12-23,952.9467097203684
2022-12-28,961.226359859431
2022-12-29,981.7867093709469
2022-12-30,969.2902388995361
2023-01-03,986.4279316559665
2023-01-04,1002.7211165667518
2023-01-05,998.2843638263695
2023-01-06,1015.8738989044166
2023-01-09,1016.6260655710832
2023-01-10,1016.3225655710833
2023-01-11,1019.8396513136029
2023-01-12,1020.4039846469361
2023-01-13,1021.0799846469362
2023-01-16,1019.5634055564901
2023-01-17,1035.8546017947922
2023-01-18,1179.9834612782408
2023-01-19,1161.633490184108
2023-01-20,1174.0032505977256
2023-01-26,1199.0748828696644
2023-01-27,1223.7348661645058
2023-01-30,1274.0661409740846
2023-01-31,1287.1611471462456
2023-02-01,1295.636516515827
2023-02-02,1307.1765123204739
2023-02-03,1310.778055653807
2023-02-06,1306.0997749181724
2023-02-07,1306.2898019256243
2023-02-08,1313.7421123354368
2023-02-09,1318.2894423354367
2023-02-10,1319.5102756687702
2023-02-13,1268.0554674711902
2023-02-14,1245.4312259284159
2023-02-15,1260.6878350004986
2023-02-16,1255.4260342036039
2023-02-17,1275.1191950866885
2023-02-20,1264.2389961438917
2023-02-21,1275.8816395371591
2023-02-22,1283.061343972112
2023-02-23,1281.3029572921603
2023-02-24,1278.3116162158778
2023-02-27,1267.0904120859798
2023-02-28,1275.2627745013497
2023-03-01,1273.8344993276623
2023-03-02,1264.9048766184342
2023-03-03,1269.674595750577
2023-03-06,1135.4978090855254
2023-03-07,1123.6408074709418
2023-03-08,1116.8440881033066
2023-03-09,1129.91472050065
2023-03-10,1109.1212489034754
2023-03-13,1101.9244800013314
2023-03-14,1103.366768900334
2023-03-15,1099.0641626616339
2023-03-16,1099.382981758401
2023-03-17,1098.500344689406
2023-03-20,1101.4530053067408
2023-03-21,1109.6355589441066
2023-03-22,1120.9265388784302
2023-03-23,1119.838005733844
2023-03-24,1118.6943390671772
2023-03-27,1130.47780918839
2023-03-28,1133.9577565251245
2023-03-29,1117.6930113426586
2023-03-30,1112.132273570886
2023-03-31,1106.8430970614238
2023-04-03,1091.4758832802204
2023-04-04,1091.8883539848455
2023-04-06,1082.4657439456894
2023-04-11,1083.5885772790227
2023-04-12,1085.6735852607324
2023-04-13,1087.3198781848796
2023-04-14,1091.639724518213
2023-04-17,1091.2108911848795
2023-04-18,1092.5228911848797
2023-04-19,1077.056028279911
2023-04-20,967.8061853659066
2023-04-21,1013.5938134658743
2023-04-24,1009.2367809112336
2023-04-25,1011.2053718266181
2023-04-26,1023.9964862483498
2023-04-27,1001.3001487988264
2023-04-28,1041.8339106997364
2023-05-02,1035.6063746634886
2023-05-03,1032.8661303188383
2023-05-04,1060.3706856126778
2023-05-05,1076.8458487842363
2023-05-08,1086.6572095256827
2023-05-09,1094.6946189385433
2023-05-10,1112.571638095188
2023-05-11,1120.2416544215403
2023-05-12,1229.1276720888332
2023-05-15,1289.9467443528274
2023-05-16,1307.342963280175
2023-05-17,1307.3561279467801
2023-05-18,1299.9356084949002
2023-05-19,1313.4555215064838
2023-05-22,1304.7237592270583
2023-05-23,1310.9460893858227
2023-05-24,1303.5665514688424
2023-05-25,1289.0541751856267
2023-05-29,1285.7193213900423
2023-05-30,1273.6154967297452
2023-05-31,1266.8656322591064
2023-06-01,1263.6038130560125
2023-06-02,1256.8588186909897
2023-06-05,1319.3170667118
2023-06-06,1312.5840604093407
2023-06-07,1317.6178617847895
2023-06-08,1322.1437553234268
2023-06-09,1321.9964970571932
2023-06-12,1332.606915364559
2023-06-13,1340.67935895585
2023-06-14,1356.6092990997736
2023-06-15,1376.20124120578
2023-06-16,1385.7876265492812
2023-06-19,1382.371628538453
2023-06-20,1375.410434265518
2023-06-21,1368.5500404737531
2023-06-23,1378.136564680702
2023-06-26,1377.5142907682227
2023-06-27,1415.6370271348267
2023-06-28,1401.585326956894
2023-06-29,1449.7124260497474
2023-06-30,1472.0731646438674
2023-07-03,1476.6601950187885
2023-07-04,1489.2285828741658
2023-07-05,1478.6003816952946
2023-07-06,1481.5914041529197
2023-07-07,1485.2609301409734
2023-07-10,1500.3037689314983
2023-07-11,1517.7763843177054
2023-07-12,1519.4375826398743
2023-07-13,1539.3033848323325
2023-07-14,1549.7062239880402
2023-07-17,1546.4435573213736
2023-07-18,1507.7533464961462
2023-07-19,1471.5954862754215
2023-07-20,1482.1169120147072
2023-07-21,1469.7991489230408
2023-07-24,1443.7420208928415
2023-07-25,1432.7063849750443
2023-07-26,1384.5665206230356
2023-07-27,1405.1171919493406
2023-07-28,1413.8378323786646
2023-07-31,1389.6485245741146
2023-08-01,1378.52458358319
2023-08-02,1365.9000783245021
2023-08-03,1350.410358501829
2023-08-04,1325.2896760118513
2023-08-07,1314.526659685499
2023-08-08,1179.95407285597
2023-08-09,1094.8405713103987
2023-08-10,1048.1660225076282
2023-08-11,1019.5254394412117
2023-08-14,1007.3546617956765
2023-08-15,979.4014881702695
2023-08-16,969.4514187143715
2023-08-17,940.6130276542715
2023-08-18,932.8847435562705
2023-08-21,929.3827435562705
2023-08-22,925.1465768896038
2023-08-23,916.9278507854046
2023-08-24,909.8115129974742
2023-08-25,902.3674356641409
2023-08-28,897.4397689974743
2023-08-29,909.4174582941145
2023-08-30,953.7601374269892
2023-08-31,961.378391445255
2023-09-01,930.3810512151479
2023-09-04,939.2449222883131
2023-09-05,920.1710334786603
2023-09-06,917.2618078584142
2023-09-07,914.6534176842644
2023-09-08,888.3335818180402
2023-09-11,886.8415653952947
2023-09-12,889.5499195474895
2023-09-13,893.6322051000545
2023-09-14,891.7569350375362
2023-09-15,885.3479080574984
2023-09-18,887.8335704542715
2023-09-19,955.8321336791956
2023-09-20,951.8494425452378
2023-09-21,910.6469379994311
2023-09-22,884.8524258291817
2023-09-25,877.4564342066683
2023-09-26,867.0548766252701
2023-09-27,874.3675113084454
2023-09-28,866.5904499564072
2023-09-29,859.3795906350199
2023-10-03,840.3047438627856
2023-10-04,816.0590831432451
2023-10-05,807.941538487743
2023-10-06,785.9560696286178
2023-10-09,771.9165638062436
2023-10-10,771.9165638062436
2023-10-11,734.3707453026706
2023-10-12,704.3628314063601
2023-10-13,677.1553701718263
2023-10-16,658.7469061482424
2023-10-17,644.3955555573302
2023-10-18,625.9619207817382
2023-10-19,618.110517060676
2023-10-20,595.3120124010377
2023-10-24,577.791620511717
2023-10-25,567.4444963557606
2023-10-26,554.3052429933705
2023-10-27,553.0305763267039
2023-10-30,553.0305763267039
2023-10-31,553.0305763267039
2023-11-01,553.0305763267039
2023-11-02,629.2209726243746
2023-11-03,694.5318060853373
2023-11-06,747.990164038802
2023-11-07,765.9812745305371
2023-11-08,776.2549344509706
2023-11-09,783.3569057907632
2023-11-10,795.2491597270969
2023-11-13,802.9505173498248
2023-11-14,807.257707757911
2023-11-15,817.7552335100206
2023-11-16,825.1227091429811
2023-11-17,831.6686950153138
2023-11-20,837.7832879239016
2023-11-21,843.651648283261
2023-11-22,853.4202019694598
2023-11-23,821.9610074743855
2023-11-24,815.8421308446899
2023-11-27,853.1970986356765
2023-11-28,898.6556438417792
2023-11-29,903.8080437147935
2023-11-30,935.1256531403945
2023-12-01,930.6496390531299
2023-12-04,924.915247805557
2023-12-05,932.4853062215219
2023-12-06,925.271937300766
2023-12-07,923.5827102257916
2023-12-08,917.7942010395299
2023-12-11,916.6714246176703
2023-12-12,914.2496540333655
2023-12-13,916.5345114131666
2023-12-14,826.6044626792861
2023-12-15,917.1089624000089
2023-12-18,933.1180171394939
2023-12-19,936.3946970412635
2023-12-20,923.4754256613274
2023-12-21,928.0322740687884
2023-12-22,942.1563151169931
2023-12-27,956.5963332053689
2023-12-28,981.0652755029937
2023-12-29,991.0924217900778
2024-01-02,997.0955861118475
2024-01-03,1008.0558081718717
2024-01-04,1012.6666415052049
2024-01-05,1020.3940714256274
2024-01-08,1026.5801133125349
2024-01-09,1055.7696691071546
2024-01-10,1084.1228491449306
2024-01-11,1105.8402833372104
2024-01-12,1142.986546396266
2024-01-15,1162.1674262413803
2024-01-16,1176.2880850581232
2024-01-17,1196.8530949341146
2024-01-18,1206.9061584328367
2024-01-19,1213.2587719553992
2024-01-22,1223.4793958496116
2024-01-23,1234.7349395177214
2024-01-24,1254.5124758229272
2024-01-25,1268.2732753265966
2024-01-26,1280.1668409583697
2024-01-29,1286.6571969649603
2024-01-30,1224.138031640771
2024-01-31,1168.2148075712596
2024-02-01,1120.8721743967412
2024-02-02,1117.3815975140492
2024-02-05,1114.2994832021118
2024-02-06,1119.2428918486792
2024-02-07,1117.528532189586
2024-02-08,1115.5494286968444
2024-02-09,1112.3285716220917
2024-02-14,1108.3807129331838
2024-02-15,1107.4659951367014
2024-02-16,1106.4972242172992
2024-02-19,1125.9348065294691
2024-02-20,1130.4758655102585
2024-02-21,1133.086110642199
2024-02-22,1192.461264691012
2024-02-23,1211.298467113648
2024-02-26,1191.9676509227243
2024-02-27,1191.6843778245682
2024-02-28,1195.1311152440587
2024-02-29,1175.0887363446093
2024-03-01,1182.3283164988939
2024-03-04,1189.5058947185453
2024-03-05,1198.0661495292095
2024-03-06,1202.556013717377
2024-03-07,1206.4690618328495
2024-03-08,1215.8296802596763
2024-03-11,1220.1388782057795
2024-03-12,1226.3535075777731
2024-03-13,1245.7882105803058
2024-03-14,1233.7840736845358
2024-03-15,1155.9549967633834
2024-03-18,1165.753489818637
2024-03-19,1178.7260859151932
2024-03-20,1189.5270687149052
2024-03-21,1201.103421993777
2024-03-22,1206.7694599559045
2024-03-25,1203.162647987258
2024-03-26,1189.1216323849735
2024-03-27,1191.1465290802873
2024-03-28,1195.1271201405132
2024-04-02,1193.2022214244648
2024-04-03,1200.2147589806636
2024-04-05,1200.648667801052
2024-04-08,1201.9779222534207
2024-04-09,1192.4291515578027
2024-04-10,1188.13829179761
2024-04-11,1196.1716849568122
2024-04-12,1167.0590399428763
2024-04-15,1158.94521458108
2024-04-16,1158.4296569846288
2024-04-17,1146.772810794014
2024-04-18,1143.097936233766
2024-04-19,1150.6029999987015
2024-04-22,1142.2552094378225
2024-04-23,1144.810869505081
2024-04-24,1130.6043136989506
2024-04-25,1130.186772259369
2024-04-26,1128.1960295663405
2024-04-29,1139.8220514865372
2024-04-30,1142.6601929328856
2024-05-02,1141.3090324766893
2024-05-03,1149.5476345593822
2024-05-06,1176.0579854932375
2024-05-07,1184.810811432578
2024-05-08,1207.2941265019456
2024-05-09,1226.9401042195045
2024-05-10,1241.1719886573708
2024-05-13,1247.384786968482
2024-05-14,1248.1964884712315
2024-05-16,1250.12919844922
2024-05-17,1262.562882796423
2024-05-20,1248.6692297071072
2024-05-21,1256.3963173805328
2024-05-22,1257.6725323087578
2024-05-23,1296.15929572259
2024-05-24,1290.4124667272843
2024-05-27,1337.8108690154004
2024-05-28,1357.3254194349183
2024-05-29,1360.0897095083403
2024-05-30,1357.142470728803
2024-05-31,1372.904222029361
2024-06-03,1366.1392493882927
2024-06-04,1368.1618451820623
2024-06-05,1375.7573264968664
2024-06-06,1384.5030350864408
2024-06-07,1380.6034751031964
2024-06-11,1391.7000018248953
2024-06-12,1386.869127501286
2024-06-13,1368.6697237511082
2024-06-14,1404.076739263694
2024-06-17,1394.605510053088
2024-06-18,1431.2411172038883
2024-06-19,1422.4950327020927
2024-06-20,1440.045343645516
2024-06-21,1479.6395774725945
2024-06-24,1477.9364096861705
2024-06-25,1498.9277736383485
2024-06-26,1526.3938601040898
2024-06-27,1541.5185805649603
2024-06-28,1567.7518401114169
2024-07-02,1562.8466874755982
2024-07-03,1555.5725430215537
2024-07-04,1553.3405752188569
2024-07-05,1555.6023941780652
2024-07-08,1721.1444613515748
2024-07-09,1720.655464850744
2024-07-10,1709.7604175450103
2024-07-11,1710.0700026442696
2024-07-12,1711.6330133156648
2024-07-15,1703.3986839384315
2024-07-16,1696.214353586388
2024-07-17,1689.836164647914
2024-07-18,1693.6192818740833
2024-07-19,1722.1398144759346
2024-07-22,1728.532714158285
2024-07-23,1754.6574486925645
2024-07-24,1766.4200507276682
2024-07-25,1792.2579182252807
2024-07-26,1795.7937119153219
2024-07-29,1868.5375944697173
2024-07-30,1901.0095801675693
2024-07-31,1917.7192230905916
2024-08-01,1892.2552346446175
2024-08-02,1890.1438787412978
2024-08-05,1876.150457630486
2024-08-06,1874.593666134452
2024-08-07,1867.061950730891
2024-08-08,1865.952540589723
2024-08-09,1868.7359496023794
2024-08-12,1863.9556764153638
2024-08-13,1853.4394325995183
2024-08-14,1844.2934104680758
2024-08-15,1835.0317716787738
2024-08-16,1833.0386209921344
2024-08-19,1684.5576806966562
2024-08-20,1613.748325694501
2024-08-21,1537.2955358555012
2024-08-22,1472.6057133280365
2024-08-23,1441.0489798940725
2024-08-26,1425.3608151993094
2024-08-27,1403.0383002269984
2024-08-28,1409.7156029769676
2024-08-29,1409.9834943739522
2024-08-30,1414.310477092667
2024-09-02,1397.603101658088
2024-09-03,1391.1565607289438
2024-09-04,1370.9792964029607
2024-09-05,1385.063021410245
2024-09-06,1376.4363096271286
2024-09-09,1354.0682648435647
2024-09-10,1402.0481750883068
2024-09-11,1351.635962054178
2024-09-12,1341.8685484389196
2024-09-13,1316.4535115249137
2024-09-16,1253.5497993258032
2024-09-17,1223.318874832727
2024-09-19,1184.5320852830087
2024-09-20,1152.0788394552603
2024-09-23,1130.783216011992
2024-09-24,1101.4893074103436
2024-09-25,1105.0464644494407
2024-09-26,1110.8334751573339
2024-09-27,1119.5653700146554
2024-09-30,1113.0154717871978
2024-10-02,932.4377476625874
2024-10-03,911.5078047093809
2024-10-04,892.6520246636323
2024-10-07,890.0567673266262
2024-10-08,877.4267021719128
2024-10-09,872.0559303288547
2024-10-10,870.3320969955214
2024-10-14,870.3320969955214
2024-10-15,852.6913024818538
2024-10-16,824.3320913092061
2024-10-17,804.1279878914877
2024-10-18,772.4322728581327
2024-10-21,747.326412758941
2024-10-22,711.585722322584
2024-10-23,691.7554979869736
2024-10-24,741.1679324138703
2024-10-25,770.9784039492336
2024-10-28,792.565575726882
2024-10-29,788.1984918896725
2024-10-30,779.3086550855699
2024-10-31,758.7733811406545
2024-11-01,729.1554673085557
2024-11-04,744.255614790772
2024-11-05,753.6899583493864
2024-11-06,750.9721794657022
2024-11-07,754.6336302302545
2024-11-08,763.264492252771
2024-11-11,761.5196589194377
2024-11-12,752.6447906951655
2024-11-13,740.9829276354408
2024-11-14,878.4440566109236
2024-11-15,923.2388764902736
2024-11-18,925.7021435924938
2024-11-19,949.7323438815981
2024-11-20,970.7114240663516
2024-11-21,1014.566604599286
2024-11-22,1033.1561126204285
2024-11-25,1029.7486719535218
2024-11-26,1013.9668983758311
2024-11-27,1000.1945182857849
2024-11-28,1002.9402893837575
2024-11-29,1018.3488199061156
2024-12-02,1026.472596551382
2024-12-03,1022.1107997455096
2024-12-04,1033.7823629238742
2024-12-05,1030.6334656193742
2024-12-06,1023.8624859072629
2024-12-09,1047.4689080257147
2024-12-10,1088.349211815573
2024-12-11,1098.0676745610776
2024-12-12,1117.7233284476883
2024-12-13,1133.762975706191
2024-12-16,1165.4564671526282
2024-12-17,1183.8992688541293
2024-12-18,1201.4723000728932
2024-12-19,1194.5491937460895
2024-12-20,1190.42868020021
2024-12-23,1180.2924430568294
2024-12-24,1165.631177261394
2024-12-27,1170.892643280401
2024-12-30,1245.4887398214973
2024-12-31,1308.315077560553
2025-01-02,1412.332655524607
2025-01-03,1456.2114427803401
2025-01-06,1471.9470586208217
2025-01-07,1493.4207014325114
2025-01-08,1511.2328285039068
2025-01-09,1567.7909668532593
2025-01-10,1602.0621791724798
2025-01-13,1630.6559887913315
2025-01-14,1655.535968207957
2025-01-15,1684.282467434765
2025-01-16,1694.560062175213
2025-01-17,1715.2893975727106
2025-01-20,1733.8967886532896
2025-01-21,1615.6430896263685
2025-01-22,1563.3662976446074
2025-01-23,1525.7724975794188
2025-01-24,1514.592685319704
2025-01-27,1508.14164269362
2025-01-28,1511.6521465376468
2025-02-03,1511.6521465376468
2025-02-04,1490.8307931005838
2025-02-05,1475.2067280386934
2025-02-06,1492.7092703110138
2025-02-07,1522.5393316778216
2025-02-10,1522.6917110707789
2025-02-11,1533.559050484295
2025-02-12,1555.6328509174095
2025-02-13,1574.8180499011628
2025-02-14,1528.1583529106695
2025-02-17,1520.168233850512
2025-02-18,1529.4750484065999
2025-02-19,1539.9862199947358
2025-02-20,1596.7499260291042
2025-02-21,1615.3406244806215
2025-02-24,1657.695378303078
2025-02-25,1680.7232219726307
2025-02-26,1710.0102047029336
2025-02-27,1730.6419867485758
2025-02-28,1760.4861681097716
2025-03-03,1765.90190756891
2025-03-04,1776.405182703124
2025-03-05,1778.3022622848148
2025-03-06,1792.2591223738439
2025-03-07,2257.047912234572
2025-03-10,2205.6355138759545
2025-03-11,2156.2469339390254
2025-03-12,2120.5767160956984
2025-03-13,2119.9368876433596
2025-03-14,2109.5657055317974
2025-03-17,2100.0621262771247
2025-03-18,2102.707361189917
2025-03-19,2096.5188591329397
2025-03-20,2087.6530716828815
2025-03-21,2108.1446266071803
2025-03-24,2121.240968051062
2025-03-25,2136.5555596571917
2025-03-26,2139.2523929905246
2025-03-27,2146.5320925722467
2025-03-28,2397.693440202012
2025-03-31,2499.2339262997193
2025-04-01,2448.350993666193
2025-04-02,2428.639607988251
2025-04-03,2442.766399907626
2025-04-07,2547.5002179949565
2025-04-08,2578.2279145641014
2025-04-09,2544.218003719177
2025-04-10,2530.9911997023933
2025-04-11,2507.7509875484516
2025-04-14,2501.339935508818
2025-04-15,2504.015461630114
2025-04-16,2503.992034789464
2025-04-17,2513.3393910700615
2025-04-22,2532.8515938978
2025-04-23,2663.4038739524613
2025-04-24,2717.597203080434
2025-04-25,2769.9918204047744
2025-04-28,2831.90294781741
2025-04-29,2845.4628585673318
2025-04-30,2883.9464657269305
2025-05-02,2919.4473538474635
2025-05-06,2977.8968428810504
2025-05-07,3031.5501739890224
2025-05-08,3043.4617920617225
2025-05-09,3052.264993028196
2025-05-12,3092.093834660863
2025-05-13,3123.9758892679392
2025-05-14,3141.348752339726
2025-05-15,3137.790386627101
2025-05-16,3242.4110254692237
2025-05-19,3419.9083810866537
2025-05-20,3455.326006039167
2025-05-21,3454.4668732575565
2025-05-22,3416.755674693334
2025-05-23,3368.294947096393
2025-05-26,3317.6843294514824
2025-05-27,3291.479748679822
2025-05-28,3265.2010124776634
2025-05-29,3243.890893611091
2025-05-30,3224.549728623679
2025-06-02,3214.918901006444
2025-06-03,3202.739654086544
2025-06-04,3196.8311619457777
2025-06-05,3182.9219897248377
2025-06-06,2759.9159341311406
2025-06-09,2842.139295074516
2025-06-10,2951.459459603853
2025-06-11,2964.2822017689928
2025-06-12,2959.143047486495
2025-06-13,2963.5036783976616
2025-06-16,2979.6405904721128
2025-06-17,2945.301864112883
2025-06-18,2929.446130468359
2025-06-19,2927.9458418324953
2025-06-20,2917.177921771367
2025-06-23,2912.3571542775067
2025-06-24,2917.670467241893
2025-06-25,2923.0372946186462
2025-06-26,2914.4325237762014
2025-06-27,3378.082419760885
2025-06-30,3484.628432975786
2025-07-02,3543.2056025560864
2025-07-03,3528.5795047502197
2025-07-04,3511.1996137165083
2025-07-07,3401.0203400719215
2025-07-08,3372.003112417437
2025-07-09,3364.25293080805
2025-07-10,3362.1499465502407
2025-07-11,3397.7829927435655
2025-07-14,3392.7189285759637
2025-07-15,3392.582907711052
2025-07-16,3400.853342700831
2025-07-17,3391.818688177526
2025-07-18,3379.226578584286
2025-07-21,3780.8478228347044
2025-07-22,3979.28191264628
2025-07-23,4021.4463842314085
2025-07-24,4028.6736948928574
2025-07-25,4043.0219092449925
2025-07-28,4035.473747585884
2025-07-29,4012.295126103493
2025-07-30,3962.220309425596
2025-07-31,3945.940743628469
2025-08-01,3938.080415163949
2025-08-04,3902.912983933889
2025-08-05,3867.990688772022
2025-08-06,3839.8672781983328
2025-08-07,3807.7070845758053
2025-08-08,3798.1858211775257
2025-08-11,4151.668862948746
2025-08-12,4072.076753055345
2025-08-13,4139.603502917608
2025-08-14,4253.036499027028
2025-08-15,4248.884009626686
2025-08-18,4264.656586345446
2025-08-19,4281.5945875721245
2025-08-20,4299.383066784061
2025-08-21,4315.895391071303
2025-08-22,4335.1912651144075
2025-08-25,4346.715834754579
2025-08-26,4378.385844146364
2025-08-27,4389.931677536616
2025-08-28,4385.933257144259
2025-08-29,4419.439425495016
2025-09-01,4645.636257704844
2025-09-02,4702.670675683161
2025-09-03,4699.428830842762
2025-09-04,4745.747010097197
2025-09-05,4762.320642453612
2025-09-08,4773.070202300443
2025-09-09,4794.625240967745
2025-09-10,4825.530529287115
2025-09-11,4850.748457150365
2025-09-12,4890.174717908088
2025-09-15,4921.856949589963
2025-09-16,4930.739413988731
2025-09-17,4950.110201875231
2025-09-18,4961.355728205534
2025-09-19,4990.014143520768
2025-09-22,4487.943866025341
2025-09-23,4396.448021906278
2025-09-24,4393.469901306485
2025-09-25,4459.113466134867
2025-09-26,4487.705674186553
2025-09-29,4498.891325184997
2025-09-30,4507.977838854655
2025-10-02,4528.658045988362
2025-10-03,4516.41419785483
2025-10-06,4487.485302407052
2025-10-08,4489.6690178579
2025-10-09,4502.695368007892
2025-10-10,4513.032363261203
2025-10-13,4547.252860840156
2025-10-14,4561.964830017759
2025-10-15,4118.619032105718
2025-10-16,3932.042470460655
2025-10-17,3937.674898759905
2025-10-20,3907.8886571302087
2025-10-21,3913.35752763921
2025-10-22,3914.6178357446634
2025-10-23,4053.2146098973026
2025-10-24,4066.802691944367
2025-10-27,4089.6047124001984
2025-10-28,4132.446082137859
2025-10-30,4188.909674270771
2025-10-31,4197.6710989685025
2025-11-03,4215.223671019145
2025-11-04,4238.616687182921
2025-11-05,4259.166753067884
2025-11-06,3763.097934023963
2025-11-07,3660.182913466807
2025-11-10,3592.6619084174404
2025-11-11,3501.2443805536004
2025-11-12,3529.3528049133506
2025-11-13,3540.4908332126233
2025-11-14,3559.090324994728
2025-11-17,3576.803091867417
2025-11-18,3595.277273550621
2025-11-19,3594.076385900226
2025-11-20,3589.070270413585
2025-11-21,3571.154169529395
2025-11-24,3626.197772346415
2025-11-25,3653.7283349465715
2025-11-26,3644.3677855041797
2025-11-27,3523.398318162819
2025-11-28,3561.7522329999065
2025-12-01,3490.9819002232634
2025-12-02,3430.3836982679513
2025-12-03,3432.477522988171
2025-12-04,3410.691573011235
2025-12-05,3404.6350807816875
2025-12-08,3402.179180876832
2025-12-09,3420.4336456824585
2025-12-10,3464.30163419339
2025-12-11,3455.3691380446426
2025-12-12,3482.276142444762
2025-12-15,3467.40329945057
2025-12-16,3467.2502945211863
2025-12-17,3498.4833658600705
2025-12-18,3659.088784602317
2025-12-19,3628.8135641092244
2025-12-22,3662.703562464142
2025-12-23,3716.118252826197
2025-12-24,3691.6573579718224
2025-12-29,3707.7888852249534
2025-12-30,3734.4047902617503
2025-12-31,3718.5464085658937
2026-01-02,3727.8082610694573
2026-01-05,3742.649434954598
2026-01-06,3759.7659320623943
2026-01-07,3719.0905774292114
2026-01-08,3717.6864587244913
2026-01-09,3674.114421003305
2026-01-12,3652.2408919731192
2026-01-13,4029.133249065761
2026-01-14,4140.693579838416
2026-01-15,4171.154503080057
2026-01-16,4229.132478188989
2026-01-19,4222.863439299527
2026-01-20,4212.8248267326035
2026-01-21,4089.9029107746087
2026-01-22,4079.157430130857
2026-01-23,4059.2729062299436
2026-01-26,4005.738208552868
2026-01-27,3956.6794400138942
2026-01-28,3936.1741525390707
2026-01-29,3921.494250878961
2026-01-30,3895.3011566658647
2026-02-02,3886.601635379134
2026-02-03,4233.492454713059
2026-02-04,4251.394984519608
2026-02-05,4275.857198843144
2026-02-06,4256.098057673763
2026-02-09,4201.181146141126
2026-02-10,4166.674439373821
2026-02-11,4136.525564751305
2026-02-12,4132.081194339887
2026-02-13,4107.984917530425
2026-02-16,4090.22094418827
2026-02-20,4094.2242223030535
2026-02-23,4086.5796454445317
2026-02-24,4057.179611527871
2026-02-25,4147.029366828966
2026-02-26,4127.311169481525
2026-02-27,4341.543946009953
2026-03-02,4210.1040964244485
2026-03-03,4217.201643462032
2026-03-04,4303.9562563449235
2026-03-05,4323.470483751159
2026-03-06,4335.996267234297
2026-03-09,4333.690262837607
2026-03-10,4339.516455133504
2026-03-11,4321.015249713565
2026-03-12,4274.769848250296
2026-03-13,4276.93967748546
2026-03-16,4264.293951100801
2026-03-17,4264.060800333678
2026-03-18,4255.711542895247
2026-03-19,4210.370356463688
2026-03-20,4113.9143212009785
2026-03-23,4052.6703546824338
2026-03-24,3944.9803828848485
2026-03-25,3841.233518335079
2026-03-26,3858.536191194777
2026-03-27,3836.5629557356265
2026-03-30,3810.7872592609097
2026-03-31,3824.2088046992517
2026-04-01,3830.074637772837
2026-04-02,3816.2424703605407
