,top_turnover,bottom_turnover
2021-01-01,0.0,0.0
2021-01-02,0.04761904761904762,0.047619047619047616
2021-01-03,0.04761904761904762,0.047619047619047616
2021-01-04,0.04761904761904762,0.047619047619047616
2021-01-05,0.04761904761904762,0.047619047619047616
2021-01-06,0.0476190476190476,0.047619047619047616
2021-01-07,0.047619047619047644,0.047619047619047616
2021-01-08,0.047619047619047644,0.047619047619047616
2021-01-09,0.0476190476190476,0.047619047619047616
2021-01-10,0.047619047619047596,0.047619047619047616
2021-01-11,0.047619047619047596,0.047619047619047616
2021-01-12,0.04761904761904765,0.04761904761904766
2021-01-13,0.047619047619047644,0.047619047619047575
2021-01-14,0.0476190476190476,0.047619047619047644
2021-01-15,0.047619047619047686,0.0476190476190476
2021-01-16,0.04761904761904754,0.047619047619047616
2021-01-17,0.047619047619047665,0.047619047619047616
2021-01-18,0.04761904761904761,0.047619047619047616
2021-01-19,0.04761904761904757,0.04761904761904763
2021-01-20,0.047619047619047686,0.0476190476190476
2021-01-21,0.04761904761904756,0.04761904761904763
2021-01-22,0.047619047619047686,0.0476190476190476
2021-01-23,0.05714285714285714,0.023809523809523794
2021-01-24,0.05714285714285709,0.023809523809523822
2021-01-25,0.057142857142857155,0.023809523809523822
2021-01-26,0.0380952380952381,0.047619047619047616
2021-01-27,0.038095238095238106,0.047619047619047616
2021-01-28,0.0380952380952381,0.047619047619047616
2021-01-29,0.03809523809523813,0.047619047619047616
2021-01-30,0.0380952380952381,0.047619047619047616
2021-01-31,0.03809523809523807,0.047619047619047616
2021-02-01,0.03809523809523812,0.07142857142857144
2021-02-02,0.03809523809523809,0.07142857142857141
2021-02-03,0.03809523809523811,0.07142857142857144
2021-02-04,0.03809523809523808,0.07142857142857142
2021-02-05,0.03809523809523815,0.09523809523809526
2021-02-06,0.038095238095238126,0.07142857142857142
2021-02-07,0.03809523809523806,0.07142857142857144
2021-02-08,0.038095238095238126,0.04761904761904759
2021-02-09,0.057142857142857106,0.047619047619047644
2021-02-10,0.05714285714285717,0.04761904761904759
2021-02-11,0.0380952380952381,0.047619047619047644
2021-02-12,0.03809523809523809,0.04761904761904759
2021-02-13,0.03809523809523809,0.047619047619047644
2021-02-14,0.038095238095238106,0.0476190476190476
2021-02-15,0.01904761904761905,0.04761904761904763
2021-02-16,0.01904761904761905,0.047619047619047616
2021-02-17,0.01904761904761903,0.047619047619047616
2021-02-18,0.019047619047619084,0.023809523809523822
2021-02-19,0.019047619047619042,0.023809523809523794
2021-02-20,0.019047619047619008,0.023809523809523822
2021-02-21,0.019047619047619063,0.023809523809523794
2021-02-22,0.019047619047619063,0.023809523809523822
2021-02-23,0.019047619047619063,0.023809523809523794
2021-02-24,0.019047619047619035,0.023809523809523822
2021-02-25,0.01904761904761902,0.023809523809523822
2021-02-26,0.019047619047619063,0.0
2021-02-27,0.01904761904761905,0.0
2021-02-28,0.01904761904761902,0.0
2021-03-01,0.01904761904761909,0.0
2021-03-02,0.019047619047619035,0.0
2021-03-03,0.01904761904761905,0.0
2021-03-04,0.019047619047619035,0.019047619047619015
2021-03-05,0.019047619047619035,0.019047619047619015
2021-03-06,0.019047619047619077,0.019047619047619237
2021-03-07,0.01904761904761905,0.019047619047619015
2021-03-08,0.019047619047619063,0.019047619047619008
2021-03-09,0.019047619047619035,0.01904761904761902
2021-03-10,0.03809523809523808,0.01904761904761902
2021-03-11,0.03809523809523812,0.01904761904761912
2021-03-12,0.015873015873015844,0.019047619047619008
2021-03-13,0.015873015873015858,0.019047619047619008
2021-03-14,0.015873015873015955,0.01904761904761902
2021-03-15,0.015873015873015914,0.01904761904761902
2021-03-16,0.031746031746031786,0.019047619047619008
2021-03-17,0.031746031746031717,0.019047619047619258
2021-03-18,0.031746031746031717,0.019047619047619015
2021-03-19,0.031746031746031717,0.03809523809523802
2021-03-20,0.03174603174603176,0.038095238095238106
2021-03-21,0.031746031746031717,0.03809523809523805
2021-03-22,0.03174603174603171,0.038095238095238154
2021-03-23,0.04761904761904762,0.038095238095238085
2021-03-24,0.04761904761904766,0.03809523809523806
2021-03-25,0.031746031746031786,0.019047619047619035
2021-03-26,0.0317460317460317,0.019047619047619042
2021-03-27,0.031746031746031786,0.019047619047619056
2021-03-28,0.015873015873015893,0.019047619047619042
2021-03-29,0.01587301587301588,0.019047619047619056
2021-03-30,0.0158730158730159,0.019047619047619035
2021-03-31,0.015873015873015858,0.01904761904761905
2021-04-01,0.015873015873015844,0.03809523809523806
2021-04-02,0.015873015873015886,0.05714285714285714
2021-04-03,0.015873015873015893,0.05714285714285716
2021-04-04,0.01587301587301585,0.038095238095238085
2021-04-05,0.015873015873015886,0.038095238095238106
2021-04-06,0.015873015873015886,0.05714285714285714
2021-04-07,0.03174603174603173,0.038095238095238106
2021-04-08,0.031746031746031744,0.03809523809523809
2021-04-09,0.03174603174603173,0.03809523809523807
2021-04-10,0.03174603174603176,0.01904761904761909
2021-04-11,0.03174603174603175,0.01904761904761909
2021-04-12,0.015873015873015872,0.019047619047619063
2021-04-13,0.031746031746031744,0.019047619047619035
2021-04-14,0.047619047619047616,0.03809523809523813
2021-04-15,0.047619047619047616,0.03809523809523808
2021-04-16,0.047619047619047616,0.05714285714285717
2021-04-17,0.047619047619047616,0.05714285714285714
2021-04-18,0.031746031746031744,0.05714285714285717
2021-04-19,0.03174603174603175,0.0571428571428571
2021-04-20,0.03174603174603175,0.05714285714285717
2021-04-21,0.03174603174603172,0.057142857142857155
2021-04-22,0.03174603174603175,0.03809523809523807
2021-04-23,0.03174603174603176,0.03809523809523812
2021-04-24,0.03174603174603173,0.019047619047619105
2021-04-25,0.031746031746031744,0.057142857142857155
2021-04-26,0.03174603174603173,0.05714285714285714
2021-04-27,0.031746031746031765,0.03809523809523812
2021-04-28,0.03174603174603172,0.0380952380952381
2021-04-29,0.031746031746031765,0.038095238095238085
2021-04-30,0.03174603174603174,0.04761904761904758
2021-05-01,0.031746031746031744,0.031746031746031744
2021-05-02,0.031746031746031744,0.03174603174603176
2021-05-03,0.015873015873015876,0.03174603174603186
2021-05-04,0.01587301587301588,0.0476190476190476
2021-05-05,0.015873015873015893,0.03174603174603178
2021-05-06,0.0158730158730159,0.03174603174603165
2021-05-07,0.015873015873015872,0.0317460317460318
2021-05-08,0.015873015873015872,0.031746031746031717
2021-05-09,0.015873015873015872,0.031746031746031717
2021-05-10,0.04761904761904761,0.031746031746031744
2021-05-11,0.015873015873015907,0.031746031746031786
2021-05-12,0.0158730158730159,0.03174603174603173
2021-05-13,0.015873015873015872,0.031746031746031744
2021-05-14,0.015873015873015907,0.03174603174603179
2021-05-15,0.015873015873015893,0.031746031746031696
2021-05-16,0.015873015873015872,0.06349206349206352
2021-05-17,0.015873015873015886,0.06349206349206354
2021-05-18,0.015873015873015914,0.04761904761904756
2021-05-19,0.027210884353741516,0.031746031746031786
2021-05-20,0.02721088435374144,0.03174603174603176
2021-05-21,0.027210884353741548,0.031746031746031717
2021-05-22,0.013605442176870756,0.03174603174603175
2021-05-23,0.013605442176870697,0.031746031746031765
2021-05-24,0.027210884353741544,0.03174603174603177
2021-05-25,0.027210884353741496,0.01587301587301588
2021-05-26,0.027210884353741464,0.01587301587301588
2021-05-27,0.013605442176870729,0.015873015873015858
2021-05-28,0.01360544217687084,0.015873015873015872
2021-05-29,0.013605442176870782,0.015873015873015872
2021-05-30,0.027210884353741423,0.015873015873015872
2021-05-31,0.040816326530612276,0.015873015873015872
2021-06-01,0.027210884353741492,0.015873015873015858
2021-06-02,0.027210884353741492,0.01587301587301588
2021-06-03,0.027210884353741437,0.01587301587301588
2021-06-04,0.02721088435374152,0.015873015873015872
2021-06-05,0.027210884353741506,0.01587301587301588
2021-06-06,0.027210884353741464,0.04761904761904758
2021-06-07,0.02721088435374159,0.047619047619047644
2021-06-08,0.027210884353741464,0.031746031746031744
2021-06-09,0.013605442176870739,0.015873015873015844
2021-06-10,0.01360544217687075,0.0158730158730159
2021-06-11,0.01360544217687077,0.0
2021-06-12,0.0,0.0
2021-06-13,2.7755575615628914e-17,0.0158730158730159
2021-06-14,0.0,0.015873015873015893
2021-06-15,0.013605442176870743,0.03174603174603175
2021-06-16,0.0,0.015873015873015872
2021-06-17,0.013605442176870756,0.031746031746031744
2021-06-18,0.0,0.03174603174603176
2021-06-19,0.013605442176870756,0.031746031746031744
2021-06-20,0.013605442176870739,0.03174603174603173
2021-06-21,0.01360544217687075,0.047619047619047616
2021-06-22,0.01360544217687075,0.04761904761904761
2021-06-23,0.01360544217687075,0.04761904761904764
2021-06-24,0.013605442176870748,0.047619047619047596
2021-06-25,0.01360544217687075,0.03174603174603174
2021-06-26,0.01360544217687075,0.031746031746031765
2021-06-27,0.013605442176870743,0.04761904761904761
2021-06-28,0.0,0.047619047619047596
2021-06-29,1.3877787807814457e-17,0.03174603174603175
2021-06-30,1.3877787807814457e-17,0.04761904761904761
2021-07-01,0.0,0.031746031746031765
2021-07-02,0.0,0.03174603174603173
2021-07-03,0.0,0.03174603174603177
2021-07-04,1.3877787807814457e-17,0.0476190476190476
2021-07-05,1.3877787807814457e-17,0.0476190476190476
2021-07-06,0.0,0.06349206349206347
2021-07-07,0.0,0.047619047619047644
2021-07-08,0.013605442176870743,0.04761904761904761
2021-07-09,0.01360544217687077,0.03174603174603175
2021-07-10,0.04081632653061228,0.031746031746031834
2021-07-11,0.040816326530612256,0.031746031746031765
2021-07-12,0.040816326530612235,0.015873015873015844
2021-07-13,0.04081632653061224,0.015873015873015928
2021-07-14,0.040816326530612235,0.0158730158730159
2021-07-15,0.05442176870748296,0.015873015873015886
2021-07-16,0.05442176870748302,0.031746031746031744
2021-07-17,0.05442176870748301,0.031746031746031786
2021-07-18,0.05442176870748296,0.031746031746031744
2021-07-19,0.054421768707483005,0.031746031746031786
2021-07-20,0.054421768707482984,0.031746031746031717
2021-07-21,0.05442176870748298,0.031746031746031744
2021-07-22,0.06802721088435373,0.01587301587301588
2021-07-23,0.054421768707483026,0.015873015873015865
2021-07-24,0.04081632653061225,0.015873015873015872
2021-07-25,0.040816326530612235,0.015873015873015872
2021-07-26,0.040816326530612235,0.015873015873015865
2021-07-27,0.04081632653061226,0.015873015873015893
2021-07-28,0.04081632653061224,0.015873015873015872
2021-07-29,0.04081632653061224,0.015873015873015872
2021-07-30,0.027210884353741513,0.015873015873015872
2021-07-31,0.013605442176870777,0.015873015873015872
2021-08-01,0.01360544217687075,0.015873015873015872
2021-08-02,0.013605442176870791,0.015873015873015865
2021-08-03,0.013605442176870777,0.03174603174603175
2021-08-04,0.027210884353741492,0.031746031746031744
2021-08-05,0.027210884353741478,0.03174603174603178
2021-08-06,0.027210884353741492,0.031746031746031765
2021-08-07,0.027210884353741513,0.031746031746031744
2021-08-08,0.01360544217687075,0.03174603174603177
2021-08-09,0.027210884353741503,0.031746031746031765
2021-08-10,0.01360544217687077,0.01587301587301588
2021-08-11,0.01360544217687077,0.015873015873015872
2021-08-12,0.01360544217687075,0.015873015873015872
2021-08-13,0.01360544217687075,0.015873015873015886
2021-08-14,0.01360544217687075,0.015873015873015886
2021-08-15,0.013605442176870743,0.015873015873015886
2021-08-16,0.01360544217687075,0.015873015873015858
2021-08-17,6.938893903907228e-18,0.0158730158730159
2021-08-18,2.0816681711721685e-17,0.015873015873015872
2021-08-19,0.013605442176870743,0.015873015873015886
2021-08-20,2.0816681711721685e-17,0.015873015873015858
2021-08-21,6.938893903907228e-18,0.031746031746031744
2021-08-22,0.013605442176870729,0.031746031746031786
2021-08-23,0.013605442176870777,0.015873015873015872
2021-08-24,0.013605442176870756,0.031746031746031744
2021-08-25,0.02721088435374147,0.031746031746031814
2021-08-26,0.013605442176870777,0.03174603174603179
2021-08-27,0.013605442176870736,0.03174603174603174
2021-08-28,0.01360544217687075,0.03174603174603177
2021-08-29,0.013605442176870763,0.03174603174603176
2021-08-30,0.013605442176870753,0.031746031746031765
2021-08-31,0.013605442176870756,0.03174603174603175
2021-09-01,0.013605442176870736,0.03174603174603175
2021-09-02,0.013605442176870763,0.03174603174603174
2021-09-03,0.013605442176870756,0.03174603174603174
2021-09-04,0.013605442176870769,0.03174603174603175
2021-09-05,0.013605442176870756,0.031746031746031744
2021-09-06,0.013605442176870743,0.031746031746031744
2021-09-07,0.01360544217687075,0.047619047619047616
2021-09-08,0.013605442176870756,0.04761904761904763
2021-09-09,0.013605442176870756,0.06349206349206349
2021-09-10,0.013605442176870743,0.06349206349206346
2021-09-11,0.013605442176870739,0.0634920634920635
2021-09-12,0.013605442176870743,0.04761904761904763
2021-09-13,0.013605442176870769,0.04761904761904761
2021-09-14,0.013605442176870756,0.06349206349206349
2021-09-15,0.013605442176870729,0.06349206349206346
2021-09-16,0.0,0.06349206349206352
2021-09-17,0.0,0.06349206349206349
2021-09-18,0.0,0.047619047619047616
2021-09-19,0.0,0.047619047619047616
2021-09-20,0.0,0.04761904761904762
2021-09-21,0.0,0.047619047619047596
2021-09-22,0.0,0.06349206349206347
2021-09-23,0.0,0.06349206349206352
2021-09-24,0.0,0.0476190476190476
2021-09-25,0.0,0.04761904761904764
2021-09-26,0.0,0.06349206349206349
2021-09-27,0.0,0.047619047619047616
2021-09-28,0.0,0.047619047619047616
2021-09-29,0.0,0.03174603174603176
2021-09-30,0.0,0.015873015873015872
2021-10-01,0.0,0.015873015873015872
2021-10-02,0.0,0.01587301587301585
2021-10-03,0.0,0.01587301587301588
2021-10-04,0.0,0.015873015873015872
2021-10-05,0.0,0.015873015873015872
2021-10-06,0.0,0.015873015873015872
2021-10-07,0.0,0.027210884353741555
2021-10-08,0.0,0.027210884353741457
2021-10-09,0.0,0.027210884353741506
2021-10-10,0.0,0.02721088435374145
2021-10-11,0.0,0.027210884353741516
2021-10-12,0.0,0.02721088435374149
2021-10-13,0.0,0.040816326530612235
2021-10-14,0.0,0.040816326530612235
2021-10-15,0.0,0.04081632653061226
2021-10-16,0.0,0.04081632653061227
2021-10-17,0.0,0.027210884353741513
2021-10-18,0.0,0.0272108843537415
2021-10-19,0.0,0.027210884353741485
2021-10-20,0.0,0.0272108843537415
2021-10-21,0.0,0.0272108843537415
2021-10-22,0.0,0.013605442176870722
2021-10-23,0.0,0.013605442176870666
2021-10-24,0.013605442176870756,0.013605442176870805
2021-10-25,0.013605442176870756,0.013605442176870694
2021-10-26,0.01360544217687074,0.013605442176870874
2021-10-27,0.013605442176870743,0.013605442176870708
2021-10-28,0.023809523809523805,0.0
2021-10-29,0.023809523809523732,0.0
2021-10-30,0.023809523809523878,0.0
2021-10-31,0.023809523809523753,0.0
2021-11-01,0.02380952380952389,0.013605442176870756
2021-11-02,0.023809523809523836,0.013605442176870756
2021-11-03,0.023809523809523635,0.013605442176870743
2021-11-04,0.02380952380952396,0.013605442176870743
2021-11-05,0.023809523809523746,0.01360544217687074
2021-11-06,0.011904761904761973,0.0272108843537415
2021-11-07,0.011904761904761842,0.02721088435374148
2021-11-08,0.01190476190476198,0.027210884353741527
2021-11-09,0.011904761904761814,0.027210884353741485
2021-11-10,0.011904761904761849,0.02721088435374148
2021-11-11,0.02380952380952389,0.027210884353741478
2021-11-12,0.023809523809523746,0.02721088435374152
2021-11-13,0.023809523809523933,0.027210884353741492
2021-11-14,0.011904761904761745,0.013605442176870736
2021-11-15,0.011904761904761911,0.027210884353741513
2021-11-16,0.01190476190476182,0.0272108843537415
2021-11-17,0.011904761904762015,0.013605442176870762
2021-11-18,0.0,0.027210884353741485
2021-11-19,0.0,0.027210884353741534
2021-11-20,0.0,0.027210884353741485
2021-11-21,0.0,0.027210884353741506
2021-11-22,0.011904761904761897,0.0272108843537415
2021-11-23,0.0,0.013605442176870743
2021-11-24,0.011904761904761911,0.01360544217687075
2021-11-25,0.011904761904761904,0.013605442176870763
2021-11-26,0.011904761904761904,0.01360544217687077
2021-11-27,0.011904761904761897,0.027210884353741492
2021-11-28,0.011904761904761911,0.05442176870748298
2021-11-29,0.023809523809523815,0.040816326530612276
2021-11-30,0.0238095238095238,0.027210884353741503
2021-12-01,0.011904761904761904,0.05442176870748298
2021-12-02,0.023809523809523815,0.040816326530612235
2021-12-03,0.011904761904761904,0.027210884353741478
2021-12-04,0.011904761904761897,0.040816326530612256
2021-12-05,0.011904761904761904,0.02721088435374152
2021-12-06,0.011904761904761904,0.027210884353741527
2021-12-07,0.011904761904761911,0.02721088435374149
2021-12-08,0.011904761904761897,6.938893903907228e-18
2021-12-09,0.0,0.013605442176870777
2021-12-10,0.0,0.013605442176870743
2021-12-11,0.0,0.01360544217687075
2021-12-12,0.0,0.013605442176870777
2021-12-13,0.011904761904761911,0.013605442176870748
2021-12-14,0.0,0.013605442176870746
2021-12-15,0.011904761904761897,0.013605442176870746
2021-12-16,0.011904761904761911,0.01360544217687075
2021-12-17,0.011904761904761904,0.013605442176870776
2021-12-18,0.023809523809523815,0.01360544217687075
2021-12-19,0.0238095238095238,0.0272108843537415
2021-12-20,0.03571428571428571,0.027210884353741506
2021-12-21,0.03571428571428571,0.027210884353741506
2021-12-22,0.023809523809523822,0.040816326530612214
2021-12-23,0.0238095238095238,0.027210884353741492
2021-12-24,0.03571428571428572,0.01360544217687075
2021-12-25,0.023809523809523808,0.02721088435374152
2021-12-26,0.023809523809523808,0.013605442176870722
2021-12-27,0.023809523809523815,0.013605442176870736
2021-12-28,0.023809523809523815,0.01360544217687075
2021-12-29,0.011904761904761911,0.013605442176870736
2021-12-30,0.011904761904761897,0.01360544217687075
2021-12-31,0.011904761904761911,0.01360544217687077
2022-01-01,0.011904761904761897,0.013605442176870736
2022-01-02,0.011904761904761911,0.013605442176870756
2022-01-03,0.011904761904761897,0.0
2022-01-04,0.011904761904761904,0.0
2022-01-05,0.011904761904761904,0.01360544217687075
2022-01-06,0.011904761904761904,0.01360544217687075
2022-01-07,0.0238095238095238,6.938893903907228e-18
2022-01-08,0.011904761904761918,6.938893903907228e-18
2022-01-09,0.011904761904761897,6.938893903907228e-18
2022-01-10,0.011904761904761911,0.027210884353741485
2022-01-11,0.011904761904761897,0.013605442176870756
2022-01-12,0.011904761904761911,0.013605442176870769
2022-01-13,0.011904761904761897,0.013605442176870756
2022-01-14,0.011904761904761911,0.0
2022-01-15,0.011904761904761897,0.0
2022-01-16,0.011904761904761911,2.7755575615628914e-17
2022-01-17,0.011904761904761897,0.013605442176870763
2022-01-18,0.011904761904761911,0.013605442176870743
2022-01-19,0.011904761904761911,0.013605442176870743
2022-01-20,0.011904761904761897,0.013605442176870784
2022-01-21,0.011904761904761911,0.013605442176870743
2022-01-22,0.011904761904761897,0.013605442176870743
2022-01-23,0.011904761904761911,0.01360544217687075
2022-01-24,0.011904761904761897,2.7755575615628914e-17
2022-01-25,0.023809523809523808,1.3877787807814457e-17
2022-01-26,0.023809523809523808,0.01360544217687076
2022-01-27,0.03571428571428572,0.013605442176870753
2022-01-28,0.035714285714285705,0.013605442176870725
2022-01-29,0.02380952380952383,0.01360544217687077
2022-01-30,0.01190476190476189,2.7755575615628914e-17
2022-01-31,0.011904761904761918,0.013605442176870756
2022-02-01,0.01190476190476189,0.013605442176870767
2022-02-02,0.011904761904761918,6.938893903907228e-18
2022-02-03,0.01190476190476189,6.938893903907228e-18
2022-02-04,0.011904761904761918,0.027210884353741496
2022-02-05,0.01190476190476189,0.027210884353741485
2022-02-06,0.011904761904761911,0.027210884353741492
2022-02-07,0.011904761904761904,0.027210884353741492
2022-02-08,0.011904761904761904,0.027210884353741496
2022-02-09,0.023809523809523808,0.02721088435374152
2022-02-10,0.023809523809523808,0.027210884353741478
2022-02-11,0.023809523809523808,0.027210884353741485
2022-02-12,0.023809523809523808,0.027210884353741513
2022-02-13,0.023809523809523808,0.027210884353741527
2022-02-14,0.023809523809523808,0.027210884353741485
2022-02-15,0.023809523809523808,0.0272108843537415
2022-02-16,0.023809523809523815,0.02721088435374149
2022-02-17,0.023809523809523808,0.0272108843537415
2022-02-18,0.023809523809523808,0.013605442176870777
2022-02-19,0.023809523809523808,0.027210884353741485
2022-02-20,0.011904761904761911,0.04081632653061226
2022-02-21,0.011904761904761897,0.0272108843537415
2022-02-22,0.011904761904761911,0.040816326530612214
2022-02-23,0.011904761904761897,0.027210884353741496
2022-02-24,0.011904761904761911,0.0272108843537415
2022-02-25,0.011904761904761897,0.01360544217687075
2022-02-26,0.011904761904761911,0.01360544217687075
2022-02-27,0.0,0.013605442176870739
2022-02-28,0.0,0.01360544217687075
2022-03-01,0.0,0.013605442176870763
2022-03-02,0.011904761904761911,0.01360544217687075
2022-03-03,0.023809523809523808,0.013605442176870736
2022-03-04,0.023809523809523808,0.027210884353741506
2022-03-05,0.023809523809523808,0.027210884353741492
2022-03-06,0.023809523809523808,0.027210884353741485
2022-03-07,0.03571428571428572,0.0272108843537415
2022-03-08,0.035714285714285705,0.0272108843537415
2022-03-09,0.04761904761904763,0.027210884353741478
2022-03-10,0.0476190476190476,0.027210884353741513
2022-03-11,0.04761904761904763,0.027210884353741506
2022-03-12,0.04761904761904761,0.013605442176870743
2022-03-13,0.04761904761904764,0.013605442176870736
2022-03-14,0.0476190476190476,0.013605442176870756
2022-03-15,0.035714285714285726,0.01360544217687075
2022-03-16,0.0357142857142857,0.01360544217687075
2022-03-17,0.035714285714285726,0.027210884353741475
2022-03-18,0.035714285714285705,0.027210884353741506
2022-03-19,0.03571428571428572,0.027210884353741513
2022-03-20,0.023809523809523808,0.027210884353741492
2022-03-21,0.023809523809523808,0.027210884353741485
2022-03-22,0.023809523809523808,0.027210884353741485
2022-03-23,0.011904761904761904,0.027210884353741513
2022-03-24,0.03571428571428571,0.0272108843537415
2022-03-25,0.03571428571428572,0.02721088435374147
2022-03-26,0.035714285714285705,0.027210884353741513
2022-03-27,0.035714285714285726,0.027210884353741513
2022-03-28,0.0476190476190476,0.027210884353741485
2022-03-29,0.04761904761904763,0.02721088435374147
2022-03-30,0.059523809523809514,0.013605442176870756
2022-03-31,0.04761904761904763,0.013605442176870756
2022-04-01,0.0476190476190476,0.013605442176870743
2022-04-02,0.04761904761904763,0.02721088435374151
2022-04-03,0.047619047619047616,0.027210884353741513
2022-04-04,0.059523809523809514,0.02721088435374148
2022-04-05,0.04761904761904763,0.027210884353741485
2022-04-06,0.04761904761904761,0.02721088435374149
2022-04-07,0.04761904761904763,0.040816326530612235
2022-04-08,0.04761904761904761,0.040816326530612256
2022-04-09,0.059523809523809534,0.040816326530612276
2022-04-10,0.04761904761904761,0.04081632653061222
2022-04-11,0.04761904761904762,0.04081632653061225
2022-04-12,0.035714285714285705,0.04081632653061227
2022-04-13,0.03571428571428572,0.040816326530612256
2022-04-14,0.023809523809523815,0.04081632653061222
2022-04-15,0.0238095238095238,0.04081632653061224
2022-04-16,0.011904761904761904,0.05442176870748302
2022-04-17,0.011904761904761897,0.05442176870748296
2022-04-18,0.023809523809523815,0.054421768707483026
2022-04-19,0.0238095238095238,0.0408163265306122
2022-04-20,0.023809523809523815,0.027210884353741534
2022-04-21,0.03571428571428572,0.027210884353741534
2022-04-22,0.0238095238095238,0.027210884353741492
2022-04-23,0.023809523809523822,0.027210884353741492
2022-04-24,0.023809523809523794,0.027210884353741503
2022-04-25,0.03571428571428572,0.027210884353741506
2022-04-26,0.047619047619047616,0.027210884353741492
2022-04-27,0.03571428571428573,0.02721088435374153
2022-04-28,0.03571428571428569,0.02721088435374147
2022-04-29,0.03571428571428573,0.0272108843537415
2022-04-30,0.035714285714285705,0.027210884353741513
2022-05-01,0.035714285714285726,0.02721088435374152
2022-05-02,0.035714285714285705,0.027210884353741496
2022-05-03,0.023809523809523822,0.027210884353741492
2022-05-04,0.035714285714285705,0.027210884353741506
2022-05-05,0.03571428571428572,0.027210884353741534
2022-05-06,0.035714285714285705,0.027210884353741492
2022-05-07,0.023809523809523815,0.02721088435374147
2022-05-08,0.023809523809523815,0.027210884353741527
2022-05-09,0.023809523809523794,0.027210884353741503
2022-05-10,0.023809523809523822,0.013605442176870763
2022-05-11,0.023809523809523794,0.013605442176870736
2022-05-12,0.023809523809523822,0.013605442176870777
2022-05-13,0.011904761904761897,0.013605442176870791
2022-05-14,0.011904761904761911,0.027210884353741478
2022-05-15,0.011904761904761904,0.027210884353741492
2022-05-16,0.011904761904761904,0.02721088435374152
2022-05-17,0.011904761904761911,0.027210884353741513
2022-05-18,0.011904761904761904,0.027210884353741513
2022-05-19,0.011904761904761904,0.027210884353741478
2022-05-20,0.011904761904761904,0.027210884353741485
2022-05-21,0.011904761904761911,0.027210884353741523
2022-05-22,0.011904761904761897,0.027210884353741485
2022-05-23,0.011904761904761911,0.01360544217687075
2022-05-24,0.011904761904761897,0.013605442176870756
2022-05-25,0.011904761904761911,0.01360544217687077
2022-05-26,0.011904761904761897,0.01360544217687077
2022-05-27,0.023809523809523822,0.013605442176870729
2022-05-28,0.023809523809523794,0.01360544217687075
2022-05-29,0.011904761904761911,0.013605442176870729
2022-05-30,0.023809523809523808,0.01360544217687077
2022-05-31,0.03571428571428573,0.013605442176870777
2022-06-01,0.03571428571428569,0.013605442176870743
2022-06-02,0.03571428571428573,0.01360544217687075
2022-06-03,0.03571428571428569,0.01360544217687075
2022-06-04,0.03571428571428573,0.013605442176870763
2022-06-05,0.03571428571428569,0.01360544217687075
2022-06-06,0.03571428571428573,0.013605442176870763
2022-06-07,0.035714285714285705,0.0272108843537415
2022-06-08,0.023809523809523815,0.027210884353741475
2022-06-09,0.011904761904761904,0.0272108843537415
2022-06-10,0.023809523809523815,0.027210884353741492
2022-06-11,0.03571428571428571,0.0272108843537415
2022-06-12,0.03571428571428571,0.027210884353741506
2022-06-13,0.03571428571428572,0.01360544217687075
2022-06-14,0.03571428571428571,0.013605442176870739
2022-06-15,0.03571428571428571,0.013605442176870743
2022-06-16,0.03571428571428571,0.013605442176870769
2022-06-17,0.047619047619047616,0.013605442176870756
2022-06-18,0.04761904761904763,0.013605442176870729
2022-06-19,0.0476190476190476,0.0
2022-06-20,0.03571428571428573,0.013605442176870756
2022-06-21,0.0476190476190476,0.013605442176870756
2022-06-22,0.04761904761904763,0.01360544217687074
2022-06-23,0.0476190476190476,0.013605442176870743
2022-06-24,0.047619047619047644,0.013605442176870739
2022-06-25,0.023809523809523794,0.013605442176870743
2022-06-26,0.023809523809523822,0.013605442176870756
2022-06-27,0.023809523809523794,0.013605442176870756
2022-06-28,0.023809523809523822,0.013605442176870736
2022-06-29,0.0238095238095238,0.013605442176870743
2022-06-30,0.023809523809523815,0.01360544217687077
2022-07-01,0.023809523809523808,0.01360544217687074
2022-07-02,0.023809523809523808,0.013605442176870743
2022-07-03,0.023809523809523808,0.013605442176870784
2022-07-04,0.023809523809523808,0.013605442176870756
2022-07-05,0.03571428571428573,0.027210884353741513
2022-07-06,0.035714285714285705,0.040816326530612214
2022-07-07,0.03571428571428572,0.04081632653061228
2022-07-08,0.035714285714285705,0.04081632653061225
2022-07-09,0.03571428571428573,0.04081632653061226
2022-07-10,0.0357142857142857,0.040816326530612256
2022-07-11,0.02380952380952383,0.040816326530612214
2022-07-12,0.023809523809523794,0.04081632653061227
2022-07-13,0.023809523809523822,0.027210884353741506
2022-07-14,0.023809523809523794,0.02721088435374149
2022-07-15,0.02380952380952383,0.040816326530612235
2022-07-16,0.011904761904761897,0.040816326530612235
2022-07-17,0.02380952380952383,0.04081632653061227
2022-07-18,0.023809523809523794,0.0272108843537415
2022-07-19,0.023809523809523822,0.02721088435374149
2022-07-20,0.023809523809523808,0.027210884353741492
2022-07-21,0.04761904761904762,0.02721088435374149
2022-07-22,0.04761904761904761,0.027210884353741492
2022-07-23,0.04761904761904764,0.027210884353741492
2022-07-24,0.047619047619047596,0.027210884353741513
2022-07-25,0.04761904761904764,0.027210884353741485
2022-07-26,0.0357142857142857,0.04081632653061222
2022-07-27,0.03571428571428574,0.040816326530612256
2022-07-28,0.035714285714285685,0.04081632653061224
2022-07-29,0.03571428571428573,0.040816326530612235
2022-07-30,0.023809523809523794,0.04081632653061224
2022-07-31,0.011904761904761911,0.04081632653061224
2022-08-01,0.011904761904761897,0.04081632653061225
2022-08-02,0.011904761904761897,0.04081632653061223
2022-08-03,0.023809523809523822,0.027210884353741503
2022-08-04,0.023809523809523808,0.027210884353741478
2022-08-05,0.023809523809523808,0.027210884353741485
2022-08-06,0.011904761904761911,0.027210884353741513
2022-08-07,0.0238095238095238,0.040816326530612235
2022-08-08,0.03571428571428573,0.027210884353741485
2022-08-09,0.023809523809523815,0.027210884353741506
2022-08-10,0.0357142857142857,0.027210884353741506
2022-08-11,0.035714285714285726,0.013605442176870756
2022-08-12,0.03571428571428572,0.013605442176870755
2022-08-13,0.023809523809523815,0.013605442176870729
2022-08-14,0.0357142857142857,0.013605442176870767
2022-08-15,0.023809523809523815,0.013605442176870708
2022-08-16,0.03571428571428572,0.013605442176870763
2022-08-17,0.0238095238095238,0.013605442176870777
2022-08-18,0.023809523809523815,0.013605442176870736
2022-08-19,0.0238095238095238,0.01360544217687075
2022-08-20,0.023809523809523815,0.027210884353741496
2022-08-21,0.0238095238095238,0.013605442176870736
2022-08-22,0.011904761904761911,0.01360544217687075
2022-08-23,0.011904761904761911,0.013605442176870756
2022-08-24,0.023809523809523815,0.013605442176870736
2022-08-25,0.023809523809523808,0.013605442176870756
2022-08-26,0.023809523809523815,0.013605442176870743
2022-08-27,0.0238095238095238,0.013605442176870743
2022-08-28,0.023809523809523815,0.013605442176870739
2022-08-29,0.01190476190476189,0.0272108843537415
2022-08-30,0.011904761904761918,0.040816326530612276
2022-08-31,0.0238095238095238,0.027210884353741496
2022-09-01,0.023809523809523815,0.027210884353741485
2022-09-02,0.023809523809523815,0.013605442176870736
2022-09-03,0.01190476190476189,0.027210884353741506
2022-09-04,0.02380952380952383,0.02721088435374149
2022-09-05,0.01190476190476189,0.0272108843537415
2022-09-06,0.023809523809523815,0.027210884353741485
2022-09-07,0.023809523809523815,0.027210884353741485
2022-09-08,0.023809523809523815,0.027210884353741478
2022-09-09,0.0238095238095238,0.027210884353741516
2022-09-10,0.02380952380952383,0.027210884353741506
2022-09-11,0.023809523809523794,0.027210884353741485
2022-09-12,0.011904761904761911,0.027210884353741485
2022-09-13,0.011904761904761904,0.0272108843537415
2022-09-14,0.011904761904761904,0.02721088435374151
2022-09-15,0.011904761904761904,0.02721088435374149
2022-09-16,0.011904761904761904,0.013605442176870744
2022-09-17,0.011904761904761911,0.013605442176870743
2022-09-18,0.01190476190476189,0.013605442176870743
2022-09-19,0.011904761904761918,0.013605442176870743
2022-09-20,0.01190476190476189,0.013605442176870743
2022-09-21,0.011904761904761918,0.01360544217687074
2022-09-22,0.01190476190476189,0.01360544217687075
2022-09-23,0.023809523809523822,0.013605442176870744
2022-09-24,0.023809523809523794,0.027210884353741513
2022-09-25,0.023809523809523822,0.027210884353741478
2022-09-26,0.023809523809523794,0.027210884353741492
2022-09-27,0.023809523809523822,0.040816326530612235
2022-09-28,0.023809523809523815,0.040816326530612235
2022-09-29,0.011904761904761904,0.040816326530612276
2022-09-30,0.0238095238095238,0.04081632653061225
2022-10-01,0.023809523809523822,0.03571428571428571
2022-10-02,0.011904761904761897,0.03571428571428566
2022-10-03,0.011904761904761904,0.03571428571428577
2022-10-04,0.023809523809523815,0.04081632653061228
2022-10-05,0.0238095238095238,0.04081632653061226
2022-10-06,0.023809523809523815,0.04081632653061231
2022-10-07,0.0238095238095238,0.027210884353741534
2022-10-08,0.023809523809523815,0.02721088435374152
2022-10-09,0.023809523809523794,0.02721088435374152
2022-10-10,0.03571428571428573,0.013605442176870777
2022-10-11,0.03571428571428571,0.013605442176870791
2022-10-12,0.03571428571428571,0.013605442176870819
2022-10-13,0.03571428571428572,0.013605442176870777
2022-10-14,0.0238095238095238,0.013605442176870819
2022-10-15,0.023809523809523822,0.02721088435374152
2022-10-16,0.023809523809523794,0.027210884353741506
2022-10-17,0.03571428571428573,0.02721088435374152
2022-10-18,0.035714285714285685,0.01360544217687074
2022-10-19,0.03571428571428574,0.027210884353741534
2022-10-20,0.03571428571428569,0.027210884353741523
2022-10-21,0.03571428571428573,0.013605442176870812
2022-10-22,0.03571428571428569,0.023809523809523794
2022-10-23,0.03571428571428573,0.02380952380952376
2022-10-24,0.0238095238095238,0.023809523809523815
2022-10-25,0.03571428571428572,0.013605442176870729
2022-10-26,0.023809523809523815,0.01360544217687075
2022-10-27,0.0238095238095238,0.01360544217687075
2022-10-28,0.023809523809523815,0.013605442176870736
2022-10-29,0.011904761904761897,0.023809523809523808
2022-10-30,0.023809523809523815,0.023809523809523746
2022-10-31,0.0238095238095238,0.023809523809523836
2022-11-01,0.0238095238095238,0.02380952380952379
2022-11-02,0.0,0.011904761904761973
2022-11-03,0.011904761904761911,0.011904761904761932
2022-11-04,0.023809523809523808,0.02380952380952369
2022-11-05,0.023809523809523815,0.011904761904761942
2022-11-06,0.0357142857142857,0.023809523809523767
2022-11-07,0.023809523809523815,0.02380952380952389
2022-11-08,0.0238095238095238,0.023809523809523787
2022-11-09,0.023809523809523815,0.0357142857142858
2022-11-10,0.023809523809523808,0.03571428571428561
2022-11-11,0.023809523809523815,0.023809523809523794
2022-11-12,0.023809523809523808,0.023809523809523878
2022-11-13,0.023809523809523808,0.02380952380952378
2022-11-14,0.03571428571428571,0.0238095238095239
2022-11-15,0.03571428571428571,0.023809523809523697
2022-11-16,0.03571428571428571,0.023809523809523815
2022-11-17,0.023809523809523808,0.023809523809523732
2022-11-18,0.03571428571428572,0.0238095238095239
2022-11-19,0.023809523809523822,0.023809523809523815
2022-11-20,0.047619047619047616,0.011904761904761911
2022-11-21,0.047619047619047616,0.011904761904761897
2022-11-22,0.04761904761904763,0.023809523809523808
2022-11-23,0.035714285714285705,0.023809523809523808
2022-11-24,0.04761904761904762,0.011904761904761911
2022-11-25,0.0476190476190476,0.011904761904761911
2022-11-26,0.04761904761904762,0.011904761904761897
2022-11-27,0.047619047619047616,0.0
2022-11-28,0.035714285714285726,0.0
2022-11-29,0.04761904761904761,0.0
2022-11-30,0.04761904761904763,0.0
2022-12-01,0.03571428571428572,0.0
2022-12-02,0.023809523809523815,0.0
2022-12-03,0.03571428571428571,0.0
2022-12-04,0.03571428571428572,0.011904761904761911
2022-12-05,0.0238095238095238,0.011904761904761911
2022-12-06,0.023809523809523815,0.011904761904761897
2022-12-07,0.023809523809523808,0.023809523809523808
2022-12-08,0.03571428571428572,0.023809523809523808
2022-12-09,0.023809523809523808,0.023809523809523808
2022-12-10,0.023809523809523808,0.011904761904761897
2022-12-11,0.03571428571428571,0.023809523809523822
2022-12-12,0.03571428571428571,0.023809523809523794
2022-12-13,0.023809523809523822,0.011904761904761911
2022-12-14,0.023809523809523794,0.011904761904761904
2022-12-15,0.023809523809523822,0.023809523809523822
2022-12-16,0.011904761904761897,0.0238095238095238
2022-12-17,0.011904761904761911,0.023809523809523815
2022-12-18,0.011904761904761897,0.023809523809523808
2022-12-19,0.011904761904761911,0.023809523809523808
2022-12-20,0.023809523809523794,0.023809523809523808
2022-12-21,0.023809523809523822,0.01190476190476189
2022-12-22,0.011904761904761897,0.011904761904761918
2022-12-23,0.011904761904761911,0.01190476190476189
2022-12-24,0.0,0.011904761904761918
2022-12-25,0.0,0.0
2022-12-26,0.0,0.011904761904761911
2022-12-27,0.011904761904761911,0.011904761904761897
2022-12-28,0.011904761904761897,0.023809523809523808
2022-12-29,0.011904761904761911,0.023809523809523808
2022-12-30,0.011904761904761897,0.011904761904761911
2022-12-31,0.011904761904761911,0.011904761904761904
2023-01-01,0.011904761904761897,0.011904761904761904
2023-01-02,0.011904761904761911,0.023809523809523808
2023-01-03,0.011904761904761897,0.023809523809523836
2023-01-04,0.011904761904761911,0.023809523809523787
2023-01-05,0.011904761904761897,0.0238095238095238
2023-01-06,0.011904761904761918,0.023809523809523808
2023-01-07,0.011904761904761897,0.011904761904761904
2023-01-08,0.011904761904761911,0.011904761904761904
2023-01-09,0.011904761904761897,0.023809523809523836
2023-01-10,0.011904761904761918,0.023809523809523822
2023-01-11,0.0238095238095238,0.023809523809523815
2023-01-12,0.023809523809523815,0.023809523809523808
2023-01-13,0.03571428571428571,0.023809523809523808
2023-01-14,0.03571428571428571,0.023809523809523815
2023-01-15,0.0238095238095238,0.0238095238095238
2023-01-16,0.023809523809523815,0.023809523809523808
2023-01-17,0.023809523809523808,0.023809523809523808
2023-01-18,0.023809523809523808,0.023809523809523815
2023-01-19,0.023809523809523808,0.0238095238095238
2023-01-20,0.035714285714285726,0.023809523809523794
2023-01-21,0.03571428571428571,0.023809523809523822
2023-01-22,0.03571428571428572,0.023809523809523794
2023-01-23,0.035714285714285705,0.03571428571428575
2023-01-24,0.03571428571428572,0.0357142857142857
2023-01-25,0.0238095238095238,0.023809523809523822
2023-01-26,0.0238095238095238,0.023809523809523794
2023-01-27,0.023809523809523808,0.023809523809523822
2023-01-28,0.023809523809523808,0.011904761904761897
2023-01-29,0.021164021164021152,0.011904761904761911
2023-01-30,0.021164021164021187,0.011904761904761911
2023-01-31,0.021164021164021142,0.011904761904761911
2023-02-01,0.0317460317460317,0.011904761904761897
2023-02-02,0.03174603174603184,0.011904761904761911
2023-02-03,0.04232804232804233,0.011904761904761911
2023-02-04,0.042328042328042305,0.011904761904761897
2023-02-05,0.03174603174603171,0.011904761904761911
2023-02-06,0.03174603174603179,0.011904761904761897
2023-02-07,0.03174603174603172,0.03571428571428572
2023-02-08,0.0317460317460317,0.035714285714285705
2023-02-09,0.03174603174603184,0.03571428571428572
2023-02-10,0.04232804232804229,0.023809523809523815
2023-02-11,0.04232804232804233,0.0238095238095238
2023-02-12,0.04232804232804229,0.023809523809523815
2023-02-13,0.04232804232804232,0.0238095238095238
2023-02-14,0.04232804232804236,0.023809523809523822
2023-02-15,0.021164021164021128,0.023809523809523794
2023-02-16,0.03174603174603173,0.023809523809523822
2023-02-17,0.021164021164021204,0.0238095238095238
2023-02-18,0.021164021164021316,0.023809523809523815
2023-02-19,0.02116402116402118,0.0238095238095238
2023-02-20,0.031746031746031744,0.03571428571428572
2023-02-21,0.02116402116402119,0.023809523809523808
2023-02-22,0.02116402116402114,0.023809523809523808
2023-02-23,0.02116402116402116,0.023809523809523815
2023-02-24,0.031746031746031744,0.0238095238095238
2023-02-25,0.0423280423280423,0.023809523809523815
2023-02-26,0.021164021164021177,0.0238095238095238
2023-02-27,0.021164021164021184,0.023809523809523815
2023-02-28,0.03174603174603175,0.023809523809523815
2023-03-01,0.03174603174603176,0.0238095238095238
2023-03-02,0.03174603174603173,0.023809523809523822
2023-03-03,0.05291005291005289,0.0238095238095238
2023-03-04,0.05291005291005292,0.023809523809523815
2023-03-05,0.04232804232804232,0.011904761904761904
2023-03-06,0.042328042328042326,0.0238095238095238
2023-03-07,0.042328042328042395,0.023809523809523815
2023-03-08,0.05291005291005289,0.011904761904761904
2023-03-09,0.0423280423280423,0.0
2023-03-10,0.04232804232804231,0.0
2023-03-11,0.05291005291005293,0.0
2023-03-12,0.0529100529100529,0.0
2023-03-13,0.06349206349206346,0.011904761904761911
2023-03-14,0.05291005291005292,0.011904761904761911
2023-03-15,0.05291005291005291,0.03174603174603171
2023-03-16,0.052910052910052935,0.031746031746031765
2023-03-17,0.042328042328042374,0.03174603174603181
2023-03-18,0.03174603174603173,0.03174603174603171
2023-03-19,0.028571428571428543,0.03174603174603176
2023-03-20,0.028571428571428564,0.021164021164021166
2023-03-21,0.03809523809523808,0.021164021164021142
2023-03-22,0.0380952380952381,0.031746031746031717
2023-03-23,0.038095238095238036,0.031746031746031786
2023-03-24,0.047619047619047644,0.02116402116402115
2023-03-25,0.04761904761904763,0.010582010582010557
2023-03-26,0.038095238095238106,0.010582010582010633
2023-03-27,0.03809523809523811,0.01058201058201055
2023-03-28,0.047619047619047596,0.010582010582010585
2023-03-29,0.03809523809523813,0.010582010582010543
2023-03-30,0.038095238095238085,0.021164021164021125
2023-03-31,0.03809523809523811,0.02116402116402122
2023-04-01,0.03809523809523807,0.04232804232804227
2023-04-02,0.02857142857142855,0.031746031746031786
2023-04-03,0.028571428571428553,0.03174603174603175
2023-04-04,0.02857142857142856,0.03174603174603183
2023-04-05,0.028571428571428623,0.021164021164021173
2023-04-06,0.0380952380952381,0.02116402116402116
2023-04-07,0.04761904761904757,0.021164021164021204
2023-04-08,0.04761904761904765,0.03174603174603176
2023-04-09,0.028571428571428543,0.031746031746031744
2023-04-10,0.028571428571428602,0.03174603174603174
2023-04-11,0.028571428571428567,0.03174603174603173
2023-04-12,0.02857142857142861,0.03174603174603177
2023-04-13,0.02857142857142856,0.021164021164021173
2023-04-14,0.02857142857142857,0.021164021164021135
2023-04-15,0.02857142857142858,0.01058201058201061
2023-04-16,0.02857142857142857,0.021164021164021145
2023-04-17,0.028571428571428612,0.010582010582010588
2023-04-18,0.038095238095238106,0.021164021164021156
2023-04-19,0.038095238095238126,0.021164021164021177
2023-04-20,0.02857142857142858,0.03174603174603175
2023-04-21,0.03809523809523811,0.021164021164021156
2023-04-22,0.047619047619047644,0.04232804232804233
2023-04-23,0.04761904761904759,0.031746031746031744
2023-04-24,0.04761904761904764,0.03174603174603179
2023-04-25,0.047619047619047616,0.03174603174603173
2023-04-26,0.04761904761904762,0.03174603174603177
2023-04-27,0.038095238095238126,0.03174603174603177
2023-04-28,0.028571428571428567,0.031746031746031765
2023-04-29,0.028571428571428602,0.03174603174603176
2023-04-30,0.028571428571428567,0.04232804232804234
2023-05-01,0.02857142857142857,0.042328042328042347
2023-05-02,0.03809523809523811,0.03174603174603176
2023-05-03,0.0380952380952381,0.03174603174603173
2023-05-04,0.03809523809523807,0.021164021164021173
2023-05-05,0.02857142857142862,0.03174603174603176
2023-05-06,0.03809523809523806,0.03174603174603175
2023-05-07,0.038095238095238126,0.031746031746031744
2023-05-08,0.038095238095238085,0.031746031746031744
2023-05-09,0.028571428571428536,0.021164021164021173
2023-05-10,0.028571428571428612,0.02116402116402117
2023-05-11,0.01904761904761904,0.02116402116402115
2023-05-12,0.0285714285714286,0.02116402116402115
2023-05-13,0.019047619047619042,0.031746031746031744
2023-05-14,0.019047619047619046,0.03174603174603175
2023-05-15,0.01904761904761903,0.02116402116402118
2023-05-16,0.01904761904761907,0.021164021164021163
2023-05-17,0.009523809523809525,0.03174603174603177
2023-05-18,0.009523809523809518,0.03174603174603176
2023-05-19,0.009523809523809532,0.04761904761904751
2023-05-20,0.009523809523809518,0.047619047619047644
2023-05-21,0.009523809523809532,0.038095238095238126
2023-05-22,0.009523809523809532,0.028571428571428532
2023-05-23,0.009523809523809518,0.038095238095238085
2023-05-24,0.009523809523809539,0.038095238095238126
2023-05-25,0.01904761904761903,0.038095238095238064
2023-05-26,0.019047619047619067,0.038095238095238106
2023-05-27,0.01904761904761904,0.028571428571428588
2023-05-28,0.01904761904761903,0.02857142857142853
2023-05-29,0.01904761904761907,0.028571428571428564
2023-05-30,0.009523809523809507,0.028571428571428612
2023-05-31,0.009523809523809535,0.028571428571428584
2023-06-01,0.0,0.028571428571428532
2023-06-02,0.009523809523809528,0.019047619047619042
2023-06-03,0.00952380952380951,0.028571428571428536
2023-06-04,6.938893903907228e-18,0.02857142857142857
2023-06-05,0.0,0.028571428571428612
2023-06-06,0.0,0.03809523809523806
2023-06-07,6.938893903907228e-18,0.047619047619047616
2023-06-08,6.938893903907228e-18,0.028571428571428588
2023-06-09,0.0,0.019047619047619042
2023-06-10,0.0,0.02857142857142858
2023-06-11,0.008658008658008684,0.028571428571428588
2023-06-12,0.008658008658008587,0.028571428571428602
2023-06-13,0.017316017316017347,0.028571428571428577
2023-06-14,0.01731601731601741,0.02857142857142859
2023-06-15,0.017316017316017184,0.028571428571428584
2023-06-16,0.01731601731601735,0.019047619047619053
2023-06-17,0.01731601731601737,0.028571428571428595
2023-06-18,0.017316017316017243,0.02857142857142856
2023-06-19,0.017316017316017424,0.019047619047619035
2023-06-20,0.017316017316017167,0.019047619047619074
2023-06-21,0.02597402597402613,0.02857142857142857
2023-06-22,0.025974025974025892,0.028571428571428577
2023-06-23,0.02597402597402601,0.028571428571428584
2023-06-24,0.03463203463203461,0.019047619047619035
2023-06-25,0.025974025974025924,0.0285714285714286
2023-06-26,0.025974025974026024,0.02857142857142858
2023-06-27,0.02597402597402593,0.0285714285714286
2023-06-28,0.025974025974025993,0.038095238095238106
2023-06-29,0.03463203463203463,0.03809523809523806
2023-06-30,0.034632034632034604,0.038095238095238126
2023-07-01,0.03463203463203467,0.0476190476190476
2023-07-02,0.03463203463203465,0.04761904761904763
2023-07-03,0.034632034632034625,0.04761904761904764
2023-07-04,0.04329004329004328,0.028571428571428557
2023-07-05,0.043290043290043295,0.02857142857142858
2023-07-06,0.05194805194805194,0.019047619047619074
2023-07-07,0.051948051948051986,0.019047619047619056
2023-07-08,0.06060606060606063,0.019047619047619025
2023-07-09,0.06060606060606057,0.019047619047619077
2023-07-10,0.06060606060606063,0.019047619047619056
2023-07-11,0.05194805194805196,0.01904761904761905
2023-07-12,0.05194805194805195,0.019047619047619074
2023-07-13,0.051948051948051986,0.019047619047619032
2023-07-14,0.05194805194805191,0.02857142857142857
2023-07-15,0.051948051948051965,0.028571428571428577
2023-07-16,0.04329004329004332,0.028571428571428588
2023-07-17,0.03463203463203463,0.028571428571428574
2023-07-18,0.03463203463203466,0.02857142857142855
2023-07-19,0.02597402597402597,0.0285714285714286
2023-07-20,0.017316017316017333,0.02857142857142855
2023-07-21,0.017316017316017326,0.028571428571428577
2023-07-22,0.01731601731601734,0.028571428571428574
2023-07-23,0.025974025974025962,0.028571428571428553
2023-07-24,0.02597402597402599,0.028571428571428605
2023-07-25,0.03463203463203465,0.009523809523809514
2023-07-26,0.03463203463203465,0.019047619047619053
2023-07-27,0.03463203463203465,0.009523809523809535
2023-07-28,0.03463203463203462,0.019047619047619032
2023-07-29,0.05194805194805194,0.019047619047619063
2023-07-30,0.051948051948051945,0.01904761904761906
2023-07-31,0.051948051948051986,0.019047619047619053
2023-08-01,0.05194805194805194,0.01904761904761903
2023-08-02,0.051948051948051945,0.019047619047619056
2023-08-03,0.03463203463203464,0.019047619047619042
2023-08-04,0.025974025974025976,0.01904761904761905
2023-08-05,0.025974025974025965,0.019047619047619056
2023-08-06,0.02597402597402597,0.02857142857142857
2023-08-07,0.025974025974026007,0.0285714285714286
2023-08-08,0.025974025974025986,0.02857142857142853
2023-08-09,0.017316017316017326,0.038095238095238085
2023-08-10,0.017316017316017313,0.028571428571428577
2023-08-11,0.017316017316017333,0.02857142857142857
2023-08-12,0.017316017316017368,0.03809523809523812
2023-08-13,0.0173160173160173,0.03809523809523806
2023-08-14,0.017316017316017337,0.04761904761904763
2023-08-15,0.017316017316017333,0.05714285714285721
2023-08-16,0.017316017316017337,0.04761904761904759
2023-08-17,0.03463203463203468,0.03809523809523811
2023-08-18,0.025974025974025976,0.03809523809523809
2023-08-19,0.01731601731601736,0.03809523809523807
2023-08-20,0.01731601731601736,0.038095238095238126
2023-08-21,0.008658008658008705,0.047619047619047596
2023-08-22,0.008658008658008705,0.038095238095238106
2023-08-23,0.00865800865800867,0.038095238095238085
2023-08-24,0.008658008658008698,0.038095238095238085
2023-08-25,0.01731601731601736,0.03809523809523811
2023-08-26,0.017316017316017306,0.03809523809523807
2023-08-27,0.017316017316017337,0.03809523809523814
2023-08-28,0.017316017316017358,0.04761904761904759
2023-08-29,0.017316017316017347,0.0476190476190476
2023-08-30,0.017316017316017333,0.0380952380952381
2023-08-31,0.017316017316017316,0.0380952380952381
2023-09-01,0.017316017316017347,0.038095238095238126
2023-09-02,0.00865800865800867,0.01904761904761903
2023-09-03,0.017316017316017306,0.028571428571428577
2023-09-04,0.017316017316017326,0.028571428571428543
2023-09-05,0.01731601731601732,0.028571428571428605
2023-09-06,0.025974025974025983,0.02857142857142857
2023-09-07,0.01731601731601731,0.0380952380952381
2023-09-08,0.025974025974025976,0.03809523809523812
2023-09-09,0.025974025974025976,0.038095238095238085
2023-09-10,0.008658008658008705,0.03809523809523811
2023-09-11,0.008658008658008642,0.028571428571428584
2023-09-12,0.008658008658008677,0.028571428571428595
2023-09-13,0.00865800865800867,0.03809523809523808
2023-09-14,0.017316017316017326,0.038095238095238126
2023-09-15,0.025974025974026,0.03809523809523809
2023-09-16,0.025974025974025955,0.038095238095238064
2023-09-17,0.025974025974025983,0.03809523809523811
2023-09-18,0.025974025974026007,0.03809523809523809
2023-09-19,0.025974025974025976,0.03809523809523811
2023-09-20,0.02597402597402598,0.03809523809523812
2023-09-21,0.03463203463203464,0.03809523809523807
2023-09-22,0.025974025974025965,0.047619047619047665
2023-09-23,0.017316017316017337,0.019047619047619025
2023-09-24,0.017316017316017306,0.02857142857142859
2023-09-25,0.008658008658008646,0.028571428571428584
2023-09-26,0.017316017316017337,0.02857142857142856
2023-09-27,0.00865800865800868,0.03809523809523813
2023-09-28,0.008658008658008653,0.0380952380952381
2023-09-29,0.017316017316017337,0.0380952380952381
2023-09-30,0.008658008658008674,0.05714285714285719
2023-10-01,0.017316017316017313,0.0476190476190476
2023-10-02,0.017316017316017323,0.04329004329004329
2023-10-03,0.017316017316017333,0.051948051948051924
2023-10-04,0.017316017316017333,0.05194805194805198
2023-10-05,0.023809523809523767,0.051948051948052
2023-10-06,0.02380952380952389,0.043290043290043226
2023-10-07,0.017316017316017382,0.043290043290043295
2023-10-08,0.01731601731601734,0.043290043290043295
2023-10-09,0.025974025974025983,0.04329004329004331
2023-10-10,0.025974025974025986,0.04329004329004334
2023-10-11,0.023809523809523798,0.034632034632034556
2023-10-12,0.023809523809523864,0.03463203463203468
2023-10-13,0.03968253968253968,0.02597402597402589
2023-10-14,0.031746031746031744,0.017316017316017375
2023-10-15,0.03174603174603176,0.025974025974025962
2023-10-16,0.03968253968253966,0.03463203463203464
2023-10-17,0.04761904761904763,0.034632034632034625
2023-10-18,0.03968253968253967,0.03463203463203466
2023-10-19,0.03174603174603173,0.0346320346320346
2023-10-20,0.031746031746031786,0.034632034632034625
2023-10-21,0.0317460317460317,0.034632034632034625
2023-10-22,0.031746031746031786,0.04329004329004332
2023-10-23,0.03174603174603179,0.01731601731601733
2023-10-24,0.03174603174603169,0.017316017316017344
2023-10-25,0.02380952380952385,0.008658008658008663
2023-10-26,0.023809523809523815,0.008658008658008646
2023-10-27,0.02380952380952382,0.008658008658008653
2023-10-28,0.02380952380952379,0.008658008658008679
2023-10-29,0.02380952380952382,0.01731601731601734
2023-10-30,0.015873015873015858,0.017316017316017347
2023-10-31,0.01587301587301588,0.01731601731601732
2023-11-01,0.01587301587301585,0.008658008658008672
2023-11-02,0.0158730158730159,0.00865800865800868
2023-11-03,0.023809523809523808,0.017316017316017323
2023-11-04,0.02380952380952381,0.017316017316017316
2023-11-05,0.03174603174603173,0.017316017316017316
2023-11-06,0.03174603174603176,0.025974025974025972
2023-11-07,0.0238095238095238,0.025974025974026
2023-11-08,0.023809523809523815,0.02597402597402597
2023-11-09,0.031746031746031744,0.03463203463203464
2023-11-10,0.031746031746031744,0.03463203463203464
2023-11-11,0.031746031746031744,0.025974025974025983
2023-11-12,0.029304029304029297,0.023809523809523774
2023-11-13,0.0293040293040293,0.03174603174603177
2023-11-14,0.029304029304029287,0.03174603174603177
2023-11-15,0.02197802197802197,0.03174603174603171
2023-11-16,0.02197802197802198,0.031746031746031786
2023-11-17,0.021978021978021962,0.03174603174603175
2023-11-18,0.021978021978021983,0.03174603174603176
2023-11-19,0.021978021978021952,0.03174603174603176
2023-11-20,0.021978021978021938,0.03174603174603172
2023-11-21,0.01465201465201467,0.03174603174603171
2023-11-22,0.014652014652014649,0.023809523809523843
2023-11-23,0.014652014652014655,0.023809523809523822
2023-11-24,0.014652014652014642,0.02380952380952377
2023-11-25,0.021978021978021976,0.023809523809523857
2023-11-26,0.021978021978021997,0.02380952380952385
2023-11-27,0.021978021978021952,0.023809523809523808
2023-11-28,0.02197802197802197,0.023809523809523787
2023-11-29,0.02197802197802201,0.031746031746031717
2023-11-30,0.014652014652014652,0.03174603174603177
2023-12-01,0.014652014652014628,0.03174603174603173
2023-12-02,0.014652014652014683,0.03174603174603177
2023-12-03,0.02197802197802196,0.031746031746031717
2023-12-04,0.014652014652014659,0.031746031746031744
2023-12-05,0.014652014652014649,0.023809523809523822
2023-12-06,0.021978021978021983,0.023809523809523815
2023-12-07,0.014652014652014652,0.015873015873015886
2023-12-08,0.014652014652014654,0.015873015873015872
2023-12-09,0.014652014652014655,0.015873015873015872
2023-12-10,0.007326007326007327,0.015873015873015893
2023-12-11,0.00732600732600732,0.0238095238095238
2023-12-12,0.014652014652014662,0.023809523809523808
2023-12-13,0.014652014652014655,0.015873015873015872
2023-12-14,0.014652014652014649,0.015873015873015886
2023-12-15,0.021978021978021983,0.015873015873015865
2023-12-16,0.014652014652014655,0.015873015873015886
2023-12-17,0.01465201465201467,0.01587301587301588
2023-12-18,0.014652014652014652,0.015873015873015872
2023-12-19,0.01465201465201465,0.02380952380952381
2023-12-20,0.014652014652014655,0.023809523809523808
2023-12-21,0.021978021978021983,0.02197802197802195
2023-12-22,0.021978021978021976,0.014652014652014655
2023-12-23,0.014652014652014652,0.014652014652014649
2023-12-24,0.027210884353741478,0.021978021978021955
2023-12-25,0.027210884353741464,0.021978021978021976
2023-12-26,0.027210884353741596,0.029304029304029294
2023-12-27,0.0272108843537415,0.021978021978021983
2023-12-28,0.02721088435374145,0.02197802197802195
2023-12-29,0.0272108843537415,0.021978021978021966
2023-12-30,0.02721088435374154,0.021978021978021966
2023-12-31,0.040816326530612235,0.014652014652014694
2024-01-01,0.040816326530612186,0.014652014652014628
2024-01-02,0.040816326530612276,0.02197802197802197
2024-01-03,0.04081632653061232,0.02197802197802197
2024-01-04,0.03401360544217685,0.021978021978022032
2024-01-05,0.040816326530612235,0.021978021978021962
2024-01-06,0.03401360544217687,0.02197802197802194
2024-01-07,0.03401360544217685,0.02197802197802199
2024-01-08,0.02721088435374149,0.021978021978022014
2024-01-09,0.020408163265306138,0.0146520146520146
2024-01-10,0.020408163265306114,0.014652014652014697
2024-01-11,0.02040816326530615,0.014652014652014655
2024-01-12,0.006802721088435434,0.021978021978022004
2024-01-13,0.00680272108843534,0.021978021978021997
2024-01-14,0.013605442176870746,0.02197802197802197
2024-01-15,0.013605442176870763,0.021978021978021987
2024-01-16,0.006802721088435392,0.021978021978021983
2024-01-17,0.006802721088435378,0.014652014652014652
2024-01-18,0.006802721088435371,0.014652014652014654
2024-01-19,0.006802721088435371,0.014652014652014654
2024-01-20,0.020408163265306124,0.014652014652014649
2024-01-21,0.02040816326530611,0.021978021978021983
2024-01-22,0.020408163265306135,0.014652014652014659
2024-01-23,0.020408163265306128,0.014652014652014649
2024-01-24,0.02040816326530611,0.014652014652014655
2024-01-25,0.020408163265306117,0.014652014652014642
2024-01-26,0.013605442176870753,0.02197802197802199
2024-01-27,0.013605442176870756,0.02197802197802199
2024-01-28,0.020408163265306128,0.021978021978021976
2024-01-29,0.020408163265306117,0.014652014652014647
2024-01-30,0.027210884353741475,0.014652014652014655
2024-01-31,0.0272108843537415,0.014652014652014655
2024-02-01,0.027210884353741503,0.014652014652014683
2024-02-02,0.0272108843537415,0.014652014652014645
2024-02-03,0.03401360544217687,0.014652014652014652
2024-02-04,0.03401360544217686,0.014652014652014666
2024-02-05,0.027210884353741513,0.014652014652014662
2024-02-06,0.03401360544217687,0.014652014652014655
2024-02-07,0.03401360544217687,0.014652014652014654
2024-02-08,0.03401360544217688,0.01465201465201467
2024-02-09,0.03401360544217686,0.014652014652014659
2024-02-10,0.040816326530612235,0.014652014652014662
2024-02-11,0.034013605442176874,0.007326007326007328
2024-02-12,0.03401360544217687,0.00732600732600734
2024-02-13,0.027210884353741492,0.01465201465201467
2024-02-14,0.03401360544217688,0.014652014652014649
2024-02-15,0.03401360544217687,0.014652014652014635
2024-02-16,0.02721088435374151,0.014652014652014654
2024-02-17,0.02721088435374153,0.021978021978021997
2024-02-18,0.03401360544217684,0.021978021978021976
2024-02-19,0.027210884353741513,0.014652014652014652
2024-02-20,0.0272108843537415,0.02197802197802199
2024-02-21,0.0272108843537415,0.029304029304029304
2024-02-22,0.02721088435374149,0.029304029304029304
2024-02-23,0.03401360544217686,0.02930402930402931
2024-02-24,0.02721088435374149,0.029304029304029318
2024-02-25,0.027210884353741537,0.02930402930402929
2024-02-26,0.0272108843537415,0.029304029304029294
2024-02-27,0.04081632653061223,0.029304029304029325
2024-02-28,0.027210884353741492,0.029304029304029304
2024-02-29,0.0272108843537415,0.036630036630036625
2024-03-01,0.027210884353741503,0.03663003663003663
2024-03-02,0.027210884353741485,0.03663003663003663
2024-03-03,0.03401360544217685,0.04395604395604395
2024-03-04,0.0272108843537415,0.043956043956043966
2024-03-05,0.0272108843537415,0.043956043956043966
2024-03-06,0.027210884353741503,0.043956043956043966
2024-03-07,0.027210884353741513,0.043956043956043966
2024-03-08,0.027210884353741513,0.04395604395604395
2024-03-09,0.02721088435374147,0.04395604395604396
2024-03-10,0.03401360544217685,0.04395604395604398
2024-03-11,0.03401360544217687,0.04395604395604395
2024-03-12,0.03401360544217685,0.036630036630036646
2024-03-13,0.027210884353741506,0.034013605442176825
2024-03-14,0.03809523809523812,0.034013605442176846
2024-03-15,0.03809523809523801,0.03401360544217698
2024-03-16,0.03809523809523812,0.034013605442176846
2024-03-17,0.03809523809523815,0.03401360544217689
2024-03-18,0.03809523809523811,0.034013605442176825
2024-03-19,0.03809523809523812,0.03401360544217689
2024-03-20,0.03809523809523799,0.027210884353741457
2024-03-21,0.0380952380952381,0.020408163265306135
2024-03-22,0.031746031746031765,0.013605442176870725
2024-03-23,0.031746031746031744,0.013605442176870847
2024-03-24,0.025396825396825428,0.020408163265306093
2024-03-25,0.02539682539682541,0.027210884353741485
2024-03-26,0.025396825396825404,0.020408163265306107
2024-03-27,0.025396825396825314,0.027210884353741492
2024-03-28,0.03174603174603176,0.020408163265306145
2024-03-29,0.03174603174603176,0.013605442176870722
2024-03-30,0.031746031746031744,0.013605442176870729
2024-03-31,0.031746031746031744,0.013605442176870763
2024-04-01,0.019047619047619053,0.006802721088435437
2024-04-02,0.019047619047618976,0.0068027210884353435
2024-04-03,0.013605442176870774,0.013605442176870725
2024-04-04,0.019047619047618956,0.02040816326530619
2024-04-05,0.019047619047619084,0.013605442176870739
2024-04-06,0.019047619047619032,0.02040816326530609
2024-04-07,0.02539682539682543,0.02040816326530614
2024-04-08,0.01904761904761908,0.020408163265306093
2024-04-09,0.01904761904761907,0.027210884353741485
2024-04-10,0.019047619047618963,0.027210884353741513
2024-04-11,0.02539682539682538,0.03401360544217687
2024-04-12,0.01904761904761907,0.03401360544217689
2024-04-13,0.01904761904761908,0.04081632653061232
2024-04-14,0.019047619047619088,0.027210884353741464
2024-04-15,0.01904761904761903,0.02721088435374151
2024-04-16,0.019047619047619063,0.020408163265306124
2024-04-17,0.019047619047618963,0.0204081632653061
2024-04-18,0.019047619047619056,0.013605442176870701
2024-04-19,0.019047619047619042,0.013605442176870784
2024-04-20,0.019047619047619067,0.013605442176870767
2024-04-21,0.019047619047619035,0.0204081632653062
2024-04-22,0.019047619047619035,0.020408163265306065
2024-04-23,0.01904761904761903,0.02040816326530613
2024-04-24,0.013605442176870756,0.01465201465201466
2024-04-25,0.013605442176870746,0.0204081632653061
2024-04-26,0.012698412698412709,0.013605442176870725
2024-04-27,0.019047619047618963,0.0204081632653062
2024-04-28,0.019047619047619094,0.020408163265306156
2024-04-29,0.012698412698412745,0.020408163265306117
2024-04-30,0.012698412698412726,0.027210884353741503
2024-05-01,0.012698412698412698,0.020408163265306083
2024-05-02,0.019047619047618945,0.02040816326530613
2024-05-03,0.012698412698412709,0.020408163265306117
2024-05-04,0.019047619047619042,0.020408163265306103
2024-05-05,0.02539682539682544,0.013605442176870833
2024-05-06,0.025396825396825407,0.013605442176870732
2024-05-07,0.025396825396825428,0.013605442176870815
2024-05-08,0.025396825396825362,0.013605442176870725
2024-05-09,0.025396825396825317,0.020408163265306083
2024-05-10,0.025396825396825393,0.020408163265306076
2024-05-11,0.019047619047619046,0.02040816326530618
2024-05-12,0.019047619047619063,0.013605442176870715
2024-05-13,0.019047619047619067,0.0204081632653061
2024-05-14,0.02539682539682542,0.01360544217687085
2024-05-15,0.01904761904761898,0.0204081632653061
2024-05-16,0.019047619047619063,0.020408163265306117
2024-05-17,0.01904761904761905,0.02040816326530611
2024-05-18,0.019047619047619077,0.027210884353741492
2024-05-19,0.01904761904761893,0.02721088435374149
2024-05-20,0.012698412698412726,0.02721088435374151
2024-05-21,0.019047619047619115,0.02721088435374151
2024-05-22,0.019047619047619067,0.034013605442176874
2024-05-23,0.012698412698412709,0.02040816326530615
2024-05-24,0.012698412698412721,0.013605442176870756
2024-05-25,0.012698412698412698,0.01360544217687076
2024-05-26,0.006349206349206359,0.013605442176870763
2024-05-27,0.012698412698412726,0.013605442176870736
2024-05-28,0.012698412698412721,0.01360544217687076
2024-05-29,0.012698412698412747,0.01360544217687075
2024-05-30,0.01269841269841272,0.013605442176870767
2024-05-31,0.012698412698412681,0.02040816326530614
2024-06-01,0.019047619047619084,0.020408163265306124
2024-06-02,0.01904761904761909,0.02721088435374152
2024-06-03,0.019047619047618973,0.027210884353741513
2024-06-04,0.019047619047619063,0.034013605442176846
2024-06-05,0.019047619047619053,0.034013605442176936
2024-06-06,0.01904761904761907,0.03401360544217687
2024-06-07,0.019047619047619088,0.03401360544217685
2024-06-08,0.02040816326530614,0.03401360544217688
2024-06-09,0.020408163265306162,0.027210884353741527
2024-06-10,0.020408163265306166,0.0204081632653061
2024-06-11,0.020408163265306187,0.02040816326530613
2024-06-12,0.02539682539682539,0.03401360544217687
2024-06-13,0.025396825396825404,0.020408163265306128
2024-06-14,0.019047619047618914,0.02040816326530612
2024-06-15,0.019047619047619067,0.020408163265306124
2024-06-16,0.012698412698412723,0.013605442176870746
2024-06-17,0.012698412698412744,0.013605442176870743
2024-06-18,0.012698412698412754,0.013605442176870758
2024-06-19,0.012698412698412589,0.00680272108843539
2024-06-20,0.006349206349206352,0.006802721088435372
2024-06-21,0.01269841269841259,0.006802721088435371
2024-06-22,0.012698412698412726,0.013605442176870763
2024-06-23,0.00634920634920638,0.006802721088435384
2024-06-24,0.00634920634920638,0.006802721088435392
2024-06-25,0.006349206349206393,0.013605442176870743
2024-06-26,0.006349206349206212,0.013605442176870822
2024-06-27,0.0063492063492063665,0.013605442176870704
2024-06-28,0.006349206349206351,0.013605442176870753
2024-06-29,0.006349206349206358,0.013605442176870774
2024-06-30,0.006349206349206389,0.013605442176870763
2024-07-01,0.0063492063492064064,0.020408163265306117
2024-07-02,0.00634920634920632,0.020408163265306124
2024-07-03,0.006349206349206226,0.027210884353741485
2024-07-04,0.01904761904761907,0.020408163265306128
2024-07-05,0.019047619047619056,0.020408163265306135
2024-07-06,0.019047619047619088,0.02040816326530613
2024-07-07,0.012698412698412685,0.013605442176870753
2024-07-08,0.012698412698412747,0.013605442176870756
2024-07-09,0.012698412698412619,0.01360544217687076
2024-07-10,0.019047619047619063,0.01360544217687075
2024-07-11,0.012698412698412695,0.013605442176870743
2024-07-12,0.012698412698412695,0.020408163265306135
2024-07-13,0.012698412698412697,0.027210884353741496
2024-07-14,0.012698412698412702,0.027210884353741496
2024-07-15,0.019047619047619056,0.02040816326530613
2024-07-16,0.025396825396825386,0.020408163265306124
2024-07-17,0.025396825396825404,0.020408163265306117
2024-07-18,0.02539682539682539,0.02040816326530612
2024-07-19,0.025396825396825397,0.020408163265306128
2024-07-20,0.025396825396825393,0.027210884353741506
2024-07-21,0.025396825396825397,0.020408163265306135
2024-07-22,0.025396825396825383,0.013605442176870736
2024-07-23,0.025396825396825407,0.01360544217687073
2024-07-24,0.025396825396825397,0.013605442176870739
2024-07-25,0.025396825396825393,0.01360544217687075
2024-07-26,0.0253968253968254,0.01360544217687076
2024-07-27,0.01904761904761905,0.013605442176870743
2024-07-28,0.012698412698412691,0.020408163265306124
2024-07-29,0.012698412698412705,0.027210884353741506
2024-07-30,0.019047619047619053,0.027210884353741503
2024-07-31,0.01904761904761907,0.02721088435374148
2024-08-01,0.019047619047619046,0.027210884353741496
2024-08-02,0.01904761904761905,0.02040816326530611
2024-08-03,0.01904761904761904,0.020408163265306114
2024-08-04,0.012698412698412702,0.020408163265306138
2024-08-05,0.019047619047619046,0.01360544217687076
2024-08-06,0.019047619047619056,0.013605442176870736
2024-08-07,0.019047619047619046,0.02040816326530611
2024-08-08,0.019047619047619042,0.013605442176870763
2024-08-09,0.019047619047619046,0.02040816326530612
2024-08-10,0.019047619047619042,0.020408163265306114
2024-08-11,0.031746031746031744,0.020408163265306145
2024-08-12,0.03174603174603175,0.020408163265306117
2024-08-13,0.025396825396825393,0.020408163265306117
2024-08-14,0.02539682539682539,0.02040816326530613
2024-08-15,0.025396825396825393,0.020408163265306117
2024-08-16,0.01904761904761905,0.02040816326530612
2024-08-17,0.019047619047619042,0.02040816326530613
2024-08-18,0.019047619047619063,0.013605442176870739
2024-08-19,0.019047619047619042,0.013605442176870736
2024-08-20,0.012698412698412698,0.02040816326530613
2024-08-21,0.012698412698412695,0.02040816326530613
2024-08-22,0.01904761904761905,0.013605442176870763
2024-08-23,0.01904761904761904,0.020408163265306097
2024-08-24,0.019047619047619046,0.020408163265306135
2024-08-25,0.012698412698412702,0.020408163265306138
2024-08-26,0.019047619047619042,0.0204081632653061
2024-08-27,0.01904761904761905,0.020408163265306135
2024-08-28,0.01904761904761905,0.020408163265306135
2024-08-29,0.019047619047619042,0.02040816326530612
2024-08-30,0.025396825396825404,0.020408163265306128
2024-08-31,0.02539682539682538,0.013605442176870756
2024-09-01,0.0253968253968254,0.013605442176870739
2024-09-02,0.02539682539682538,0.013605442176870746
2024-09-03,0.019047619047619053,0.013605442176870736
2024-09-04,0.02539682539682541,0.012698412698412705
2024-09-05,0.019047619047619042,0.012698412698412698
2024-09-06,0.019047619047619035,0.012698412698412733
2024-09-07,0.023809523809523742,0.012698412698412674
2024-09-08,0.023809523809523832,0.012698412698412693
2024-09-09,0.023809523809523808,0.012698412698412681
2024-09-10,0.02380952380952384,0.031746031746031744
2024-09-11,0.025396825396825386,0.03174603174603173
2024-09-12,0.0253968253968254,0.03174603174603176
2024-09-13,0.025396825396825404,0.02721088435374153
2024-09-14,0.023809523809523808,0.03174603174603173
2024-09-15,0.01785714285714283,0.031746031746031765
2024-09-16,0.011904761904761921,0.031746031746031744
2024-09-17,0.017857142857142846,0.03174603174603173
2024-09-18,0.011904761904761932,0.012698412698412577
2024-09-19,0.0119047619047619,0.012698412698412768
2024-09-20,0.0059523809523809555,0.01269841269841275
2024-09-21,0.011904761904761897,0.01904761904761907
2024-09-22,0.011904761904761932,0.02539682539682542
2024-09-23,0.011904761904761897,0.01904761904761904
2024-09-24,0.011904761904761939,0.012698412698412612
2024-09-25,0.01785714285714286,0.012698412698412695
2024-09-26,0.023809523809523826,0.01904761904761905
2024-09-27,0.017857142857142846,0.019047619047619046
2024-09-28,0.029761904761904757,0.019047619047619042
2024-09-29,0.029761904761904764,0.019047619047619063
2024-09-30,0.029761904761904757,0.019047619047619042
2024-10-01,0.035714285714285726,0.019047619047619067
2024-10-02,0.0357142857142857,0.01904761904761904
2024-10-03,0.029761904761904764,0.019047619047619056
2024-10-04,0.023809523809523787,0.019047619047619067
2024-10-05,0.02380952380952382,0.017857142857142842
2024-10-06,0.029761904761904753,0.01785714285714285
2024-10-07,0.029761904761904767,0.023809523809523794
2024-10-08,0.02976190476190476,0.0238095238095238
2024-10-09,0.028011204481792715,0.029761904761904767
2024-10-10,0.022408963585434167,0.02976190476190474
2024-10-11,0.022408963585434163,0.0297619047619048
2024-10-12,0.022408963585434177,0.03571428571428571
2024-10-13,0.022408963585434174,0.017857142857142877
2024-10-14,0.022408963585434163,0.017857142857142856
2024-10-15,0.016806722689075675,0.011904761904761932
2024-10-16,0.01680672268907562,0.011904761904761897
2024-10-17,0.011204481792717123,0.011904761904761921
2024-10-18,0.011204481792717078,0.011904761904761894
2024-10-19,0.01120448179271711,0.011904761904761935
2024-10-20,0.011204481792717075,0.01785714285714285
2024-10-21,0.011204481792717106,0.017857142857142863
2024-10-22,0.011204481792717078,0.0238095238095238
2024-10-23,0.011904761904761915,0.019047619047619074
2024-10-24,0.011904761904761897,0.019047619047619074
2024-10-25,0.011904761904761908,0.019047619047619046
2024-10-26,0.0119047619047619,0.017857142857142853
2024-10-27,0.011904761904761906,0.01785714285714287
2024-10-28,0.011904761904761904,0.017857142857142853
2024-10-29,0.017857142857142853,0.017857142857142884
2024-10-30,0.028011204481792697,0.017857142857142853
2024-10-31,0.028011204481792715,0.017857142857142863
2024-11-01,0.028011204481792704,0.01785714285714286
2024-11-02,0.028011204481792718,0.017857142857142887
2024-11-03,0.028011204481792697,0.017857142857142846
2024-11-04,0.028011204481792774,0.02380952380952383
2024-11-05,0.022408963585434143,0.023809523809523808
2024-11-06,0.0168067226890757,0.023809523809523787
2024-11-07,0.016806722689075602,0.023809523809523808
2024-11-08,0.011204481792717103,0.023809523809523787
2024-11-09,0.011204481792717061,0.017857142857142884
2024-11-10,0.016806722689075678,0.023809523809523798
2024-11-11,0.022408963585434153,0.017857142857142884
2024-11-12,0.022408963585434198,0.023809523809523746
2024-11-13,0.017857142857142853,0.019047619047619042
2024-11-14,0.023809523809523815,0.01904761904761905
2024-11-15,0.023809523809523805,0.02380952380952373
2024-11-16,0.02380952380952381,0.023809523809523846
2024-11-17,0.028011204481792708,0.023809523809523777
2024-11-18,0.02801120448179273,0.023809523809523836
2024-11-19,0.033613445378151245,0.023809523809523808
2024-11-20,0.028011204481792725,0.02380952380952379
2024-11-21,0.03361344537815124,0.023809523809523846
2024-11-22,0.03361344537815125,0.02380952380952378
2024-11-23,0.033613445378151266,0.023809523809523857
2024-11-24,0.028011204481792718,0.017857142857142818
2024-11-25,0.028011204481792742,0.017857142857142905
2024-11-26,0.02801120448179271,0.023809523809523774
2024-11-27,0.033613445378151294,0.02976190476190478
2024-11-28,0.03361344537815125,0.035714285714285685
2024-11-29,0.02801120448179272,0.035714285714285726
2024-11-30,0.033613445378151266,0.035714285714285685
2024-12-01,0.03361344537815125,0.03571428571428575
2024-12-02,0.03361344537815128,0.04166666666666666
2024-12-03,0.03361344537815125,0.04166666666666667
2024-12-04,0.03361344537815125,0.03921568627450982
2024-12-05,0.03361344537815125,0.04481792717086837
2024-12-06,0.047619047619047596,0.04481792717086834
2024-12-07,0.04232804232804231,0.04481792717086835
2024-12-08,0.03703703703703712,0.0392156862745098
2024-12-09,0.03174603174603173,0.033613445378151266
2024-12-10,0.026455026455026488,0.03921568627450979
2024-12-11,0.026455026455026436,0.0392156862745098
2024-12-12,0.02116402116402115,0.039215686274509776
2024-12-13,0.021164021164021204,0.0392156862745098
2024-12-14,0.02116402116402112,0.039215686274509796
2024-12-15,0.026455026455026422,0.03361344537815125
2024-12-16,0.026455026455026485,0.03361344537815128
2024-12-17,0.021164021164021135,0.02801120448179273
2024-12-18,0.015873015873015824,0.028011204481792694
2024-12-19,0.015873015873015914,0.028011204481792742
2024-12-20,0.021164021164021152,0.022408963585434163
2024-12-21,0.021164021164021114,0.03361344537815125
2024-12-22,0.02645502645502648,0.03361344537815126
2024-12-23,0.021164021164021125,0.028011204481792715
2024-12-24,0.01587301587301592,0.028011204481792704
2024-12-25,0.0105820105820106,0.022408963585434163
2024-12-26,0.010582010582010668,0.016806722689075633
2024-12-27,0.01587301587301588,0.016806722689075633
2024-12-28,0.01587301587301588,0.022408963585434184
2024-12-29,0.025062656641603953,0.026455026455026447
2024-12-30,0.020050125313283165,0.03174603174603173
2024-12-31,0.025062656641603988,0.03703703703703706
2025-01-01,0.02506265664160406,0.03703703703703702
2025-01-02,0.0200501253132832,0.03703703703703705
2025-01-03,0.020050125313283207,0.03174603174603174
2025-01-04,0.02005012531328319,0.03703703703703702
2025-01-05,0.01503759398496249,0.037037037037037104
2025-01-06,0.015037593984962358,0.03174603174603171
2025-01-07,0.015037593984962355,0.03703703703703698
2025-01-08,0.01503759398496241,0.0317460317460318
2025-01-09,0.015037593984962426,0.026455026455026467
2025-01-10,0.015037593984962374,0.026455026455026388
2025-01-11,0.015037593984962419,0.03174603174603182
2025-01-12,0.020050125313283228,0.026455026455026443
2025-01-13,0.025062656641604078,0.021164021164021204
2025-01-14,0.02506265664160396,0.021164021164021152
2025-01-15,0.02005012531328316,0.026455026455026502
2025-01-16,0.02506265664160401,0.021164021164021118
2025-01-17,0.020050125313283228,0.021164021164021135
2025-01-18,0.020050125313283207,0.021164021164021274
2025-01-19,0.015037593984962405,0.015873015873015865
2025-01-20,0.015037593984962405,0.015873015873015876
2025-01-21,0.015037593984962402,0.01587301587301588
2025-01-22,0.015037593984962409,0.015873015873015865
2025-01-23,0.015037593984962409,0.021164021164021173
2025-01-24,0.015037593984962402,0.01587301587301586
2025-01-25,0.015037593984962405,0.02116402116402118
2025-01-26,0.015037593984962405,0.025062656641603925
2025-01-27,0.019047619047619015,0.015037593984962364
2025-01-28,0.019047619047619077,0.0300751879699248
2025-01-29,0.019047619047619008,0.02005012531328324
2025-01-30,0.01904761904761907,0.020050125313283165
2025-01-31,0.019047619047619046,0.02005012531328324
2025-02-01,0.01904761904761905,0.020050125313283172
2025-02-02,0.014285714285714329,0.02005012531328329
2025-02-03,0.00952380952380945,0.020050125313283196
2025-02-04,0.00952380952380951,0.020050125313283165
2025-02-05,0.00952380952380949,0.0200501253132832
2025-02-06,0.014285714285714353,0.02005012531328322
2025-02-07,0.009523809523809497,0.020050125313283186
2025-02-08,0.009523809523809493,0.025062656641604023
2025-02-09,0.009523809523809493,0.015037593984962405
2025-02-10,0.009523809523809556,0.020050125313283262
2025-02-11,0.009523809523809542,0.020050125313283186
2025-02-12,0.00952380952380956,0.015037593984962355
2025-02-13,0.014285714285714202,0.015037593984962414
2025-02-14,0.01428571428571425,0.015037593984962424
2025-02-15,0.014285714285714297,0.0150375939849624
2025-02-16,0.009523809523809556,0.0100250626566416
2025-02-17,0.014285714285714296,0.0100250626566416
2025-02-18,0.014285714285714271,0.010025062656641607
2025-02-19,0.014285714285714278,0.020050125313283214
2025-02-20,0.009523809523809533,0.015037593984962402
2025-02-21,0.014285714285714284,0.015037593984962405
2025-02-22,0.01904761904761905,0.015037593984962405
2025-02-23,0.014285714285714296,0.015037593984962405
2025-02-24,0.014285714285714296,0.015037593984962405
2025-02-25,0.019047619047619042,0.015037593984962405
2025-02-26,0.01904761904761904,0.015037593984962402
2025-02-27,0.01904761904761907,0.02005012531328321
2025-02-28,0.019047619047619046,0.020050125313283214
2025-03-01,0.023809523809523815,0.020050125313283203
2025-03-02,0.023809523809523805,0.010025062656641603
2025-03-03,0.023809523809523815,0.020050125313283203
2025-03-04,0.023809523809523808,0.025062656641604012
2025-03-05,0.023809523809523808,0.020050125313283196
2025-03-06,0.019047619047619056,0.020050125313283217
2025-03-07,0.01904761904761907,0.020050125313283203
2025-03-08,0.014285714285714264,0.02506265664160401
2025-03-09,0.014285714285714304,0.020050125313283203
2025-03-10,0.01428571428571428,0.02005012531328321
2025-03-11,0.014285714285714304,0.020050125313283207
2025-03-12,0.01904761904761905,0.020050125313283207
2025-03-13,0.019047619047619042,0.015037593984962405
2025-03-14,0.019047619047619084,0.015037593984962405
2025-03-15,0.014285714285714273,0.010025062656641603
2025-03-16,0.014285714285714297,0.010025062656641603
2025-03-17,0.014285714285714277,0.010025062656641607
2025-03-18,0.014285714285714294,0.020050125313283203
2025-03-19,0.014285714285714297,0.015037593984962405
2025-03-20,0.01428571428571428,0.015037593984962405
2025-03-21,0.014285714285714306,0.015037593984962409
2025-03-22,0.00952380952380954,0.020050125313283203
2025-03-23,0.01428571428571428,0.02506265664160401
2025-03-24,0.019047619047619056,0.02506265664160401
2025-03-25,0.014285714285714292,0.025062656641604012
2025-03-26,0.01428571428571429,0.02506265664160402
2025-03-27,0.014285714285714303,0.025062656641604005
2025-03-28,0.014285714285714282,0.025062656641604016
2025-03-29,0.014285714285714289,0.025062656641604005
2025-03-30,0.019047619047619035,0.025062656641604016
2025-03-31,0.018140589569161043,0.028571428571428498
2025-04-01,0.018140589569160974,0.028571428571428636
2025-04-02,0.022675736961451268,0.02380952380952382
2025-04-03,0.02267573696145125,0.0238095238095238
2025-04-04,0.018140589569160925,0.02380952380952378
2025-04-05,0.01814058956916107,0.019047619047619063
2025-04-06,0.01814058956916099,0.019047619047619077
2025-04-07,0.009070294784580497,0.01904761904761902
2025-04-08,0.013605442176870779,0.014285714285714223
2025-04-09,0.013605442176870767,0.01904761904761905
2025-04-10,0.018140589569161047,0.014285714285714348
2025-04-11,0.018140589569160995,0.014285714285714263
2025-04-12,0.018140589569161,0.014285714285714223
2025-04-13,0.013605442176870756,0.019047619047619056
2025-04-14,0.022675736961451153,0.019047619047619098
2025-04-15,0.022675736961451257,0.02380952380952385
2025-04-16,0.02267573696145126,0.01904761904761897
2025-04-17,0.018140589569161016,0.02380952380952376
2025-04-18,0.018140589569160995,0.023809523809523794
2025-04-19,0.018140589569160995,0.02380952380952385
2025-04-20,0.02267573696145126,0.02380952380952382
2025-04-21,0.021645021645021648,0.03174603174603175
2025-04-22,0.025974025974026003,0.03174603174603175
2025-04-23,0.03030303030303022,0.0272108843537415
2025-04-24,0.03030303030303035,0.02721088435374151
2025-04-25,0.02164502164502157,0.027210884353741444
2025-04-26,0.021645021645021696,0.022675736961451247
2025-04-27,0.025974025974025976,0.02267573696145128
2025-04-28,0.025974025974025965,0.01814058956916103
2025-04-29,0.02597402597402597,0.018140589569161
2025-04-30,0.025974025974025955,0.018140589569161016
2025-05-01,0.02597402597402598,0.018140589569161016
2025-05-02,0.030303030303030346,0.02267573696145129
2025-05-03,0.030303030303030262,0.022675736961451254
2025-05-04,0.030303030303030304,0.02267573696145124
2025-05-05,0.02597402597402593,0.022675736961451167
2025-05-06,0.030303030303030328,0.02267573696145124
2025-05-07,0.030303030303030304,0.027210884353741527
2025-05-08,0.030303030303030304,0.022675736961451247
2025-05-09,0.025974025974025986,0.027210884353741506
2025-05-10,0.025974025974025934,0.02267573696145125
2025-05-11,0.025974025974025983,0.03174603174603176
2025-05-12,0.02164502164502166,0.031746031746031744
2025-05-13,0.025974025974025983,0.03174603174603175
2025-05-14,0.025974025974025986,0.0272108843537415
2025-05-15,0.024844720496894377,0.030303030303030304
2025-05-16,0.02070393374741205,0.030303030303030318
2025-05-17,0.016563146997929643,0.03030303030303026
2025-05-18,0.01656314699792955,0.03030303030303033
2025-05-19,0.01656314699792965,0.021645021645021557
2025-05-20,0.00828157349896479,0.03030303030303038
2025-05-21,0.012422360248447168,0.03030303030303029
2025-05-22,0.01656314699792966,0.03030303030303029
2025-05-23,0.01656314699792959,0.025974025974025983
2025-05-24,0.012422360248447187,0.03030303030303027
2025-05-25,0.016563146997929674,0.030303030303030325
2025-05-26,0.02070393374741197,0.03030303030303034
2025-05-27,0.020703933747411966,0.02597402597402594
2025-05-28,0.024844720496894478,0.025974025974025976
2025-05-29,0.02484472049689436,0.021645021645021596
2025-05-30,0.024844720496894464,0.01731601731601734
2025-05-31,0.028985507246376777,0.017316017316017295
2025-06-01,0.024844720496894387,0.02164502164502167
2025-06-02,0.024844720496894446,0.025974025974025997
2025-06-03,0.0248447204968944,0.021645021645021585
2025-06-04,0.024844720496894426,0.02164502164502166
2025-06-05,0.016563146997929604,0.02164502164502165
2025-06-06,0.016563146997929608,0.021645021645021658
2025-06-07,0.020703933747411987,0.020703933747411963
2025-06-08,0.024844720496894422,0.020703933747412057
2025-06-09,0.02070393374741202,0.016563146997929587
2025-06-10,0.020703933747412,0.021645021645021703
2025-06-11,0.02070393374741201,0.021645021645021745
2025-06-12,0.020703933747412,0.02070393374741195
2025-06-13,0.027777777777777776,0.020703933747412064
2025-06-14,0.027777777777777762,0.016563146997929615
2025-06-15,0.023809523809523857,0.024844720496894367
2025-06-16,0.03174603174603173,0.020703933747412064
2025-06-17,0.03174603174603172,0.024844720496894394
2025-06-18,0.03174603174603173,0.024844720496894394
2025-06-19,0.03174603174603172,0.02070393374741205
2025-06-20,0.03174603174603182,0.016563146997929587
2025-06-21,0.02777777777777776,0.016563146997929566
2025-06-22,0.02777777777777778,0.012422360248447263
2025-06-23,0.027777777777777762,0.012422360248447162
2025-06-24,0.01984126984126984,0.01242236024844725
2025-06-25,0.023809523809523763,0.01242236024844719
2025-06-26,0.027777777777777773,0.012422360248447152
2025-06-27,0.027777777777777863,0.016563146997929646
2025-06-28,0.02777777777777777,0.012422360248447213
2025-06-29,0.02777777777777776,0.012422360248447206
2025-06-30,0.02777777777777777,0.016563146997929615
2025-07-01,0.023809523809523767,0.024844720496894433
2025-07-02,0.027777777777777832,0.024844720496894408
2025-07-03,0.01984126984126982,0.020703933747412008
2025-07-04,0.019841269841269844,0.0124223602484472
2025-07-05,0.023809523809523815,0.016563146997929625
2025-07-06,0.023809523809523808,0.0124223602484472
2025-07-07,0.023809523809523805,0.016563146997929608
2025-07-08,0.031746031746031744,0.016563146997929608
2025-07-09,0.031746031746031744,0.020703933747412005
2025-07-10,0.027777777777777787,0.020703933747412
2025-07-11,0.02777777777777777,0.020703933747412015
2025-07-12,0.027777777777777776,0.0165631469979296
2025-07-13,0.027777777777777783,0.016563146997929604
2025-07-14,0.027777777777777787,0.01984126984126985
2025-07-15,0.023809523809523815,0.024844720496894405
2025-07-16,0.023809523809523815,0.019841269841269826
2025-07-17,0.022857142857142895,0.02380952380952383
2025-07-18,0.01904761904761897,0.023809523809523822
2025-07-19,0.015238095238095273,0.0238095238095238
2025-07-20,0.01904761904761909,0.023809523809523777
2025-07-21,0.01142857142857135,0.02380952380952378
2025-07-22,0.011428571428571479,0.019841269841269916
2025-07-23,0.019047619047618952,0.02380952380952381
2025-07-24,0.01523809523809529,0.01984126984126985
2025-07-25,0.011428571428571472,0.01984126984126981
2025-07-26,0.01142857142857134,0.019841269841269823
2025-07-27,0.011428571428571486,0.027777777777777773
2025-07-28,0.011428571428571338,0.01984126984126984
2025-07-29,0.007619047619047669,0.02777777777777783
2025-07-30,0.007619047619047669,0.02380952380952383
2025-07-31,0.007619047619047529,0.02777777777777775
2025-08-01,0.007619047619047671,0.019841269841269833
2025-08-02,0.007619047619047525,0.023809523809523774
2025-08-03,0.011428571428571482,0.01984126984126989
2025-08-04,0.011428571428571482,0.01984126984126984
2025-08-05,0.015238095238095141,0.019841269841269823
2025-08-06,0.015238095238095294,0.019841269841269858
2025-08-07,0.015238095238095236,0.019841269841269837
2025-08-08,0.007619047619047621,0.023809523809523815
2025-08-09,0.007619047619047616,0.023809523809523815
2025-08-10,0.0038095238095238134,0.027777777777777783
2025-08-11,0.0038095238095238043,0.015873015873015872
2025-08-12,0.007619047619047627,0.01587301587301588
2025-08-13,0.0076190476190476225,0.015873015873015876
2025-08-14,0.015238095238095238,0.02380952380952381
2025-08-15,0.01142857142857143,0.015873015873015876
2025-08-16,0.01142857142857142,0.01904761904761908
2025-08-17,0.007619047619047617,0.02285714285714278
2025-08-18,0.011428571428571437,0.019047619047619094
2025-08-19,0.011428571428571425,0.02285714285714288
2025-08-20,0.015238095238095247,0.02285714285714279
2025-08-21,0.011428571428571422,0.022857142857142895
2025-08-22,0.014652014652014596,0.022857142857142777
2025-08-23,0.011428571428571436,0.02285714285714291
2025-08-24,0.014652014652014713,0.022857142857142902
2025-08-25,0.0146520146520146,0.022857142857142767
2025-08-26,0.014652014652014619,0.0228571428571429
2025-08-27,0.014652014652014697,0.026666666666666596
2025-08-28,0.014652014652014619,0.022857142857142895
2025-08-29,0.01465201465201471,0.026666666666666713
2025-08-30,0.011428571428571437,0.01904761904761897
2025-08-31,0.014652014652014596,0.015238095238095273
2025-09-01,0.014652014652014623,0.01142857142857135
2025-09-02,0.018315018315018347,0.015238095238095287
2025-09-03,0.015238095238095255,0.015238095238095285
2025-09-04,0.010989010989010981,0.011428571428571347
2025-09-05,0.010989010989011009,0.01523809523809528
2025-09-06,0.014652014652014645,0.019047619047619042
2025-09-07,0.01465201465201463,0.015238095238095247
2025-09-08,0.010989010989010985,0.015238095238095231
2025-09-09,0.010989010989011016,0.015238095238095242
2025-09-10,0.018315018315018316,0.015238095238095238
2025-09-11,0.01831501831501832,0.019047619047619046
2025-09-12,0.021978021978022035,0.022857142857142864
2025-09-13,0.02564102564102562,0.02285714285714286
2025-09-14,0.029304029304029346,0.026666666666666665
2025-09-15,0.029304029304029342,0.02666666666666667
2025-09-16,0.018315018315018354,0.030476190476190462
2025-09-17,0.021978021978022025,0.030476190476190483
2025-09-18,0.018315018315018368,0.030476190476190483
2025-09-19,0.018315018315018344,0.030476190476190473
2025-09-20,0.021978021978021976,0.02666666666666667
2025-09-21,0.021164021164021142,0.02930402930402926
2025-09-22,0.018315018315018326,0.02930402930402937
2025-09-23,0.024691358024691433,0.021978021978021914
2025-09-24,0.024691358024691364,0.018315018315018295
2025-09-25,0.028218694885361512,0.021978021978022018
2025-09-26,0.024691358024691357,0.021978021978021945
2025-09-27,0.01763668430335104,0.01831501831501838
2025-09-28,0.01763668430335097,0.014652014652014583
2025-09-29,0.01763668430335095,0.014652014652014659
2025-09-30,0.021164021164021156,0.01465201465201468
2025-10-01,0.02821869488536152,0.01465201465201465
2025-10-02,0.028218694885361526,0.014652014652014654
2025-10-03,0.02469135802469145,0.021978021978021955
2025-10-04,0.02821869488536157,0.021978021978022004
2025-10-05,0.031746031746031696,0.021978021978021976
2025-10-06,0.03174603174603175,0.018315018315018285
2025-10-07,0.028218694885361544,0.018315018315018326
2025-10-08,0.024691358024691468,0.018315018315018333
2025-10-09,0.024691358024691308,0.02469135802469137
2025-10-10,0.0238095238095238,0.03174603174603178
2025-10-11,0.02469135802469134,0.03174603174603173
2025-10-12,0.024691358024691364,0.02821869488536153
2025-10-13,0.02821869488536154,0.028218694885361547
2025-10-14,0.028218694885361578,0.02197802197802199
2025-10-15,0.031746031746031744,0.024691358024691447
2025-10-16,0.03174603174603176,0.021978021978021997
2025-10-17,0.03061224489795918,0.021164021164021184
2025-10-18,0.02469135802469144,0.01465201465201469
2025-10-19,0.021164021164021225,0.01763668430335101
2025-10-20,0.02469135802469143,0.017636684303350934
2025-10-21,0.024691358024691423,0.017636684303350962
2025-10-22,0.024691358024691433,0.017636684303350934
2025-10-23,0.02721088435374153,0.0176366843033511
2025-10-24,0.027210884353741478,0.021164021164021145
2025-10-25,0.028218694885361557,0.014652014652014754
2025-10-26,0.028218694885361568,0.014109347442680779
2025-10-27,0.02040816326530613,0.01410934744268076
2025-10-28,0.02040816326530613,0.021164021164021177
2025-10-29,0.020408163265306117,0.02116402116402122
2025-10-30,0.01763668430335105,0.028218694885361596
2025-10-31,0.02380952380952385,0.021164021164021177
2025-11-01,0.01763668430335103,0.024691358024691332
2025-11-02,0.017636684303351007,0.02116402116402121
2025-11-03,0.017636684303351014,0.024691358024691308
2025-11-04,0.021164021164021204,0.02116402116402111
2025-11-05,0.02040816326530613,0.017636684303351
2025-11-06,0.02380952380952382,0.01763668430335096
2025-11-07,0.027210884353741513,0.021164021164021152
2025-11-08,0.027210884353741513,0.021164021164021177
2025-11-09,0.027210884353741464,0.021164021164021163
2025-11-10,0.027210884353741475,0.02116402116402117
2025-11-11,0.027210884353741454,0.017636684303350962
2025-11-12,0.023809523809523805,0.017636684303350973
2025-11-13,0.023809523809523822,0.02116402116402116
2025-11-14,0.027210884353741544,0.021164021164021173
2025-11-15,0.027210884353741506,0.021164021164021246
2025-11-16,0.03061224489795924,0.0176366843033511
2025-11-17,0.023809523809523843,0.0176366843033511
2025-11-18,0.02721088435374152,0.01763668430335108
2025-11-19,0.023809523809523864,0.017636684303351094
2025-11-20,0.023809523809523774,0.02116402116402114
2025-11-21,0.02721088435374155,0.023809523809523794
2025-11-22,0.026272577996715972,0.0238095238095238
2025-11-23,0.02298850574712636,0.020408163265306152
2025-11-24,0.026272577996715975,0.027210884353741496
2025-11-25,0.026272577996715854,0.02040816326530616
2025-11-26,0.022988505747126457,0.02040816326530611
2025-11-27,0.022988505747126506,0.020408163265306117
2025-11-28,0.022988505747126384,0.0238095238095238
2025-11-29,0.029556650246305403,0.020408163265306173
2025-11-30,0.029556650246305487,0.020408163265306076
2025-12-01,0.029556650246305327,0.02040816326530608
2025-12-02,0.029556650246305438,0.017006802721088392
2025-12-03,0.02627257799671597,0.017006802721088465
2025-12-04,0.026272577996715823,0.020408163265306097
2025-12-05,0.022988505747126485,0.013605442176870791
2025-12-06,0.019704433497536974,0.017006802721088433
2025-12-07,0.016420361247947466,0.017006802721088454
2025-12-08,0.019704433497536908,0.020408163265306128
2025-12-09,0.01970443349753699,0.017006802721088475
2025-12-10,0.022988505747126388,0.020408163265306107
2025-12-11,0.019704433497536943,0.02040816326530609
2025-12-12,0.02298850574712645,0.013605442176870746
2025-12-13,0.022988505747126478,0.02040816326530613
2025-12-14,0.019704433497536932,0.02040816326530609
2025-12-15,0.016420361247947372,0.02380952380952384
2025-12-16,0.01642036124794751,0.020408163265306128
2025-12-17,0.019704433497536904,0.017006802721088496
2025-12-18,0.019704433497536953,0.017006802721088482
2025-12-19,0.02298850574712643,0.01700680272108849
2025-12-20,0.022988505747126426,0.020408163265306166
2025-12-21,0.02298850574712649,0.02380952380952383
2025-12-22,0.01970443349753699,0.02721088435374151
2025-12-23,0.016420361247947483,0.027210884353741513
2025-12-24,0.01970443349753699,0.027210884353741516
2025-12-25,0.022988505747126492,0.02380952380952386
2025-12-26,0.022988505747126478,0.023809523809523846
2025-12-27,0.02298850574712633,0.017006802721088496
2025-12-28,0.026272577996715958,0.020408163265306097
2025-12-29,0.026272577996715955,0.01700680272108848
2025-12-30,0.029556650246305362,0.017006802721088426
2025-12-31,0.02955665024630546,0.023809523809523867
2026-01-01,0.026272577996715913,0.020408163265306114
2026-01-02,0.022988505747126412,0.0170068027210884
2026-01-03,0.02380952380952385,0.023809523809523767
2026-01-04,0.027210884353741513,0.02380952380952378
2026-01-05,0.02380952380952382,0.027210884353741464
2026-01-06,0.023809523809523846,0.027210884353741503
2026-01-07,0.020408163265306166,0.027210884353741513
2026-01-08,0.016420361247947504,0.027210884353741457
2026-01-09,0.01970443349753699,0.023809523809523808
2026-01-10,0.029556650246305438,0.027210884353741506
2026-01-11,0.0295566502463054,0.0238095238095238
2026-01-12,0.029556650246305414,0.027210884353741503
2026-01-13,0.026272577996716034,0.027210884353741506
2026-01-14,0.029556650246305487,0.023809523809523822
2026-01-15,0.02955665024630548,0.02040816326530612
2026-01-16,0.029556650246305535,0.020408163265306117
2026-01-17,0.032840722495894925,0.023809523809523774
2026-01-18,0.03612479474548433,0.02380952380952379
2026-01-19,0.03940886699507395,0.023809523809523878
2026-01-20,0.0426929392446634,0.02380952380952378
2026-01-21,0.03284072249589482,0.027210884353741575
2026-01-22,0.03284072249589493,0.02721088435374141
2026-01-23,0.03612479474548445,0.02721088435374156
2026-01-24,0.03284072249589489,0.02380952380952378
2026-01-25,0.03612479474548436,0.020408163265306162
2026-01-26,0.032840722495894974,0.01700680272108849
2026-01-27,0.029556650246305355,0.02040816326530617
2026-01-28,0.02627257799671593,0.027210884353741506
2026-01-29,0.026272577996715955,0.027210884353741454
2026-01-30,0.019704433497536943,0.023809523809523815
2026-01-31,0.025396825396825376,0.022988505747126402
2026-02-01,0.025396825396825407,0.019704433497537005
2026-02-02,0.0222222222222222,0.022988505747126433
2026-02-03,0.02857142857142862,0.016420361247947362
2026-02-04,0.019704433497536956,0.01700680272108848
2026-02-05,0.019704433497536953,0.020408163265306173
2026-02-06,0.019704433497536956,0.019704433497536963
2026-02-07,0.02222222222222225,0.01642036124794749
2026-02-08,0.022222222222222168,0.016420361247947424
2026-02-09,0.025396825396825393,0.01642036124794742
2026-02-10,0.028571428571428557,0.016420361247947504
2026-02-11,0.025396825396825397,0.02298850574712637
2026-02-12,0.02539682539682546,0.01970443349753699
2026-02-13,0.03174603174603173,0.01970443349753699
2026-02-14,0.022222222222222213,0.019704433497536845
2026-02-15,0.02857142857142855,0.022988505747126464
2026-02-16,0.025396825396825355,0.019704433497537012
2026-02-17,0.02539682539682542,0.02298850574712641
2026-02-18,0.019047619047619112,0.022988505747126402
2026-02-19,0.02222222222222223,0.026272577996715965
2026-02-20,0.022222222222222192,0.02298850574712639
2026-02-21,0.01904761904761906,0.022988505747126426
2026-02-22,0.02222222222222224,0.02298850574712645
2026-02-23,0.019047619047619063,0.022988505747126436
2026-02-24,0.02222222222222226,0.022988505747126443
2026-02-25,0.025396825396825397,0.022988505747126436
2026-02-26,0.025396825396825355,0.022988505747126464
2026-02-27,0.047619047619047616,0.04761904761904764
2026-02-28,0.047619047619047665,0.04761904761904759
2026-03-01,0.047619047619047616,0.0476190476190476
2026-03-02,0.047619047619047665,0.047619047619047644
2026-03-03,0.047619047619047575,0.04761904761904763
2026-03-04,0.047619047619047644,0.04761904761904761
2026-03-05,0.047619047619047575,0.047619047619047616
2026-03-06,0.04761904761904764,0.047619047619047575
2026-03-07,0.047619047619047616,0.04761904761904763
2026-03-08,0.04761904761904761,0.04761904761904766
2026-03-09,0.04761904761904763,0.047619047619047616
2026-03-10,0.047619047619047616,0.047619047619047616
2026-03-11,0.047619047619047616,0.047619047619047616
2026-03-12,0.047619047619047616,0.047619047619047616
2026-03-13,0.047619047619047616,0.04761904761904763
2026-03-14,0.04761904761904762,0.047619047619047596
2026-03-15,0.04761904761904762,0.04761904761904763
2026-03-16,0.04761904761904762,0.047619047619047616
2026-03-17,0.047619047619047616,0.04761904761904762
2026-03-18,0.04761904761904763,0.04761904761904762
2026-03-19,0.047619047619047616,0.04761904761904762
