score,split,offset,start_date,end_date,n_periods,q1_mean_return,q2_mean_return,q3_mean_return,q4_mean_return,q5_mean_return,q5_minus_q1_mean_return,q5_minus_q1_t_stat,positive_spread_ratio,quantile_monotonicity,q1_compound_return,q5_compound_return
tuned_blend_score,full,0,2025-06-27,2026-09-07,98,0.0026381937749860697,0.0013112651391614001,0.0028625759792087115,0.0045022258429846616,0.0050036723193007445,0.0023654785443146743,0.8045392868117621,0.5204081632653061,0.8999999999999998,0.21175716113448506,0.574290327141266
tuned_blend_score,full,1,2025-06-30,2026-09-08,98,0.0034328757645509297,0.0026106448684920054,0.0022500736662996188,0.0033368196091696904,0.005862635381409517,0.0024297596168585908,0.7244124151621134,0.5612244897959183,0.3,0.28574833721294546,0.7142943119037104
tuned_blend_score,full,2,2025-07-01,2026-09-04,97,0.000832212552584212,0.0032835093950378245,0.0019310162985434582,0.004816805135582938,0.007965981668779732,0.007133769116195519,2.199430235691302,0.5876288659793815,0.8999999999999998,0.02233535255183461,1.0983069760026836
tuned_blend_score,development,0,2025-06-27,2026-03-31,62,0.006962365361989153,0.0036531755280005797,0.004185173903927959,0.005328089761265977,0.0049322936294861775,-0.0020300717325029746,-0.7865416977719191,0.46774193548387094,-0.09999999999999999,0.5013955556066596,0.33444752156258395
tuned_blend_score,development,1,2025-06-30,2026-03-27,61,0.007266350168384842,0.004493094893742129,0.004065907177790685,0.004428694605030096,0.006600744333205544,-0.0006656058351792991,-0.1815084039016691,0.5245901639344263,-0.3,0.4961871473683346,0.47139814847739925
tuned_blend_score,development,2,2025-07-01,2026-03-30,61,0.002890187310435215,0.004290166741817269,0.0026345199923519277,0.006309781736437256,0.008282015923060552,0.005391828612625338,1.8018403652434285,0.5901639344262295,0.7,0.16538241411476662,0.6256893514713171
tuned_blend_score,holdout,0,2026-04-01,2026-09-08,37,-0.0028871766309590415,-0.0004928538217852241,-0.0007435977985910582,0.001536701372751185,0.004645753055475531,0.007532929686434572,1.1599403199452016,0.6216216216216216,0.8999999999999998,-0.14065005873465286,0.16507847565097133
tuned_blend_score,holdout,1,2026-04-02,2026-09-04,36,-0.002654911342663319,0.0015777844463282108,0.0007389683729235495,0.002287039228579787,0.0074304791823594524,0.01008539052502277,1.4075289260032573,0.5833333333333334,0.8999999999999998,-0.12274688534028733,0.2907182876627865
tuned_blend_score,holdout,2,2026-04-03,2026-09-07,36,-0.004808990624852575,-0.002722024974950522,0.0005847684421922275,0.003079904650389067,0.005126602285092495,0.00993559290994507,1.521634730976791,0.6111111111111112,0.9999999999999999,-0.19291278263784573,0.1797319127977668
