candidate,scope,n_etfs,breadth_threshold,confirm_days,scheme,avg_risk_exposure_train,avg_risk_exposure_validation,max_drawdown_train,max_drawdown_validation,total_return_train,total_return_validation,worst_development_return,return_instability,robust_score
broad_core_b0.40_c1_half_only,broad_core,7,0.4,1,half_only,0.9,0.88,-0.21706364804255518,-0.1238200884518097,0.1675519316166696,0.231445948466668,0.1675519316166696,0.0638940168499984,0.13300541413639855
broad_core_b0.50_c1_half_only,broad_core,7,0.5,1,half_only,0.9,0.86,-0.21706364804255518,-0.12284525663484103,0.1675519316166696,0.24087512893333463,0.1675519316166696,0.07332319731666503,0.13079434379227717
diversified_core_b0.50_c1_half_only,diversified_core,22,0.5,1,half_only,0.8857142857142857,0.76,-0.22243460895465006,-0.08339168283886611,0.16164455506666986,0.24008881766666823,0.16164455506666986,0.07844426259999837,0.12952473699084036
diversified_core_b0.50_c2_half_only,diversified_core,22,0.5,2,half_only,0.9142857142857143,0.8,-0.22904491433401386,-0.08402778048037396,0.1543740566166698,0.2302590613000015,0.1543740566166698,0.0758850046833317,0.12279863837378079
all_known_b0.40_c1_half_only,all_known,42,0.4,1,half_only,0.9,0.82,-0.21706364804255518,-0.07952984270873087,0.1675519316166696,0.30314185740000177,0.1675519316166696,0.13558992578333218,0.12172497376452691
diversified_core_b0.40_c1_half_only,diversified_core,22,0.4,1,half_only,0.9,0.8,-0.21706364804255518,-0.07952984270873087,0.1675519316166696,0.30314185740000177,0.1675519316166696,0.13558992578333218,0.12172497376452691
domestic_all_b0.40_c1_half_only,domestic_all,32,0.4,1,half_only,0.9,0.82,-0.21706364804255518,-0.07952984270873087,0.1675519316166696,0.30314185740000177,0.1675519316166696,0.13558992578333218,0.12172497376452691
all_known_b0.50_c1_half_only,all_known,42,0.5,1,half_only,0.9,0.8,-0.21706364804255518,-0.07895979097783579,0.1675519316166696,0.3129716137666685,0.1675519316166696,0.1454196821499989,0.1193530424324945
domestic_all_b0.50_c1_half_only,domestic_all,32,0.5,1,half_only,0.9,0.8,-0.21706364804255518,-0.07895979097783579,0.1675519316166696,0.3129716137666685,0.1675519316166696,0.1454196821499989,0.1193530424324945
broad_core_b0.40_c2_half_only,broad_core,7,0.4,2,half_only,0.9142857142857143,0.88,-0.22904491433401386,-0.1238200884518097,0.1543740566166698,0.231445948466668,0.1543740566166698,0.07707189184999819,0.1165330703863988
domestic_core_b0.40_c1_half_only,domestic_core,18,0.4,1,half_only,0.8857142857142857,0.82,-0.22243460895465006,-0.07952984270873087,0.16164455506666986,0.30314185740000177,0.16164455506666986,0.1414973023333319,0.11434075307702725
broad_core_b0.50_c2_half_only,broad_core,7,0.5,2,half_only,0.9142857142857143,0.86,-0.22904491433401386,-0.12284525663484103,0.1543740566166698,0.24087512893333463,0.1543740566166698,0.08650107231666482,0.11432200004227745
domestic_core_b0.50_c1_half_only,domestic_core,18,0.5,1,half_only,0.8857142857142857,0.8,-0.22243460895465006,-0.07895979097783579,0.16164455506666986,0.3129716137666685,0.16164455506666986,0.15132705869999863,0.11196882174499484
all_raw_b0.40_c1_half_only,all_raw,63,0.4,1,half_only,0.8857142857142857,0.82,-0.22243460895465006,-0.07850479681455724,0.16164455506666986,0.3209198037666685,0.16164455506666986,0.15927524869999865,0.1100500233694866
all_known_b0.40_c2_half_only,all_known,42,0.4,2,half_only,0.9142857142857143,0.82,-0.22904491433401386,-0.07952984270873087,0.1543740566166698,0.30314185740000177,0.1543740566166698,0.14876780078333196,0.10525263001452718
all_known_b0.50_c2_half_only,all_known,42,0.5,2,half_only,0.9142857142857143,0.82,-0.22904491433401386,-0.07952984270873087,0.1543740566166698,0.30314185740000177,0.1543740566166698,0.14876780078333196,0.10525263001452718
diversified_core_b0.40_c2_half_only,diversified_core,22,0.4,2,half_only,0.9142857142857143,0.82,-0.22904491433401386,-0.07952984270873087,0.1543740566166698,0.30314185740000177,0.1543740566166698,0.14876780078333196,0.10525263001452718
domestic_all_b0.40_c2_half_only,domestic_all,32,0.4,2,half_only,0.9142857142857143,0.82,-0.22904491433401386,-0.07952984270873087,0.1543740566166698,0.30314185740000177,0.1543740566166698,0.14876780078333196,0.10525263001452718
domestic_all_b0.50_c2_half_only,domestic_all,32,0.5,2,half_only,0.9142857142857143,0.82,-0.22904491433401386,-0.07952984270873087,0.1543740566166698,0.30314185740000177,0.1543740566166698,0.14876780078333196,0.10525263001452718
domestic_core_b0.40_c2_half_only,domestic_core,18,0.4,2,half_only,0.9142857142857143,0.84,-0.22904491433401386,-0.07906827435415031,0.1543740566166698,0.31109004740000157,0.1543740566166698,0.15671599078333176,0.10333481776771432
domestic_core_b0.50_c2_half_only,domestic_core,18,0.5,2,half_only,0.9142857142857143,0.84,-0.22904491433401386,-0.07906827435415031,0.1543740566166698,0.31109004740000157,0.1543740566166698,0.15671599078333176,0.10333481776771432
all_raw_b0.40_c2_half_only,all_raw,63,0.4,2,half_only,0.9,0.84,-0.23441587524610863,-0.07906827435415031,0.15029463603333637,0.31109004740000157,0.15029463603333637,0.1607954113666652,0.09823554203854752
all_raw_b0.50_c1_half_only,all_raw,63,0.5,1,half_only,0.8714285714285714,0.78,-0.22243460895465006,-0.08288434310190396,0.11844586996666928,0.24803700766666803,0.11844586996666928,0.12959113769999875,0.073615434076384
all_raw_b0.50_c2_half_only,all_raw,63,0.5,2,half_only,0.8857142857142857,0.82,-0.23441587524610863,-0.08351269532438821,0.08940077978333649,0.2382072513000013,0.08940077978333649,0.14880647151666482,0.03967225760551206
all_known_b0.40_c2_tiered,all_known,42,0.4,2,tiered,0.7714285714285715,0.56,-0.2229570706588465,-0.08816962367329828,0.05603383501666914,0.16972269175000076,0.05603383501666914,0.11368885673333162,0.014386177282341496
all_known_b0.40_c1_tiered,all_known,42,0.4,1,tiered,0.7428571428571429,0.56,-0.20637265005315397,-0.08816962367329828,0.05457916815000252,0.16972269175000076,0.05457916815000252,0.11514352359999824,0.01256784369900822
diversified_core_b0.50_c1_tiered,diversified_core,22,0.5,1,tiered,0.7285714285714285,0.42,-0.22544533689340873,-0.09389408039375502,-0.05197517278333086,0.05536673941666792,-0.05197517278333086,0.10734191219999878,-0.0928947628923938
all_raw_b0.50_c1_tiered,all_raw,63,0.5,1,tiered,0.7,0.44,-0.22388241664353936,-0.09371988582081503,-0.05337135638333079,0.057510267883334576,-0.05337135638333079,0.11088162426666537,-0.09514974532311939
domestic_core_b0.50_c1_tiered,domestic_core,18,0.5,1,tiered,0.7285714285714285,0.46,-0.22544533689340873,-0.08893045415569001,-0.05197517278333086,0.11973547041666777,-0.05197517278333086,0.17171064319999862,-0.10824240170668402
domestic_core_b0.40_c1_tiered,domestic_core,18,0.4,1,tiered,0.7285714285714285,0.52,-0.22544533689340873,-0.08816962367329828,-0.05197517278333086,0.13024257380000082,-0.05197517278333086,0.18221774658333167,-0.11075505298015852
all_known_b0.50_c1_tiered,all_known,42,0.5,1,tiered,0.7285714285714285,0.48,-0.2153609327374142,-0.08783772850667126,-0.051139265266664236,0.13488308091666767,-0.051139265266664236,0.1860223461833319,-0.1108205110884979
domestic_all_b0.50_c1_tiered,domestic_all,32,0.5,1,tiered,0.7285714285714285,0.48,-0.2153609327374142,-0.08783772850667126,-0.051139265266664236,0.13488308091666767,-0.051139265266664236,0.1860223461833319,-0.1108205110884979
diversified_core_b0.40_c1_tiered,diversified_core,22,0.4,1,tiered,0.7428571428571429,0.5,-0.21692385298728367,-0.08816962367329828,-0.05285827953333089,0.13024257380000082,-0.05285827953333089,0.1831008533333317,-0.11185893641765855
diversified_core_b0.50_c2_tiered,diversified_core,22,0.5,2,tiered,0.7571428571428571,0.48,-0.23868019826313103,-0.09189286118865381,-0.06409752371666422,0.08048209168333442,-0.06409752371666422,0.14457961539999864,-0.11402635674496195
all_raw_b0.50_c2_tiered,all_raw,63,0.5,2,tiered,0.7285714285714285,0.5,-0.23918052764553688,-0.09172600630758365,-0.0639195275499973,0.08262562015000108,-0.0639195275499973,0.14654514769999838,-0.11431471542113444
all_raw_b0.40_c1_tiered,all_raw,63,0.4,1,tiered,0.7142857142857143,0.54,-0.22388241664353936,-0.08873493764398943,-0.05025615851666421,0.1618984784500006,-0.05025615851666421,0.2121546369666648,-0.11660505840492882
broad_core_b0.40_c1_tiered,broad_core,7,0.4,1,tiered,0.7571428571428571,0.66,-0.21692385298728367,-0.08648272717522154,-0.04475043036666415,0.19367816041666797,-0.04475043036666415,0.23842859078333212,-0.11732998713878041
domestic_all_b0.40_c1_tiered,domestic_all,32,0.4,1,tiered,0.7285714285714285,0.56,-0.2153609327374142,-0.08816962367329828,-0.051139265266664236,0.16972269175000076,-0.051139265266664236,0.220861957016665,-0.11958019807182522
broad_core_b0.50_c1_tiered,broad_core,7,0.5,1,tiered,0.7571428571428571,0.64,-0.21692385298728367,-0.08579434141046649,-0.04475043036666415,0.2037245139833348,-0.04475043036666415,0.24847494434999895,-0.11973831766573387
diversified_core_b0.40_c2_tiered,diversified_core,22,0.4,2,tiered,0.7571428571428571,0.54,-0.23868019826313103,-0.08816962367329828,-0.06409752371666422,0.13024257380000082,-0.06409752371666422,0.19434009751666503,-0.12590799164682523
domestic_core_b0.40_c2_tiered,domestic_core,18,0.4,2,tiered,0.7571428571428571,0.56,-0.23868019826313103,-0.08801600454587544,-0.06409752371666422,0.13238610226666725,-0.06409752371666422,0.19648362598333147,-0.1264208308943784
all_known_b0.50_c2_tiered,all_known,42,0.5,2,tiered,0.7571428571428571,0.52,-0.23868019826313103,-0.0871332026236531,-0.06409752371666422,0.1448508226833347,-0.06409752371666422,0.20894834639999893,-0.1294045907102119
domestic_all_b0.50_c2_tiered,domestic_all,32,0.5,2,tiered,0.7571428571428571,0.52,-0.23868019826313103,-0.0871332026236531,-0.06409752371666422,0.1448508226833347,-0.06409752371666422,0.20894834639999893,-0.1294045907102119
domestic_core_b0.50_c2_tiered,domestic_core,18,0.5,2,tiered,0.7571428571428571,0.54,-0.23868019826313103,-0.08698317073772888,-0.06409752371666422,0.14699435115000115,-0.06409752371666422,0.21109187486666536,-0.1299179680439899
all_raw_b0.40_c2_tiered,all_raw,63,0.4,2,tiered,0.7428571428571429,0.58,-0.23918052764553688,-0.08801600454587544,-0.060804329683330716,0.1718662202166672,-0.060804329683330716,0.2326705498999979,-0.1321743678402115
broad_core_b0.40_c2_tiered,broad_core,7,0.4,2,tiered,0.7714285714285715,0.66,-0.23868019826313103,-0.08648272717522154,-0.05884260573333111,0.19367816041666797,-0.05884260573333111,0.2525207661499991,-0.1349452063471141
domestic_all_b0.40_c2_tiered,domestic_all,32,0.4,2,tiered,0.7571428571428571,0.56,-0.23868019826313103,-0.08816962367329828,-0.06409752371666422,0.16972269175000076,-0.06409752371666422,0.23382021546666498,-0.13577802113432522
broad_core_b0.50_c2_tiered,broad_core,7,0.5,2,tiered,0.7714285714285715,0.64,-0.23868019826313103,-0.08579434141046649,-0.05884260573333111,0.2037245139833348,-0.05884260573333111,0.2625671197166659,-0.13735353687406757
