candidate,breadth_threshold,ret20_threshold,split,windows,median_return,positive_rate,median_drawdown,worst_drawdown,median_exposure
diversified_core_b0.40_r+0.00_c1_half_only,0.4,0.0,full,1,-0.010982497483326026,0.0,-0.3544839551585761,-0.3544839551585761,0.8433734939759037
diversified_core_b0.40_r+0.00_c1_half_only,0.4,0.0,recent,1,0.02081575946666714,1.0,-0.018082124344213857,-0.018082124344213857,0.75
diversified_core_b0.40_r+0.00_c1_half_only,0.4,0.0,test,1,-0.1850220751333318,0.0,-0.22151998604263556,-0.22151998604263556,0.8333333333333334
diversified_core_b0.40_r+0.00_c1_half_only,0.4,0.0,walk_forward,9,0.02081575946666714,0.5555555555555556,-0.12149776015941671,-0.18174838501842105,0.85
diversified_core_b0.40_r+0.01_c1_half_only,0.4,0.01,full,1,-0.016538138233326283,0.0,-0.35811721897436843,-0.35811721897436843,0.8313253012048193
diversified_core_b0.40_r+0.01_c1_half_only,0.4,0.01,recent,1,0.010276941400000128,1.0,-0.01826730438393165,-0.01826730438393165,0.625
diversified_core_b0.40_r+0.01_c1_half_only,0.4,0.01,test,1,-0.191968969733332,0.0,-0.22151998604263556,-0.22151998604263556,0.8125
diversified_core_b0.40_r+0.01_c1_half_only,0.4,0.01,walk_forward,9,0.010276941400000128,0.5555555555555556,-0.12149776015941671,-0.20390112569254393,0.8
diversified_core_b0.40_r-0.01_c1_half_only,0.4,-0.01,full,1,-0.12894341824999278,0.0,-0.4275756480708949,-0.4275756480708949,0.8855421686746988
diversified_core_b0.40_r-0.01_c1_half_only,0.4,-0.01,recent,1,0.02081575946666714,1.0,-0.018082124344213857,-0.018082124344213857,0.75
diversified_core_b0.40_r-0.01_c1_half_only,0.4,-0.01,test,1,-0.1921959381166648,0.0,-0.22222642544204452,-0.22222642544204452,0.8541666666666666
diversified_core_b0.40_r-0.01_c1_half_only,0.4,-0.01,walk_forward,9,0.02081575946666714,0.5555555555555556,-0.1145324603266702,-0.24164819198846343,0.9
diversified_core_b0.50_r+0.00_c1_half_only,0.5,0.0,full,1,-0.07624017336665967,0.0,-0.36864594141998575,-0.36864594141998575,0.8253012048192772
diversified_core_b0.50_r+0.00_c1_half_only,0.5,0.0,recent,1,0.02081575946666714,1.0,-0.018082124344213857,-0.018082124344213857,0.75
diversified_core_b0.50_r+0.00_c1_half_only,0.5,0.0,test,1,-0.0763399931999984,0.0,-0.12780339501330806,-0.12780339501330806,0.7083333333333334
diversified_core_b0.50_r+0.00_c1_half_only,0.5,0.0,walk_forward,9,0.02081575946666714,0.6666666666666666,-0.08482243198283768,-0.18174838501842105,0.75
diversified_core_b0.50_r+0.01_c1_half_only,0.5,0.01,full,1,-0.06713611659999286,0.0,-0.3687265789863199,-0.3687265789863199,0.8072289156626506
diversified_core_b0.50_r+0.01_c1_half_only,0.5,0.01,recent,1,0.010276941400000128,1.0,-0.01826730438393165,-0.01826730438393165,0.625
diversified_core_b0.50_r+0.01_c1_half_only,0.5,0.01,test,1,-0.08666180189999861,0.0,-0.12780339501330806,-0.12780339501330806,0.6875
diversified_core_b0.50_r+0.01_c1_half_only,0.5,0.01,walk_forward,9,0.010276941400000128,0.6666666666666666,-0.08482243198283768,-0.20390112569254393,0.75
diversified_core_b0.50_r-0.01_c1_half_only,0.5,-0.01,full,1,-0.12894341824999278,0.0,-0.4275756480708949,-0.4275756480708949,0.8855421686746988
diversified_core_b0.50_r-0.01_c1_half_only,0.5,-0.01,recent,1,0.02081575946666714,1.0,-0.018082124344213857,-0.018082124344213857,0.75
diversified_core_b0.50_r-0.01_c1_half_only,0.5,-0.01,test,1,-0.15502862434999853,0.0,-0.1882707100603187,-0.1882707100603187,0.7916666666666666
diversified_core_b0.50_r-0.01_c1_half_only,0.5,-0.01,walk_forward,9,0.02081575946666714,0.5555555555555556,-0.1145324603266702,-0.24164819198846343,0.9
diversified_core_b0.60_r+0.00_c1_half_only,0.6,0.0,full,1,-0.09563696833332702,0.0,-0.3547840341589016,-0.3547840341589016,0.7951807228915663
diversified_core_b0.60_r+0.00_c1_half_only,0.6,0.0,recent,1,0.02081575946666714,1.0,-0.018082124344213857,-0.018082124344213857,0.75
diversified_core_b0.60_r+0.00_c1_half_only,0.6,0.0,test,1,-0.10100577079999873,0.0,-0.1292299033042179,-0.1292299033042179,0.6666666666666666
diversified_core_b0.60_r+0.00_c1_half_only,0.6,0.0,walk_forward,9,0.011519666900000392,0.5555555555555556,-0.08457955403877082,-0.18174838501842105,0.75
diversified_core_b0.60_r+0.01_c1_half_only,0.6,0.01,full,1,-0.06321460804999379,0.0,-0.3512417152580892,-0.3512417152580892,0.7650602409638554
diversified_core_b0.60_r+0.01_c1_half_only,0.6,0.01,recent,1,0.010276941400000128,1.0,-0.01826730438393165,-0.01826730438393165,0.625
diversified_core_b0.60_r+0.01_c1_half_only,0.6,0.01,test,1,-0.10901551936666543,0.0,-0.1292299033042179,-0.1292299033042179,0.6458333333333334
diversified_core_b0.60_r+0.01_c1_half_only,0.6,0.01,walk_forward,9,0.010276941400000128,0.5555555555555556,-0.08457955403877082,-0.20390112569254393,0.65
diversified_core_b0.60_r-0.01_c1_half_only,0.6,-0.01,full,1,-0.08694925143332621,0.0,-0.3999787224193624,-0.3999787224193624,0.8674698795180723
diversified_core_b0.60_r-0.01_c1_half_only,0.6,-0.01,recent,1,0.02081575946666714,1.0,-0.018082124344213857,-0.018082124344213857,0.75
diversified_core_b0.60_r-0.01_c1_half_only,0.6,-0.01,test,1,-0.15502862434999853,0.0,-0.1882707100603187,-0.1882707100603187,0.7916666666666666
diversified_core_b0.60_r-0.01_c1_half_only,0.6,-0.01,walk_forward,9,0.008398862166667076,0.5555555555555556,-0.1145324603266702,-0.24164819198846343,0.9
