score_source,horizon,top_n,rebalance_step,signal_timing,start_date,end_date,initial_capital,lot_size,min_commission,target_invest_ratio,target_invest_amount,max_buy_price,max_position_amount,allocation_mode,exclude_star_board,pool_pit_mode,pool_snapshot_count,entry_mode,entry_rebound_lookback,entry_rebound_slope_threshold,entry_min_drop_from_open_pct,entry_min_rebound_from_low_pct,entry_max_entry_minutes,stop_loss_pct,enable_bbi_exit,bbi_slope_threshold,enable_intraday_slope_peak_exit,slope_peak_gap_up_only,slope_peak_non_gap_exit_open,peak_slope_lookback,peak_slope_threshold,min_rise_from_open_pct,min_profit_from_buy_pct,slope_peak_require_no_profit,slope_peak_profit_on_negative_slope,min_pullback_from_high_pct,max_peak_exit_minutes,enable_theme_leader_overlay,leader_count,leader_strong_threshold,leader_weak_threshold,leader_strong_multiplier,leader_neutral_multiplier,leader_weak_multiplier,leader_mode,buy_slippage_bps,sell_slippage_bps,commission_bps,stamp_duty_bps,n_periods,avg_period_ret,annualized_ret_approx,period_vol,sharpe_approx,max_drawdown,win_rate,final_capital,total_return,avg_invested_ratio,avg_positions,candidate,split,avg_risk_exposure,risk_off_rate,risk_half_rate,scope,n_etfs,breadth_threshold,confirm_days,scheme,robust_score
tuned_blend_lowvol,3,3,3,premarket,2026-06-01,2026-09-08,30000.0,100,5.0,1.0,30000.0,100.0,,equal_slots,1,latest_fallback,0,minute_open,3,0.0015,0.003,0.002,60,0.0,0,,0,1,1,1,0.0015,0.003,0.0,0,0,0.002,60,0,3,0.03,0.0,1.3,1.0,0.7,trend,30.0,30.0,5.0,10.0,24,-0.006193463453165941,-0.40658938970841296,0.03456231987377007,-1.642367479482481,-0.1840025283422927,0.4166666666666667,25480.45103150004,-0.150651632283332,0.7118531003487174,2.875,broad_core_b0.40_c1_half_only,test,0.7708333333333334,0.0,0.4583333333333333,broad_core,7,0.4,1,half_only,0.13300541413639855
tuned_blend_lowvol,3,3,3,premarket,2026-08-26,2026-09-08,30000.0,100,5.0,1.0,30000.0,100.0,,equal_slots,1,latest_fallback,0,minute_open,3,0.0015,0.003,0.002,60,0.0,0,,0,1,1,1,0.0015,0.003,0.0,0,0,0.002,60,0,3,0.03,0.0,1.3,1.0,0.7,trend,30.0,30.0,5.0,10.0,4,0.005286846993376726,0.5572560608359636,0.018117710994746208,2.6744412185208186,-0.018082124344213857,0.5,30624.472784000012,0.02081575946666714,0.5960532679089379,2.25,broad_core_b0.40_c1_half_only,recent,0.75,0.0,0.5,broad_core,7,0.4,1,half_only,0.13300541413639855
tuned_blend_lowvol,3,3,3,premarket,2025-08-27,2026-09-08,30000.0,100,5.0,1.0,30000.0,100.0,,equal_slots,1,latest_fallback,0,minute_open,3,0.0015,0.003,0.002,60,0.0,0,,0,1,1,1,0.0015,0.003,0.0,0,0,0.002,60,0,3,0.03,0.0,1.3,1.0,0.7,trend,30.0,30.0,5.0,10.0,83,-0.0006409675370682476,-0.05243385624034658,0.043243196218947844,-0.13584945209658814,-0.3974866654060867,0.4939759036144578,26398.0788075002,-0.12006403974999336,0.7123376036160136,3.0,broad_core_b0.40_c1_half_only,full,0.8614457831325302,0.0,0.27710843373493976,broad_core,7,0.4,1,half_only,0.13300541413639855
tuned_blend_lowvol,3,3,3,premarket,2026-06-01,2026-09-08,30000.0,100,5.0,1.0,30000.0,100.0,,equal_slots,1,latest_fallback,0,minute_open,3,0.0015,0.003,0.002,60,0.0,0,,0,1,1,1,0.0015,0.003,0.0,0,0,0.002,60,0,3,0.03,0.0,1.3,1.0,0.7,trend,30.0,30.0,5.0,10.0,24,-0.002953563385640091,-0.2200039597940635,0.02712636715486738,-0.9979167285669611,-0.12780339501330806,0.4166666666666667,27709.800204000047,-0.0763399931999984,0.6512697997806098,2.875,diversified_core_b0.50_c1_half_only,test,0.7083333333333334,0.0,0.5833333333333334,diversified_core,22,0.5,1,half_only,0.12952473699084036
tuned_blend_lowvol,3,3,3,premarket,2026-08-26,2026-09-08,30000.0,100,5.0,1.0,30000.0,100.0,,equal_slots,1,latest_fallback,0,minute_open,3,0.0015,0.003,0.002,60,0.0,0,,0,1,1,1,0.0015,0.003,0.0,0,0,0.002,60,0,3,0.03,0.0,1.3,1.0,0.7,trend,30.0,30.0,5.0,10.0,4,0.005286846993376726,0.5572560608359636,0.018117710994746208,2.6744412185208186,-0.018082124344213857,0.5,30624.472784000012,0.02081575946666714,0.5960532679089379,2.25,diversified_core_b0.50_c1_half_only,recent,0.75,0.0,0.5,diversified_core,22,0.5,1,half_only,0.12952473699084036
tuned_blend_lowvol,3,3,3,premarket,2025-08-27,2026-09-08,30000.0,100,5.0,1.0,30000.0,100.0,,equal_slots,1,latest_fallback,0,minute_open,3,0.0015,0.003,0.002,60,0.0,0,,0,1,1,1,0.0015,0.003,0.0,0,0,0.002,60,0,3,0.03,0.0,1.3,1.0,0.7,trend,30.0,30.0,5.0,10.0,83,-0.00017869716015601772,-0.014899785903026541,0.04024333669117251,-0.04069708578952025,-0.36864594141998575,0.4939759036144578,27712.79479900021,-0.07624017336665967,0.679854699855047,3.0,diversified_core_b0.50_c1_half_only,full,0.8253012048192772,0.0,0.3493975903614458,diversified_core,22,0.5,1,half_only,0.12952473699084036
tuned_blend_lowvol,3,3,3,premarket,2026-06-01,2026-09-08,30000.0,100,5.0,1.0,30000.0,100.0,,equal_slots,1,latest_fallback,0,minute_open,3,0.0015,0.003,0.002,60,0.0,0,,0,1,1,1,0.0015,0.003,0.0,0,0,0.002,60,0,3,0.03,0.0,1.3,1.0,0.7,trend,30.0,30.0,5.0,10.0,24,-0.007059701191644813,-0.44850254687596447,0.035552717990567424,-1.8199235908245093,-0.20182391997440563,0.4583333333333333,24932.179461000054,-0.16892735129999814,0.7832182710793414,2.875,all_known_b0.40_c1_half_only,test,0.8333333333333334,0.0,0.3333333333333333,all_known,42,0.4,1,half_only,0.12172497376452691
tuned_blend_lowvol,3,3,3,premarket,2026-08-26,2026-09-08,30000.0,100,5.0,1.0,30000.0,100.0,,equal_slots,1,latest_fallback,0,minute_open,3,0.0015,0.003,0.002,60,0.0,0,,0,1,1,1,0.0015,0.003,0.0,0,0,0.002,60,0,3,0.03,0.0,1.3,1.0,0.7,trend,30.0,30.0,5.0,10.0,4,0.005286846993376726,0.5572560608359636,0.018117710994746208,2.6744412185208186,-0.018082124344213857,0.5,30624.472784000012,0.02081575946666714,0.5960532679089379,2.25,all_known_b0.40_c1_half_only,recent,0.75,0.0,0.5,all_known,42,0.4,1,half_only,0.12172497376452691
tuned_blend_lowvol,3,3,3,premarket,2025-08-27,2026-09-08,30000.0,100,5.0,1.0,30000.0,100.0,,equal_slots,1,latest_fallback,0,minute_open,3,0.0015,0.003,0.002,60,0.0,0,,0,1,1,1,0.0015,0.003,0.0,0,0,0.002,60,0,3,0.03,0.0,1.3,1.0,0.7,trend,30.0,30.0,5.0,10.0,83,-0.00016724231497562038,-0.013951295276945275,0.04217216466790172,-0.03634627597661609,-0.40037516028134434,0.4939759036144578,27563.42903650022,-0.08121903211665937,0.693206767025219,3.0,all_known_b0.40_c1_half_only,full,0.8493975903614458,0.0,0.30120481927710846,all_known,42,0.4,1,half_only,0.12172497376452691
tuned_blend_lowvol,3,3,3,premarket,2026-06-01,2026-09-08,30000.0,100,5.0,1.0,30000.0,100.0,,equal_slots,1,latest_fallback,0,minute_open,3,0.0015,0.003,0.002,60,0.0,0,,0,1,1,1,0.0015,0.003,0.0,0,0,0.002,60,0,3,0.03,0.0,1.3,1.0,0.7,trend,30.0,30.0,5.0,10.0,24,-0.005920808363303341,-0.3927569103621392,0.0345935107535643,-1.5686498368697421,-0.1785520679293784,0.4583333333333333,25648.133362500044,-0.14506222124999857,0.7355743807515888,2.875,domestic_all_b0.40_c1_half_only,test,0.7916666666666666,0.0,0.4166666666666667,domestic_all,32,0.4,1,half_only,0.12172497376452691
tuned_blend_lowvol,3,3,3,premarket,2026-08-26,2026-09-08,30000.0,100,5.0,1.0,30000.0,100.0,,equal_slots,1,latest_fallback,0,minute_open,3,0.0015,0.003,0.002,60,0.0,0,,0,1,1,1,0.0015,0.003,0.0,0,0,0.002,60,0,3,0.03,0.0,1.3,1.0,0.7,trend,30.0,30.0,5.0,10.0,4,0.005286846993376726,0.5572560608359636,0.018117710994746208,2.6744412185208186,-0.018082124344213857,0.5,30624.472784000012,0.02081575946666714,0.5960532679089379,2.25,domestic_all_b0.40_c1_half_only,recent,0.75,0.0,0.5,domestic_all,32,0.4,1,half_only,0.12172497376452691
tuned_blend_lowvol,3,3,3,premarket,2025-08-27,2026-09-08,30000.0,100,5.0,1.0,30000.0,100.0,,equal_slots,1,latest_fallback,0,minute_open,3,0.0015,0.003,0.002,60,0.0,0,,0,1,1,1,0.0015,0.003,0.0,0,0,0.002,60,0,3,0.03,0.0,1.3,1.0,0.7,trend,30.0,30.0,5.0,10.0,83,0.0003910523732115756,0.033387228733182894,0.04144844952780066,0.0864701633643595,-0.3702414854097046,0.4939759036144578,28945.75534600022,-0.03514148846665932,0.6835407690339308,3.0,domestic_all_b0.40_c1_half_only,full,0.8433734939759037,0.0,0.3132530120481928,domestic_all,32,0.4,1,half_only,0.12172497376452691
tuned_blend_lowvol,3,3,3,premarket,2026-06-01,2026-09-08,30000.0,100,5.0,1.0,30000.0,100.0,,equal_slots,1,latest_fallback,0,minute_open,3,0.0015,0.003,0.002,60,0.0,0,,0,1,1,1,0.0015,0.003,0.0,0,0,0.002,60,0,3,0.03,0.0,1.3,1.0,0.7,trend,30.0,30.0,5.0,10.0,24,-0.006193463453165941,-0.40658938970841296,0.03456231987377007,-1.642367479482481,-0.1840025283422927,0.4166666666666667,25480.45103150004,-0.150651632283332,0.7118531003487174,2.875,domestic_core_b0.40_c1_half_only,test,0.7708333333333334,0.0,0.4583333333333333,domestic_core,18,0.4,1,half_only,0.11434075307702725
tuned_blend_lowvol,3,3,3,premarket,2026-08-26,2026-09-08,30000.0,100,5.0,1.0,30000.0,100.0,,equal_slots,1,latest_fallback,0,minute_open,3,0.0015,0.003,0.002,60,0.0,0,,0,1,1,1,0.0015,0.003,0.0,0,0,0.002,60,0,3,0.03,0.0,1.3,1.0,0.7,trend,30.0,30.0,5.0,10.0,4,0.005286846993376726,0.5572560608359636,0.018117710994746208,2.6744412185208186,-0.018082124344213857,0.5,30624.472784000012,0.02081575946666714,0.5960532679089379,2.25,domestic_core_b0.40_c1_half_only,recent,0.75,0.0,0.5,domestic_core,18,0.4,1,half_only,0.11434075307702725
tuned_blend_lowvol,3,3,3,premarket,2025-08-27,2026-09-08,30000.0,100,5.0,1.0,30000.0,100.0,,equal_slots,1,latest_fallback,0,minute_open,3,0.0015,0.003,0.002,60,0.0,0,,0,1,1,1,0.0015,0.003,0.0,0,0,0.002,60,0,3,0.03,0.0,1.3,1.0,0.7,trend,30.0,30.0,5.0,10.0,83,-0.0002426604678335814,-0.020179564150051177,0.042369542941502206,-0.05249100579423703,-0.4021606437100599,0.4939759036144578,27373.651112000225,-0.08754496293332581,0.6893462111871026,3.0,domestic_core_b0.40_c1_half_only,full,0.8433734939759037,0.0,0.3132530120481928,domestic_core,18,0.4,1,half_only,0.11434075307702725
tuned_blend_lowvol,3,3,3,premarket,2026-06-01,2026-09-08,30000.0,100,5.0,1.0,30000.0,100.0,,equal_slots,1,latest_fallback,0,minute_open,3,0.0015,0.003,0.002,60,0.0,0,,0,1,1,1,0.0015,0.003,0.0,0,0,0.002,60,0,3,0.03,0.0,1.3,1.0,0.7,trend,30.0,30.0,5.0,10.0,24,-0.005590165544680105,-0.3755545578448134,0.03385496382091831,-1.5133589798729703,-0.18633461879643543,0.4583333333333333,25869.38358750004,-0.1376872137499987,0.706936848509225,2.875,all_raw_b0.40_c1_half_only,test,0.7708333333333334,0.0,0.4583333333333333,all_raw,63,0.4,1,half_only,0.1100500233694866
tuned_blend_lowvol,3,3,3,premarket,2026-08-26,2026-09-08,30000.0,100,5.0,1.0,30000.0,100.0,,equal_slots,1,latest_fallback,0,minute_open,3,0.0015,0.003,0.002,60,0.0,0,,0,1,1,1,0.0015,0.003,0.0,0,0,0.002,60,0,3,0.03,0.0,1.3,1.0,0.7,trend,30.0,30.0,5.0,10.0,4,0.005286846993376726,0.5572560608359636,0.018117710994746208,2.6744412185208186,-0.018082124344213857,0.5,30624.472784000012,0.02081575946666714,0.5960532679089379,2.25,all_raw_b0.40_c1_half_only,recent,0.75,0.0,0.5,all_raw,63,0.4,1,half_only,0.1100500233694866
tuned_blend_lowvol,3,3,3,premarket,2025-08-27,2026-09-08,30000.0,100,5.0,1.0,30000.0,100.0,,equal_slots,1,latest_fallback,0,minute_open,3,0.0015,0.003,0.002,60,0.0,0,,0,1,1,1,0.0015,0.003,0.0,0,0,0.002,60,0,3,0.03,0.0,1.3,1.0,0.7,trend,30.0,30.0,5.0,10.0,83,-1.5447116317776455e-05,-0.0012967263154649578,0.042118275665054626,-0.0033613712184200513,-0.397290956784346,0.4939759036144578,27919.546131000225,-0.06934846229999247,0.6852032454331551,3.0,all_raw_b0.40_c1_half_only,full,0.8433734939759037,0.0,0.3132530120481928,all_raw,63,0.4,1,half_only,0.1100500233694866
