signal_date,start_capital,end_capital,account_return,invested_ratio,positions_bought,cash_left_after_buy,reserved_cash,skip_reason,risk_exposure,nav
2025-12-25,30000.0,31813.551126000002,0.06045170420000012,0.9334066808333333,3,1997.799575000001,0.0,star_board_excluded,1.0,1.0604517042000001
2025-12-30,31813.551126000002,33760.76774450001,0.06120714442684827,0.8743654358744785,3,2183.330503000003,1813.5511260000021,star_board_excluded,1.0,1.1253589248166669
2026-01-06,33760.76774450001,35124.511790500015,0.04039434340832426,0.8543480358706861,3,1156.554388000004,3760.767744500008,star_board_excluded,1.0,1.1708170596833338
2026-01-09,35124.511790500015,35272.291157000014,0.004207300229009059,0.7656907508042303,3,3105.4861955000033,5124.511790500015,star_board_excluded,1.0,1.1757430385666672
2026-01-14,35272.291157000014,33902.98245400001,-0.038821087547307065,0.8362759691369256,3,502.63052900000184,5272.291157000014,star_board_excluded,1.0,1.1300994151333337
2026-01-19,33902.98245400001,33500.67407300002,-0.011866459876969548,0.855987798223222,3,979.4606960000037,3902.982454000012,buy_price_gt_100.00,1.0,1.1166891357666673
2026-01-22,33500.67407300002,32592.06568250002,-0.02712209278297162,0.767369382896058,3,4292.608410000004,3500.6740730000165,buy_price_gt_100.00,1.0,1.0864021894166673
2026-01-27,32592.06568250002,34453.72415050002,0.057119990065545245,0.8929167081185047,3,898.0000000000018,2592.0656825000187,star_board_excluded,1.0,1.148457471683334
2026-01-30,34453.72415050002,36569.43305900002,0.061407263239764864,0.8489486312200449,3,750.5580420000006,4453.72415050002,star_board_excluded,1.0,1.2189811019666672
2026-02-04,36569.43305900002,36225.62442700002,-0.009401530273802972,0.3754782027341462,3,1268.975000000003,21569.433059000017,buy_price_gt_100.00,0.5,1.2075208142333338
2026-02-09,36225.62442700002,36291.24883500002,0.001811546634130412,0.3314468194798302,3,2993.132,21225.624427000017,buy_price_gt_100.00,0.5,1.2097082945000006
2026-02-12,36291.24883500002,35395.54258900002,-0.024681053277399556,0.37879856553026753,3,1252.9270000000006,21291.24883500002,cash_too_small_for_target_lot,0.5,1.179851419633334
2026-02-25,35395.54258900002,35628.67767000002,0.006586566102604552,0.834222907524419,3,472.22754800000257,5395.542589000019,buy_price_gt_100.00,1.0,1.1876225890000007
2026-03-02,35628.67767000002,35415.16209000003,-0.005992801135580095,0.8360038289627598,3,214.28904700000203,5628.677670000019,star_board_excluded,1.0,1.1805054030000008
2026-03-05,35415.16209000003,37758.75662200003,0.06617489215619732,0.40711602458177504,3,581.9200000000019,20415.162090000027,cash_too_small_for_target_lot,0.5,1.2586252207333344
2026-03-10,37758.75662200003,38232.24819200003,0.012539914244001249,0.33498952644617064,3,2351.2120000000004,22758.75662200003,cash_too_small_for_target_lot,0.5,1.2744082730666677
2026-03-13,38232.24819200003,36986.980458000035,-0.03257113543902346,0.38184047997090353,3,401.3800000000019,23232.24819200003,cash_too_small_for_target_lot,0.5,1.232899348600001
2026-03-18,36986.980458000035,35936.416392000036,-0.028403618056709212,0.4044043015889055,3,42.306000000000495,21986.980458000035,cash_too_small_for_target_lot,0.5,1.197880546400001
2026-03-23,35936.416392000036,35819.928215000036,-0.003241507882403405,0.4169244043859471,3,17.231000000000677,20936.416392000036,cash_too_small_for_target_lot,0.5,1.1939976071666678
2026-03-27,35819.928215000036,36052.240992000035,0.006485573494329877,0.38957906102548523,3,1045.3060000000014,20819.928215000036,cash_too_small_for_target_lot,0.5,1.2017413664000012
2026-04-01,36052.240992000035,36052.240992000035,0.0,0.0,0,0.0,36052.240992000035,etf_risk_cash,0.0,1.2017413664000012
2026-04-07,36052.240992000035,36052.240992000035,0.0,0.0,0,0.0,36052.240992000035,etf_risk_cash,0.0,1.2017413664000012
2026-04-10,36052.240992000035,36415.063697000034,0.010063804496383666,0.32753231630234153,3,3191.726,21052.240992000035,cash_too_small_for_target_lot,0.5,1.2138354565666678
2026-04-15,36415.063697000034,37654.41976100004,0.034034158894032274,0.3946426984057126,3,629.0610000000015,21415.063697000034,cash_too_small_for_target_lot,0.5,1.255147325366668
2026-04-20,37654.41976100004,38430.87389150005,0.020620531014109877,0.7883946566811091,3,313.45666000000347,7654.419761000041,buy_price_gt_100.00,1.0,1.2810291297166683
2026-04-23,38430.87389150005,37861.52526850006,-0.014814875784698645,0.7432959862595779,3,1434.4856880000043,8430.87389150005,star_board_excluded,1.0,1.2620508422833354
2026-04-28,37861.52526850006,39979.57133250007,0.05594191065942544,0.7904237028030747,3,73.35300350000398,7861.52526850006,star_board_excluded,1.0,1.3326523777500023
2026-05-06,39979.57133250007,42911.69502000008,0.07334054842945337,0.6253376953963604,3,4999.267000000007,9979.571332500069,star_board_excluded,1.0,1.4303898340000027
2026-05-11,42911.69502000008,43438.73865650008,0.012282051227628266,0.6878746414058556,3,482.133176000003,12911.69502000008,star_board_excluded,1.0,1.4479579552166693
2026-05-14,43438.73865650008,43670.86860750009,0.005343846487708248,0.5852648869949572,3,4576.831529000001,13438.738656500078,star_board_excluded,1.0,1.4556956202500029
2026-05-19,43670.86860750009,43246.71659450009,-0.009712470269646833,0.632372837559204,3,2383.728900000002,13670.868607500088,star_board_excluded,1.0,1.4415572198166697
2026-05-22,43246.71659450009,42926.70164150009,-0.007399751430856472,0.2914592596285795,3,2395.3440000000014,28246.71659450009,cash_too_small_for_target_lot,0.5,1.4308900547166696
2026-05-27,42926.70164150009,41031.91694200008,-0.04414000207433111,0.6408015921821181,3,2492.501241,12926.70164150009,buy_price_gt_100.00,1.0,1.3677305647333362
2026-06-01,41031.91694200008,40564.85907150009,-0.01138279430522815,0.7128473342068099,3,750.5073905000045,11031.916942000084,buy_price_gt_100.00,1.0,1.352161969050003
2026-06-04,40564.85907150009,40169.88587450009,-0.009736831485197994,0.3433171054644315,3,1073.3900000000021,25564.85907150009,buy_price_gt_100.00,0.5,1.3389961958166696
2026-06-09,40169.88587450009,40169.88587450009,0.0,0.0,0,0.0,40169.88587450009,etf_risk_cash,0.0,1.3389961958166696
2026-06-12,40169.88587450009,40169.88587450009,0.0,0.0,0,0.0,40169.88587450009,etf_risk_cash,0.0,1.3389961958166696
2026-06-17,40169.88587450009,41543.32178650009,0.03419068493973154,0.34489503015478545,3,1145.6060000000016,25169.88587450009,cash_too_small_for_target_lot,0.5,1.3847773928833365
2026-06-23,41543.32178650009,42486.9406765001,0.02271409337099861,0.6777061580364278,3,1845.835000000001,11543.321786500092,buy_price_gt_100.00,1.0,1.4162313558833366
2026-06-26,42486.9406765001,42182.011657500094,-0.007177005784477664,0.6928473638084713,3,563.0351559999999,12486.940676500097,star_board_excluded,1.0,1.4060670552500032
2026-07-01,42182.011657500094,42182.10940150009,2.3171962681978187e-06,0.6751228677102818,3,1521.9593239999995,12182.011657500094,star_board_excluded,1.0,1.4060703133833363
2026-07-06,42182.10940150009,42182.10940150009,0.0,0.0,0,0.0,42182.10940150009,etf_risk_cash,0.0,1.4060703133833363
2026-07-10,42182.10940150009,42868.3220705001,0.016267860444542093,0.6894026504389519,3,919.5419775000046,12182.109401500093,star_board_excluded,1.0,1.42894406901667
2026-07-15,42868.3220705001,42868.3220705001,0.0,0.0,0,0.0,42868.3220705001,etf_risk_cash,0.0,1.42894406901667
2026-07-20,42868.3220705001,42868.3220705001,0.0,0.0,0,0.0,42868.3220705001,etf_risk_cash,0.0,1.42894406901667
2026-07-23,42868.3220705001,42868.3220705001,0.0,0.0,0,0.0,42868.3220705001,etf_risk_cash,0.0,1.42894406901667
2026-07-28,42868.3220705001,42868.3220705001,0.0,0.0,0,0.0,42868.3220705001,etf_risk_cash,0.0,1.42894406901667
2026-07-31,42868.3220705001,42868.3220705001,0.0,0.0,0,0.0,42868.3220705001,etf_risk_cash,0.0,1.42894406901667
2026-08-05,42868.3220705001,42868.3220705001,0.0,0.0,0,0.0,42868.3220705001,etf_risk_cash,0.0,1.42894406901667
2026-08-10,42868.3220705001,42868.3220705001,0.0,0.0,0,0.0,42868.3220705001,etf_risk_cash,0.0,1.42894406901667
2026-08-13,42868.3220705001,42254.5572165001,-0.014317445245247029,0.650161183219711,3,2128.6810000000023,12868.3220705001,star_board_excluded,1.0,1.4084852405500032
2026-08-18,42254.5572165001,40945.712067500106,-0.030975242322238805,0.6841936689543805,3,1089.6994680000025,12254.5572165001,star_board_excluded,1.0,1.3648570689166701
2026-08-21,40945.712067500106,40945.712067500106,0.0,0.0,0,0.0,40945.712067500106,etf_risk_cash,0.0,1.3648570689166701
2026-08-26,40945.712067500106,40945.712067500106,0.0,0.0,0,0.0,40945.712067500106,etf_risk_cash,0.0,1.3648570689166701
2026-08-31,40945.712067500106,40792.510849500104,-0.0037415692697552183,0.3340488004568505,3,1322.1340000000018,25945.712067500106,cash_too_small_for_target_lot,0.5,1.3597503616500035
2026-09-03,40792.510849500104,40228.557856500105,-0.013824914947762057,0.34720387897313176,3,836.6820000000025,25792.510849500104,star_board_excluded,0.5,1.3409519285500036
2026-09-08,40228.557856500105,40228.557856500105,0.0,0.0,0,0.0,40228.557856500105,etf_risk_cash,0.0,1.3409519285500036
