split,factor,start_date,end_date,n_days,mean_ic,ic_std,ic_ir_daily,ic_ir_annualized,positive_ic_ratio,naive_t_stat,hac_lag,hac_standard_error,hac_t_stat,hac_p_value_normal
full,defensive_low_volatility_score,2025-06-27,2026-09-08,293,0.04744561105347545,0.1830120063702218,0.2592486252377123,4.115444340686221,0.6109215017064846,4.437621655625865,3,0.013229449719538069,3.586363156390764,0.0003353219013149109
full,m_last_30_ret,2025-06-27,2026-09-08,293,-0.03751642971695037,0.14985095853929264,-0.25035828988116304,-3.974314642133856,0.4232081911262799,-4.285443627033332,3,0.008305920328576355,-4.516829951748494,6.27722741917871e-06
full,m_realized_vol,2025-06-27,2026-09-08,293,-0.0323086118126134,0.2181136936386129,-0.14812738839838607,-2.351449392357623,0.447098976109215,-2.5355324678973865,3,0.019119432022266312,-1.6898311505795305,0.09106026244152358
full,tuned_blend_score,2025-06-27,2026-09-08,293,0.03160744540495297,0.18692473804077728,0.1690918266690729,2.684249532600037,0.5972696245733788,2.8943858472845587,3,0.011672604633437732,2.707831405032706,0.006772441665285921
full,d_amp_1,2025-06-27,2026-09-08,293,-0.02867004385101467,0.2203483008027059,-0.13011238909750014,-2.065470144242743,0.46075085324232085,-2.2271653513875362,3,0.019257411872463697,-1.4887796990004747,0.13654538984686884
full,m_vwap_gap,2025-06-27,2026-09-08,293,-0.024754221170492603,0.19936123557498459,-0.12416767532112301,-1.9711007386362218,0.4402730375426621,-2.125408242487307,3,0.0108060678441471,-2.2907704752103935,0.021976692107351415
full,minute_momentum_score,2025-06-27,2026-09-08,293,-0.021639153684574603,0.1888654451293276,-0.11457444568410577,-1.8188129392993295,0.46757679180887374,-1.9611986018553274,3,0.011838433473037313,-1.8278730656263746,0.06756860423292439
full,d_close_to_ma20,2025-06-27,2026-09-08,293,-0.01866007677236117,0.2032737958311784,-0.09179774843117806,-1.457244079587401,0.5119453924914675,-1.5713243455095196,3,0.017525494055802143,-1.0647389861276637,0.28699406246730663
full,d_ret_5,2025-06-27,2026-09-08,293,-0.015618448556662085,0.19118185873433097,-0.08169419766111649,-1.2968551834096127,0.47440273037542663,-1.3983794141532608,3,0.014878878626801007,-1.049706026133509,0.29385329229534796
full,m_intraday_ret,2025-06-27,2026-09-08,293,-0.013745347740779186,0.1993223608641752,-0.06896038999932234,-1.0947122535133955,0.49829351535836175,-1.1804117370373697,3,0.010054106622003197,-1.3671376540505138,0.17158216278895225
full,m_first_60_ret,2025-06-27,2026-09-08,293,0.012453590823193065,0.18004697731851999,0.06916856371968685,1.098016908874897,0.5665529010238908,1.1839750971468967,3,0.009491537354090973,1.3120730982347564,0.18949547182953783
full,m_amount_last30_ratio,2025-06-27,2026-09-08,293,-0.01135209514334936,0.130590011875672,-0.0869292756796523,-1.3799594705960119,0.4709897610921502,-1.4879895155092235,3,0.01013257018993244,-1.1203569213493947,0.26256169463058027
full,m_up_minute_ratio,2025-06-27,2026-09-08,293,-0.011349109878738883,0.19890453157882534,-0.05705807599582648,-0.9057688762366857,0.4778156996587031,-0.9766769387311416,3,0.01670180238133684,-0.6795140799546738,0.4968121894130547
full,m_close_position,2025-06-27,2026-09-08,293,-0.011203832325718938,0.17926697542180053,-0.06249802731014587,-0.9921254261686142,0.515358361774744,-1.0697939060278403,3,0.010151546511687651,-1.1036576853408269,0.26974165773905406
full,m_first_30_ret,2025-06-27,2026-09-08,293,0.010724948442707176,0.1844206181141475,0.058154823210000026,0.9231791985155223,0.5460750853242321,0.9954502270519621,3,0.010538198582107122,1.0177212318732671,0.3088104542529242
full,d_amount_ratio_5,2025-06-27,2026-09-08,293,-0.008865973304442996,0.12600676286692922,-0.07036109096625236,-1.1169476920313826,0.5051194539249146,-1.2043878755345567,3,0.00846774477409007,-1.047028877343049,0.2950862597937325
full,d_ret_1,2025-06-27,2026-09-08,293,-0.005408899083118602,0.2028156108358702,-0.026669047125252046,-0.4233579983788737,0.5119453924914675,-0.456500554050805,3,0.010451510943721699,-0.5175231707878342,0.6047909983795954
full,d_close_to_ma5,2025-06-27,2026-09-08,293,-0.0028890648654527227,0.18782564468783786,-0.015381631567160521,-0.24417583131076467,0.4948805460750853,-0.2632911217126123,3,0.013104861988641355,-0.2204574811971939,0.8255148828493771
full,d_ret_3,2025-06-27,2026-09-08,293,-0.0018136044258901453,0.1842716422850036,-0.009842015859852898,-0.1562371581883458,0.5119453924914675,-0.16846817480574672,3,0.0125983617976429,-0.14395557573441517,0.8855355495845556
development,defensive_low_volatility_score,2025-06-27,2026-03-31,184,0.038444183955080605,0.15029956101114242,0.2557837407936977,4.060441005323587,0.6141304347826086,3.469619468762075,3,0.012857989545655028,2.9899063005593796,0.0027906303647204063
development,m_realized_vol,2025-06-27,2026-03-31,184,-0.035523324531041976,0.1734099562125349,-0.20485170117627985,-3.251919941765725,0.4076086956521739,-2.7787436699642014,3,0.01779201727782137,-1.9965877941970953,0.045869979870730195
development,d_close_to_ma20,2025-06-27,2026-03-31,184,-0.03172298700166163,0.1760090100885028,-0.18023501743297304,-2.8611422020382267,0.4673913043478261,-2.444826725489517,3,0.017780386463105487,-1.7841562143481642,0.07439828493270892
development,d_ret_5,2025-06-27,2026-03-31,184,-0.0310921429652531,0.173169357296749,-0.17954760270878944,-2.8502298315917036,0.42934782608695654,-2.4355021785001725,3,0.01675068685532522,-1.856171226517113,0.0634291559589512
development,d_amp_1,2025-06-27,2026-03-31,184,-0.030622567444389404,0.18179956567925634,-0.16844136744757632,-2.673923812571625,0.42934782608695654,-2.284849873676635,3,0.018480853949575545,-1.6569887694552514,0.09752174566298906
development,minute_momentum_score,2025-06-27,2026-03-31,184,-0.0291449610962973,0.16646637400897688,-0.17508017021338873,-2.7793115393009096,0.44565217391304346,-2.3749029757778835,3,0.013354447469962444,-2.1824160948516775,0.02907883753975628
development,m_last_30_ret,2025-06-27,2026-03-31,184,-0.02602537417874271,0.11615004076524178,-0.224066853591074,-3.5569510299282103,0.45108695652173914,-3.0393906786705616,3,0.008386410918708564,-3.103279153742015,0.0019138901882236388
development,m_vwap_gap,2025-06-27,2026-03-31,184,-0.019895441372171627,0.1633445858443631,-0.12180043353948854,-1.933521940352024,0.44565217391304346,-1.6521814647050592,3,0.011786518937148528,-1.687982811402063,0.09141452852845318
development,d_close_to_ma5,2025-06-27,2026-03-31,184,-0.019296890777045626,0.17124913582504322,-0.11268314251092225,-1.788789432198904,0.45652173913043476,-1.528508512089211,3,0.014806510528722542,-1.3032706618897396,0.19248237346305677
development,m_up_minute_ratio,2025-06-27,2026-03-31,184,-0.0182579905103573,0.17160895268779844,-0.10639299537928747,-1.6889364420770325,0.42391304347826086,-1.4431848051108989,3,0.018363802770859083,-0.9942379984242864,0.32010701279859843
development,m_intraday_ret,2025-06-27,2026-03-31,184,-0.017832926742736385,0.17248982599432444,-0.103385383108469,-1.641192077424881,0.5054347826086957,-1.4023875673469237,3,0.010602525246187846,-1.6819508870444086,0.09257836387495857
development,tuned_blend_score,2025-06-27,2026-03-31,184,0.017700641331531264,0.16016794779797047,0.11051300572233187,1.754339578677289,0.5543478260869565,1.4990713444717316,3,0.01236562511763031,1.4314392651524384,0.1523043618191626
development,d_ret_1,2025-06-27,2026-03-31,184,-0.017117923841108055,0.1711277866972097,-0.10003006625333259,-1.5879280736137955,0.5163043478260869,-1.3568738351279694,3,0.010577682736151995,-1.618305659953581,0.10559674153087557
development,d_ret_3,2025-06-27,2026-03-31,184,-0.017090484804756917,0.1659722899855658,-0.10297191661477488,-1.6346285003182461,0.46195652173913043,-1.3967790349525253,3,0.014149961851223296,-1.20781136970199,0.22711982711969753
development,m_amount_last30_ratio,2025-06-27,2026-03-31,184,-0.00901887034115888,0.12116221002542707,-0.07443633076077255,-1.181640118206909,0.45652173913043476,-1.0097035159052345,3,0.011803414559857858,-0.7640899415522596,0.4448136459616395
development,m_close_position,2025-06-27,2026-03-31,184,-0.007466973152376479,0.14925571775288263,-0.05002805430033361,-0.7941707415307091,0.5271739130434783,-0.6786135453571432,3,0.011044958580091763,-0.6760526169682061,0.4990072388568006
development,d_amount_ratio_5,2025-06-27,2026-03-31,184,-0.006026787008662999,0.12097858062646044,-0.04981697567829474,-0.7908199722847268,0.4945652173913043,-0.6757503356230413,3,0.009888112835735905,-0.6094982034268489,0.5421942632141161
development,m_first_60_ret,2025-06-27,2026-03-31,184,0.0031983225979932235,0.16111131399568504,0.019851632505951025,0.3151348963763542,0.5380434782608695,0.2692806447181917,3,0.01094871406264348,0.29211856111082085,0.7701959756084646
development,m_first_30_ret,2025-06-27,2026-03-31,184,0.00111409820953787,0.16559260274720533,0.006727946726211309,0.10680284322987775,0.5163043478260869,0.0912623096121049,3,0.01206175899557957,0.09236614742063474,0.9264071348634978
holdout,defensive_low_volatility_score,2026-04-01,2026-09-08,109,0.06264068065076585,0.227832644747255,0.2749416385007336,4.364563203177376,0.6055045871559633,2.8704749780097405,3,0.02794356376930664,2.241685461736656,0.024981708148476715
holdout,m_last_30_ret,2026-04-01,2026-09-08,109,-0.056914174845667895,0.19299823300534352,-0.29489479752953035,-4.681309783139292,0.3761467889908257,-3.0787920740914143,3,0.01668898165478826,-3.4102844633026823,0.0006489515497697468
holdout,tuned_blend_score,2026-04-01,2026-09-08,109,0.05508315136375659,0.22386408642145328,0.24605622207778066,3.9060214329473295,0.6697247706422018,2.5689023769165935,3,0.022702492861929737,2.426304093508895,0.015253483176899287
holdout,m_vwap_gap,2026-04-01,2026-09-08,109,-0.03295619807775003,0.2492791256185568,-0.13220600800798343,-2.098705314106428,0.43119266055045874,-1.38027124592283,3,0.021149999979675656,-1.5582126765683064,0.11918284094809917
holdout,m_first_60_ret,2026-04-01,2026-09-08,109,0.028077162873071698,0.20801679155788025,0.1349754635805893,2.1426690583793704,0.6146788990825688,1.4091852109636454,3,0.017148904414316567,1.6372569462590159,0.10157679277134675
holdout,m_first_30_ret,2026-04-01,2026-09-08,109,0.02694876901980032,0.21229541600988153,0.12693994776856585,2.0151091994109227,0.5963302752293578,1.3252919629289233,3,0.019303434880998997,1.3960608143541786,0.1626961826466576
holdout,m_realized_vol,2026-04-01,2026-09-08,109,-0.026881940801688115,0.27861063258422814,-0.09648569601363403,-1.5316629403623108,0.5137614678899083,-1.0073402401079081,3,0.041671310168824874,-0.6450946872747721,0.518865826502978
holdout,d_amp_1,2026-04-01,2026-09-08,109,-0.02537404072091421,0.27432326634205356,-0.09249685985174634,-1.4683421293326935,0.5137614678899083,-0.9656955679639743,3,0.04133195052771868,-0.6139086202548674,0.5392757135225489
holdout,d_close_to_ma5,2026-04-01,2026-09-08,109,0.02480854951741969,0.21085037695596623,0.11765949805534699,1.8677866274348158,0.5596330275229358,1.2284012233823876,3,0.023873057380998867,1.0391861051347953,0.29871819137855987
holdout,d_ret_3,2026-04-01,2026-09-08,109,0.023974890892563865,0.20990884255873066,0.11421572621866037,1.8131184443232902,0.5963302752293578,1.1924471898606253,3,0.023220813028148896,1.0324742231678476,0.30185001701023684
holdout,m_close_position,2026-04-01,2026-09-08,109,-0.01751192487521446,0.22153200478958138,-0.07904918700956046,-1.2548669410148074,0.4954128440366973,-0.8252977416600014,3,0.019859015469566643,-0.8818123386857204,0.377878298076318
holdout,m_amount_last30_ratio,2026-04-01,2026-09-08,109,-0.01529074985530393,0.14563117101544595,-0.10499640804015893,-1.6667663053759394,0.4954128440366973,-1.0961946822738993,3,0.01855269507933381,-0.8241794407722778,0.4098376070018113
holdout,d_ret_1,2026-04-01,2026-09-08,109,0.014356794086331483,0.246911731469786,0.05814545141646414,0.9230304259053148,0.5045871559633027,0.6070563348868527,3,0.02113678743205894,0.6792325528408355,0.49699052433318996
holdout,d_amount_ratio_5,2026-04-01,2026-09-08,109,-0.013658728152365195,0.1345069233408613,-0.10154665509485983,-1.6120031751086952,0.5229357798165137,-1.06017820414496,3,0.015318417025162248,-0.8916540220787289,0.37257840476058707
holdout,d_ret_5,2026-04-01,2026-09-08,109,0.010502283289032816,0.21659369105715864,0.04848840812386029,0.7697296161908298,0.5504587155963303,0.5062338429422497,3,0.027621395256917914,0.3802227654087267,0.703780061660526
holdout,minute_momentum_score,2026-04-01,2026-09-08,109,-0.00896879988863904,0.2218753857299696,-0.040422689786574144,-0.6416903069975147,0.5045871559633027,-0.42202527128644207,3,0.02218518168626171,-0.4042698417111913,0.6860143000366921
holdout,m_intraday_ret,2026-04-01,2026-09-08,109,-0.0068452143796771175,0.23859097151845768,-0.028690165164726545,-0.45544225259540944,0.48623853211009177,-0.29953411811101327,3,0.02014123498042815,-0.3398607079619904,0.73396142766889
holdout,d_close_to_ma20,2026-04-01,2026-09-08,109,0.0033910744404029095,0.2417513496655458,0.014027116891361052,0.2226735774346486,0.5871559633027523,0.14644739978212593,3,0.03594116823575832,0.09435070162881036,0.9248305754352352
holdout,m_up_minute_ratio,2026-04-01,2026-09-08,109,0.00031358770124081465,0.23842671261975487,0.0013152372810714679,0.020878744564535184,0.5688073394495413,0.013731480346332262,3,0.032283349565110586,0.009713604860250209,0.9922497865298862
