trade_date,q1,q2,q3,q4,q5,long_short
2025-06-27,0.007410358508464164,0.011521808443838835,0.007540525441698087,0.007996806913744789,0.0003124005068223301,-0.007097958001641834
2025-06-30,0.007577597195220892,0.004266733980452312,-0.016969282398513443,-0.012034141102203225,-0.015073091823518075,-0.022650689018738967
2025-07-01,-0.011777746961170623,-0.009849154600443727,-0.02416149823039273,-0.028321282417423987,-0.0031415255885364553,0.008636221372634168
2025-07-02,-0.0035801451980849146,-0.005776721547276782,-0.012860615191463759,0.003984878323667876,-0.0021373894277429734,0.0014427557703419413
2025-07-03,0.005711033133901355,0.014334070942801739,0.002466935380620337,-0.00041625618506063814,0.01007301230358886,0.004361979169687505
2025-07-04,0.013199634964972562,0.008323828884712534,0.007995216638928387,0.0023721472740241825,0.00746957375054354,-0.005730061214429022
2025-07-07,0.012934965925798942,0.018095685700361363,0.026248575601625013,0.0026639158512535505,-0.0029078449270277438,-0.015842810852826687
2025-07-08,0.008583591574076333,0.0028963328523122158,0.0028978387089779235,-0.0026100000352104686,-0.001956918756189389,-0.010540510330265722
2025-07-09,0.010059656051632606,0.015074906054355422,0.010825124538850272,0.012630776903623872,0.016035883975805038,0.005976227924172432
2025-07-10,0.036429614038785335,0.015976930764837017,0.012946144049521794,0.011285864944943656,0.01924874033570144,-0.017180873703083896
2025-07-11,0.008154209480613664,0.00807551394392948,0.014549336278069513,0.015191800503978541,0.026268901200959805,0.01811469172034614
2025-07-14,0.013963668979021817,0.01771800498768649,0.018131223787169866,0.029527713253812805,0.05179315699146115,0.037829488012439336
2025-07-15,0.012167625549522786,0.01793702850525659,0.02655042179350138,0.034374357253122795,0.023594215137327623,0.011426589587804837
2025-07-16,0.03569199873087252,0.02048573190250334,0.020733191889952898,0.030713454446003374,0.03098233533594829,-0.004709663394924228
2025-07-17,0.024688152528898992,0.014724254600135564,0.01141466621283761,0.0027895930569340364,0.00962914786906587,-0.015059004659833121
2025-07-18,0.00018046024489496806,0.009286317322464393,0.002536276950909706,0.0008203560615994292,-0.003740766407340129,-0.003921226652235097
2025-07-21,0.01036026667177436,0.010415390631924891,0.010920456470073687,0.004506603021771951,-0.009597732391024124,-0.019957999062798486
2025-07-22,0.013020585764704058,0.015244215317816187,0.007783872459580073,-0.0005342920734923077,-0.020403886320604928,-0.033424472085308986
2025-07-23,0.01727273013486338,0.01885738327695315,0.022380638857153287,0.02094699045807904,0.02183664604147193,0.00456391590660855
2025-07-24,0.04637501957745968,0.021040449160384885,0.011742300888628593,0.006715031227025281,0.019190447619975584,-0.027184571957484097
2025-07-25,0.020458711505188226,0.0019161695128519785,0.01668634052653611,0.0093753548508634,0.01307759661491758,-0.007381114890270645
2025-07-28,-0.01309176893271008,-0.005994381751088833,-0.01606071035337288,-0.01144567660140333,0.028967176665836324,0.04205894559854641
2025-07-29,-0.01378240742045711,-0.02285961869534582,-0.025899535921730398,-0.01309170843689599,-0.020909129227357295,-0.007126721806900185
2025-07-30,0.012048348331696847,0.008598285136002862,-0.0011431009554608211,-0.00042758819734708964,0.005081855793178377,-0.006966492538518471
2025-07-31,0.01114902296738131,0.018527949273501463,0.026026307423844403,0.02347034526018373,0.01571967546893607,0.004570652501554759
2025-08-01,0.05306004506530986,0.03580900863856083,0.031182606264070545,0.042520179287349955,0.0337167753551259,-0.019343269710183963
2025-08-04,0.008618394414578035,0.009871295692753176,0.01219923916810415,0.023779927534267522,0.04240977973367217,0.03379138531909414
2025-08-05,-0.007072738088903974,0.0030208044942413768,0.00012397309143283297,0.004054573794554087,0.021335824542895086,0.02840856263179906
2025-08-06,0.0014171879297501689,0.005854977541423396,0.0015808295301637818,0.005781720319362147,-0.0037252181362671627,-0.005142406066017332
2025-08-07,0.0077287942267786364,0.007601174032589352,0.004703431731359649,0.008651554939815497,0.01039945802897873,0.002670663802200093
2025-08-08,0.0422029508624409,0.023696678599302544,0.027174502247430572,0.02951658557519594,0.05152544039981688,0.00932248953737598
2025-08-11,0.004669344010747968,-0.0019465486134796577,0.002761945271388433,0.00598133549885922,0.027495916437167305,0.022826572426419337
2025-08-12,0.004873949027064266,0.011581469469466702,0.019129224848593005,0.04020010523799524,0.03460050003602116,0.02972655100895689
2025-08-13,0.005557038391095195,0.02592185895519137,0.023035878980086688,0.03016750481177384,0.030247486466544373,0.02469044807544918
2025-08-14,0.039658644149317974,0.03346096320633372,0.053205137372798805,0.03129750730046023,0.030349116878508765,-0.00930952727080921
2025-08-15,0.01886953373605492,0.03639667333339892,0.051113068795611276,0.02742424242431584,0.01688838858111048,-0.0019811451549444394
2025-08-18,0.0039007984310029534,0.00019433624046748347,-0.00024017482268878223,0.0015972998906143288,-0.005782929186507953,-0.009683727617510907
2025-08-19,0.03841680011225043,0.029021914759759914,0.03322431784064173,0.025924589003927072,-0.0017061508990277733,-0.040122951011278205
2025-08-20,0.027677710505314933,0.027156710642437132,0.03764982149599173,0.03580397897812824,0.0641228598029509,0.03644514929763597
2025-08-21,0.03620457948081935,0.0420566348063451,0.04272730770711108,0.044685627678380066,0.04696682562458782,0.010762246143768472
2025-08-22,-0.01169128142846015,-0.005038002479599733,-0.0030798908586623843,0.021132180184933253,0.027909553872754764,0.039600835301214915
2025-08-25,0.0019499976546021776,0.006190069571147486,-0.011727868246754264,0.016780251209771984,0.037319287161710936,0.035369289507108756
2025-08-26,0.004839100778981999,0.003905235407985789,0.0014234893014500513,0.032496711617559626,0.04021726011979711,0.035378159340815105
2025-08-27,0.028650363076010887,0.027212471950936252,0.02343443994979176,0.04034793445592106,0.08020081273023323,0.05155044965422234
2025-08-28,0.009437614905487359,0.023260880078829146,-0.005152277166616579,-0.018786291654901553,-0.05202399306556082,-0.061461607971048174
2025-08-29,-0.022465713884244357,-0.0282436129442444,-0.023966702748114667,-0.031844526010277,-0.01895291717208527,0.0035127967121590872
2025-09-01,-0.05868091729352899,-0.07685313357958849,-0.07004389359503924,-0.06465219678921405,-0.0797553113199033,-0.021074394026374302
2025-09-02,-0.031206701119382795,-0.020929294629627337,-0.015099845030569579,-0.010591533908350907,0.0033236027594727453,0.03453030387885554
2025-09-03,-0.007135391067727153,0.011565289801868902,0.021094020272813777,-0.0007414612635087758,0.014199466011013543,0.021334857078740697
2025-09-04,0.007779909504365671,0.01658768919325449,0.027561704953866596,0.031382087800490975,0.04589256022965401,0.03811265072528834
2025-09-05,0.000508979933784622,0.0046813143509461955,-0.005489695224414533,-0.009742371443343155,-0.02106652929582237,-0.021575509229606993
2025-09-08,0.04533046714970632,0.013175851456505426,0.011392716745727241,0.010581099758887172,0.008408386960635322,-0.036922080189071005
2025-09-09,0.05438773955610032,0.04347837350670877,0.03765931408187037,0.027525377658716904,0.025362088650718758,-0.029025650905381565
2025-09-10,0.024508865148074245,0.02380911859450824,0.030467108588272597,0.0350538838192262,0.045812571019084196,0.02130370587100995
2025-09-11,-0.00755880794587645,0.000621554114524846,0.020974842550558103,0.012097722490122776,0.019140153702247073,0.026698961648123524
2025-09-12,0.00968279343050678,0.023278950896255892,0.017891198817156274,0.021265854480924138,0.01226061586005227,0.00257782242954549
2025-09-15,0.0005925992540872098,0.016793256882432033,0.015270458899200763,0.02079728011819882,0.036762122359829216,0.03616952310574201
2025-09-16,0.0015228146569604805,0.009865072006594967,-0.000563735339648162,0.006327853869596915,-0.003061229172251621,-0.004584043829212101
2025-09-17,-0.00599418630496719,0.0018075253072567465,0.0058597963058497115,0.0029899433681568146,0.016854734415033705,0.022848920720000894
2025-09-18,-0.007012760819495462,-0.0008102789539189285,0.004242984876307903,0.0007642809755482224,0.010432681848927072,0.017445442668422535
2025-09-19,0.03779565613421335,0.03145006818072787,0.0323622614960443,0.015768402638211214,0.02270123535012626,-0.015094420784087091
2025-09-22,0.00990901902913186,0.004707453432962601,0.031878146188454505,0.031043806423322152,0.016247120995491762,0.006338101966359902
2025-09-23,-0.0032268167997650827,0.005262629045651394,0.007631934880589265,0.004279576234413424,0.007534913197670551,0.010761729997435633
2025-09-24,-0.007199854533332219,-0.005440350603184193,-0.005119316128799783,-0.005118162880200348,-0.006195550227748373,0.0010043043055838457
2025-09-25,0.01325539121559582,-0.0009889011833743911,0.012421973261586913,0.007310093500915379,0.005765150376960376,-0.0074902408386354445
2025-09-26,0.01148342511390878,0.039297988395767355,0.03841307728760679,0.05042482764411387,0.047744123150797436,0.03626069803688865
2025-09-29,-0.008608169356953407,0.0028276405338048946,0.013567667256413276,0.002175605794679682,-0.009205439014432899,-0.000597269657479492
2025-09-30,-0.018308534373152576,-0.010005744284759737,-0.013764106854934871,-0.0011852140213950203,-0.02263567360430858,-0.004327139231156005
2025-10-09,-0.06836006137831463,-0.042120606112241374,-0.044685550727063504,-0.036214161048954085,-0.05529106567132916,0.01306899570698547
2025-10-10,-0.018930116476367394,-0.007688282804776393,-0.004748231959008755,-0.010284519674621443,0.0023710536044269834,0.021301170080794376
2025-10-13,-0.0027258440633894467,-0.0028655993828397065,-0.021932126411746872,-0.02162880119878778,-0.01878362374911693,-0.016057779685727483
2025-10-14,-0.017335630861988544,-0.022680998024730368,-0.02799236198718714,-0.03861670945203482,-0.02360810521626618,-0.006272474354277635
2025-10-15,-0.012200764523231353,-0.0283902544467761,-0.03529464999019608,-0.0319878715824161,-0.0453200542075465,-0.03311928968431514
2025-10-16,-0.01085929408099384,-0.018736830445385648,-0.005474257193095881,-0.0044937961331256914,-0.014232914995724056,-0.003373620914730216
2025-10-17,0.0297962597892718,0.023259263206574475,0.02049308480687091,0.014295245988395069,0.008580879758444944,-0.021215380030826854
2025-10-20,0.006359594430266097,0.002303331818281236,-0.0029898265986867045,0.003063689611786356,-0.0038053628383819095,-0.010164957268648005
2025-10-21,0.003861043529667892,0.006144873267749068,0.010009197921520045,0.009064421639533643,0.021869081692639725,0.018008038162971834
2025-10-22,0.03460342295373641,0.023354266712235162,0.03184316234110117,0.027973119304630163,0.05370322143158626,0.01909979847784985
2025-10-23,0.05400050190607384,0.03415147363355769,0.0320129537920037,0.03430175267871776,0.03883146808017215,-0.015169033825901693
2025-10-24,0.02253999875142019,0.018016795841825705,0.01739518261472778,0.043346995802488054,0.0314739773492473,0.00893397859782711
2025-10-27,-0.003523187200925724,-0.00542419740540861,0.00046025776647255366,-0.00045609318997270426,-0.0037593622980820916,-0.0002361750971563675
2025-10-28,0.015536667279786417,0.0096798355849311,-0.007784947442893042,-0.019313727776181167,-0.03635962787522124,-0.051896295155007655
2025-10-29,0.009832757406255407,-0.02161616716636856,-0.013276503255363848,-0.03331750210532003,-0.01641420780834404,-0.026246965214599446
2025-10-30,-0.0326884571592063,-0.007337417501722632,-0.018689381261874707,-0.006034675588606784,-0.026620149368149427,0.006068307791056871
2025-10-31,-0.01482969605279968,-0.012117351699993064,-0.0007904106629091178,-0.004438925144060703,-0.012163796453632551,0.0026658995991671285
2025-11-03,0.003597944191578645,0.005958453690115449,-0.0010645312882055851,-0.01029933518644155,0.015856008702005216,0.012258064510426572
2025-11-04,0.013408350269149607,0.007789567323876565,0.009603605837450454,0.017523226578095887,0.023197216691267862,0.009788866422118256
2025-11-05,0.014257722786140804,0.00483673036079004,0.015034582825091,0.008441570140755628,0.021531527934458332,0.007273805148317528
2025-11-06,0.0004451170567593014,0.010644811410925272,-0.01820854301557193,-0.02389246883094486,-0.026527141212515804,-0.026972258269275105
2025-11-07,-0.01955625351789455,-0.0223930931949693,-0.006706561578895891,-0.02062535030623344,-0.015384089221819351,0.004172164296075198
2025-11-10,-0.004418709239971108,-0.007081679021644873,-0.004214804400837695,0.0006540523272350958,0.0008243768007639874,0.005243086040735095
2025-11-11,-0.01760092793861995,-0.00993299074329278,-0.009901638136275388,-0.006593154272848787,-0.011408470289183152,0.0061924576494368
2025-11-12,0.007863706782436737,0.00559986828552315,0.004858844226830226,-0.0021684301735288886,-0.002126155870028642,-0.009989862652465379
2025-11-13,-0.021240100351887645,-0.007231127987122743,-0.015389628712912535,-0.027300554734129467,-0.038719403490857354,-0.01747930313896971
2025-11-14,0.00039195880855076305,-0.014139545639386276,-0.006208278600308782,-0.01643195871186741,-0.01988035902072538,-0.020272317829276142
2025-11-17,-0.022522585399095154,-0.023663037168020925,-0.024936641428444883,-0.02314131358918499,-0.0188907583791483,0.003631827019946854
2025-11-18,-0.06286586536010594,-0.03649900671015483,-0.04376188394364018,-0.04617782181962484,-0.03734435355415626,0.02552151180594968
2025-11-19,-0.02512967268525869,-0.023739520209337776,-0.022430570099751725,-0.028040063043139486,-0.016434515998946873,0.008695156686311815
2025-11-20,-0.023846061474901436,-0.00318004800106752,0.0024063061386379167,-0.003270405379503475,0.017660018300572473,0.04150607977547391
2025-11-21,0.028234975537725145,0.03959328886985578,0.03440429002888585,0.034693991234583034,0.027867954477171532,-0.00036702106055361283
2025-11-24,0.037919983325616836,0.01972704117314649,0.016576355111795713,0.003554053907567787,-0.005879055192431436,-0.04379903851804827
2025-11-25,0.005638199961901399,0.0131782102861451,0.019281757638001874,0.006824398259608457,0.020004121475851254,0.014365921513949855
2025-11-26,0.024307307031766992,0.028518932866645863,0.023385856936756197,0.023812169332061074,0.013174330189692567,-0.011132976842074425
2025-11-27,0.018953143195206867,0.007750361271242631,0.008278556596690675,0.014170939956473848,0.00754494179475669,-0.011408201400450176
2025-11-28,-0.008215456908710901,-0.015465133598664126,-0.008948325498354824,-0.0029595550725187675,-0.011185552890412115,-0.002970095981701214
2025-12-01,-0.021446017358037476,-0.013730547747145517,-0.006730602523035441,-0.005109003836305454,-0.013109426353155406,0.00833659100488207
2025-12-02,0.004401072909146821,0.013813783049000128,0.005418759177343058,0.018537489208055074,0.02884190873013536,0.024440835820988542
2025-12-03,0.031036179456168173,0.039754208982532104,0.034880314104680656,0.03565112036399742,0.046180034137156385,0.015143854680988212
2025-12-04,0.02012706392426843,0.020801569160904608,0.019789243353796126,0.04055275821427715,0.04236319134289868,0.022236127418630253
2025-12-05,0.008653931897015545,0.004833358593312339,0.014286721503393194,0.016030818724209316,0.03731575467295289,0.028661822775937342
2025-12-08,-0.009565731173713508,-0.010555010220549098,-0.008297611321872659,-0.01461293823490302,-0.00638688873075603,0.0031788424429574783
2025-12-09,0.0016525445559388897,0.006015036132268296,0.005887340466665826,0.0006530991590775174,0.016200330191022697,0.014547785635083807
2025-12-10,-0.0010611668410989538,-0.018078970793602992,-0.008457705019571876,-0.00811209547724667,-0.0011914019525415616,-0.00013023511144260778
2025-12-11,-0.026881152831838406,-0.020501123989694593,-0.02420014169419532,-0.009672740690467974,0.00021575477473895582,0.02709690760657736
2025-12-12,-0.020764916514489456,-0.010298217387185287,-0.01904540558578949,-0.010529125776282544,-0.016635549385273334,0.004129367129216122
2025-12-15,-0.009874125036729742,-0.008689062333838989,-0.010478139941976479,-0.008268973859738793,-0.002749632156499913,0.007124492880229829
2025-12-16,0.03082749523383778,0.016622204831891228,0.017553093560183388,0.01919742730701864,0.013107813229889454,-0.017719682003948325
2025-12-17,0.03436386432099715,0.01893331599928094,0.01896123672853201,0.013217526087550049,0.007619939993653287,-0.026743924327343866
2025-12-18,0.02891151537259194,0.02119400760465715,0.022917678932687275,0.01292841326917475,-0.0022382947750678875,-0.031149810147659825
2025-12-19,0.05367156454337468,0.03074251150240572,0.01844492535994864,0.014829928394743995,0.017595865886486383,-0.0360756986568883
2025-12-22,0.020407257125206427,0.02295132542103428,0.027929889510958997,0.029794605229696975,0.038169720231105035,0.01776246310589861
2025-12-23,0.0618624203351563,0.037955334815430716,0.03292793412051684,0.02868581746545602,0.0177425613863188,-0.0441198589488375
2025-12-24,-0.005962021715575196,0.018334283425436033,0.021326384847809958,0.017542623053208254,0.05212642656651945,0.05808844828209465
2025-12-25,-0.01090944151465264,-0.0021647093114995,9.836724137499848e-05,0.007881095562545381,0.03479605965601662,0.04570550117066926
2025-12-26,-0.013054543850435276,-0.006188199425061771,0.003957530746200826,0.009170972397085335,0.02218280994828063,0.035237353798715905
2025-12-29,0.010912277462943314,0.024077981843900087,0.016811886784872433,0.020662457910379052,0.045850880148804125,0.03493860268586081
2025-12-30,0.04148414244082436,0.03441843608198285,0.043470750852068675,0.031194370670186038,0.03400772162371446,-0.007476420817109898
2025-12-31,0.05486234049558023,0.04454660257026773,0.040705701177248504,0.042643880479137565,0.051423009290174584,-0.0034393312054056477
2026-01-05,0.025994083579190235,0.033318555548598146,0.03777894699641792,0.04164739104885057,0.039841685636306384,0.01384760205711615
2026-01-06,0.01792962559770918,0.03323952369331486,0.033320140257587914,0.04983426249395567,0.06949745738389966,0.05156783178619048
2026-01-07,0.06492064108518902,0.06202964732511267,0.047176902107824124,0.04593301217994341,0.07592614271000755,0.011005501624818531
2026-01-08,-0.0033917608159470445,0.011836282263389106,0.013325438928253965,0.01670206267223299,0.054517385341701016,0.05790914615764806
2026-01-09,0.0035924523875834466,-0.006150926302130803,0.001127742216102114,-0.004071922267080718,0.011843086649399447,0.008250634261816
2026-01-12,0.0018901036657538969,-0.008450994662393753,-0.012081586179732965,-0.0297539073589284,-0.08512318148288772,-0.08701328514864162
2026-01-13,0.004581969938144031,0.023127524464337027,0.015473716125029176,0.0029245107924061706,-0.005734660302980756,-0.010316630241124787
2026-01-14,0.013820102527224633,0.007915443238916017,0.04249845877163841,0.022634513437078285,-0.021759143545745565,-0.035579246072970194
2026-01-15,-0.031004580274528785,0.00395196767678514,0.0006743413747807292,0.010501270421154653,0.019947899732246855,0.050952480006775644
2026-01-16,-0.004908928457563246,-0.01348423235110138,0.004185011591324891,0.004331028445923781,0.0037322216161899606,0.008641150073753207
2026-01-19,-0.020455233614056732,-0.006001281126991744,0.007152703220105862,0.00618091300635783,0.01178883195840867,0.032244065572465404
2026-01-20,0.05937351261112786,0.030640773441794788,0.023217555043468514,0.02487591249109559,0.022544718843526643,-0.03682879376760122
2026-01-21,0.028978811644917512,0.01284822412154185,-0.002956155202748672,-0.0075551555279929706,-0.019874374950925075,-0.04885318659584259
2026-01-22,-0.0018441022146898874,-0.0037391845956663726,0.001983407766478696,0.017516066429429496,0.013128900184229795,0.014973002398919683
2026-01-23,0.005686081469500711,-0.007071743408627723,-0.015251432283372628,-0.013212910266469974,-0.03260622341867805,-0.03829230488817876
2026-01-26,-0.02364065845357922,-0.011334857396034986,-0.016260899267541856,-0.0046914941444675656,0.00972819929430843,0.03336885774788765
2026-01-27,-0.01540510951799118,-0.03122635474820661,-0.033335462805863476,-0.020366503940678307,-0.025118108747361218,-0.009712999229370039
2026-01-28,-0.038263242733401114,-0.03923614846159137,-0.040897966703172486,-0.05014005468703444,-0.062242144737659516,-0.023978902004258403
2026-01-29,0.008705608948162098,-0.006532037208405705,-0.009106911175470281,-0.007827444511179093,0.013474109283736551,0.004768500335574454
2026-01-30,0.027158377764689115,0.01464388182902648,0.009968603839454096,-0.014264925776639818,-0.017583365051188318,-0.044741742815877436
2026-02-02,0.016218863345437616,0.016870635210138783,0.01162340836733012,0.014693660588453374,0.009964042492440133,-0.006254820852997483
2026-02-03,-0.006020175785529334,-0.011737014930762967,-0.01832106148280421,-0.021164908581677754,-0.03847206908643461,-0.032451893300905275
2026-02-04,0.016856565068773057,0.003453427178631961,0.004795680332672195,-0.00542748310018617,-0.001049747219570966,-0.017906312288344023
2026-02-05,0.034205816808603025,0.027112080838641462,0.026729989397413906,0.008104901173110614,0.0021839954134997433,-0.03202182139510328
2026-02-06,0.012667907594427102,0.011608833551958032,0.012544212725854459,0.022922461663229053,0.01642596256568284,0.0037580549712557376
2026-02-09,0.002266170307546163,0.004128316865265333,0.008414394238133638,0.006830203154003936,0.029010093804658528,0.026743923497112364
2026-02-10,-0.009466088014284753,-0.005769049451796626,-0.0006257707088892751,0.0009719345176633716,0.010320923825748559,0.019787011840033314
2026-02-11,0.013507492303366264,0.015217446287270456,0.014728783835297679,0.011885766275614471,0.01959855295786138,0.006091060654495115
2026-02-12,0.0128128823578511,0.014451246722345214,0.0011985339131809515,0.0010115971127984754,-0.0019125021444071706,-0.01472538450225827
2026-02-13,0.03837896685959504,0.03416486588954375,0.02427603574903601,0.027902272667202063,0.012137267352556878,-0.02624169950703816
2026-02-24,0.010382230874807693,0.019542124385921223,0.029779337954507046,0.018120406039942364,0.025127723283002928,0.014745492408195235
2026-02-25,-0.0030961891289204404,-0.0024168736094581367,0.0030591023271130616,0.029363835055169454,0.02855674636090481,0.03165293548982525
2026-02-26,-0.054655844173933134,-0.03749558500308984,-0.04724779113678146,-0.030581516967701155,-0.040420095379747764,0.01423574879418537
2026-02-27,-0.047847168026779505,-0.042292783068340056,-0.053758176621336584,-0.042578096847786386,-0.03157680728573599,0.016270360741043516
2026-03-02,-0.033957146360451905,-0.03401625530401379,-0.04260419631174524,-0.024016653304424807,-0.026675310013184978,0.007281836347266927
2026-03-03,0.038159942432790944,0.023794054938417745,0.02237816204721076,0.02709090504370165,0.005856799471619932,-0.03230314296117101
2026-03-04,0.015945710066504908,0.019189332462380436,0.015596401730136402,0.017437513446312614,0.023038354966827882,0.0070926449003229745
2026-03-05,0.03584385540329924,0.019445245112189934,0.020179781190792154,0.032225247430384206,0.04559217043390683,0.009748315030607586
2026-03-06,0.0069485482889942276,0.013788883709908379,0.01602693553861355,0.009694869657574288,0.032044984081664014,0.025096435792669788
2026-03-09,0.00603586985652078,0.01825027613296433,0.0058525107210180395,0.013614593935722398,0.03185531655638919,0.025819446699868413
2026-03-10,-0.017328580401034504,-0.02834843340040464,-0.023482365517800433,-0.029152650575782875,-0.02678968691281852,-0.009461106511784015
2026-03-11,-0.030398206333925246,-0.019268318236166985,-0.00429652151914913,-0.02270674239660498,-0.007919378208574756,0.02247882812535049
2026-03-12,-0.03962026270938461,-0.011123678881442863,-0.027578743977846553,-0.030014662774171422,-0.062379827994610886,-0.022759565285226276
2026-03-13,0.0016819208810225418,-0.005713423652358394,0.005982903484994102,0.001651007112606917,-0.006266228124116578,-0.00794814900513912
2026-03-16,-0.02968057675073395,-0.020817932975865466,-0.030144440608187474,-0.02367060493923521,-0.02495638032583329,0.00472419642490066
2026-03-17,0.01124984692105758,-0.02452315118909829,-0.0181423370124508,-0.012372138441041507,-0.02767621944388639,-0.03892606636494397
2026-03-18,-0.04739140953731779,-0.07578313466518395,-0.07037119911875418,-0.08718878160851591,-0.08045071989763955,-0.03305931036032176
2026-03-19,-0.039552303065739834,-0.04045965729012812,-0.035941362876122006,-0.033973812514543705,-0.01653047562789166,0.023021827437848173
2026-03-20,-0.0015653079893571064,-0.002857161357349745,-0.0036997147332651133,0.0009524010927480675,0.0007998951741535365,0.002365203163510643
2026-03-23,0.027117477146743552,0.02679899824314649,0.019366146502040563,0.02206246839296122,0.0276081603275524,0.0004906831808088492
2026-03-24,0.008044049168790634,0.005731380555340082,0.01225973207510374,0.02135533518492657,0.024434692415114718,0.016390643246324083
2026-03-25,-0.0028596590837918654,0.0041754996840772845,0.0036848883234750144,-0.018700971200308194,-0.021432991523495357,-0.01857333243970349
2026-03-26,-0.005865954747279737,-0.006907001887687767,0.0020580017314043124,-0.011975086063525245,-0.019363855744625416,-0.013497900997345678
2026-03-27,-0.013678680578485489,0.0035316170801429052,0.0023598859154637325,0.001105636264046402,0.019320963218983193,0.032999643797468683
2026-03-30,-0.039419746935103306,-0.01062080388995507,-0.018457291716543384,0.002922568212925662,-0.010498410977510923,0.028921335957592383
2026-03-31,-0.008948540691053969,0.001367793367549447,-0.019290444444550667,0.002222000506933151,0.000502348500616769,0.009450889191670737
2026-04-01,-0.038878387940065796,-0.03410187160878166,-0.03322427542827751,-0.025267356469397626,-0.00634318595766916,0.032535201982396636
2026-04-02,0.05231476389296207,0.048309335560287825,0.053568686483184726,0.030867664603047306,0.01621773951791231,-0.03609702437504976
2026-04-03,0.03723877463636413,0.04910991978331684,0.034648541515467916,0.04857661204082995,0.03726468650081352,2.591186444939053e-05
2026-04-07,0.058222602583141665,0.052706395386966774,0.051356286231490626,0.04913170485134525,0.04623630021217222,-0.011986302370969447
2026-04-08,0.007604170462238974,0.004150934359609992,0.004878989433173916,0.01604327827620522,0.01795075538319578,0.010346584920956806
2026-04-09,0.026144851478712112,0.02500076595543083,0.034177626810567595,0.04811954267318121,0.0463831331017894,0.02023828162307729
2026-04-10,0.02605639083967198,0.017889888533848274,0.016827345755303615,0.02340419506735704,0.02544917545812268,-0.0006072153815493003
2026-04-13,0.019592654505426434,0.027492865996734735,0.02246436761562133,0.02222801872572648,0.037825633735943935,0.0182329792305175
2026-04-14,0.01097916165357244,0.01628440789345383,0.008796136772224265,0.010920780532914818,0.03033316883066364,0.0193540071770912
2026-04-15,0.033137862124635695,0.0347567055305275,0.023866683199780806,0.03183258740579389,0.027463309502851377,-0.005674552621784318
2026-04-16,0.012579054333147646,0.01038396673159851,0.02293518274969565,0.024214120387923286,-0.00832774528043624,-0.020906799613583885
2026-04-17,0.012140278341621348,0.005091412064766158,0.021983516462948237,0.02388970785596545,0.03349937901554822,0.02135910067392687
2026-04-20,-0.015236477742058602,-0.0016642045497699172,-0.004738138686786668,0.01335771845845659,-0.004698180026065126,0.010538297715993475
2026-04-21,0.0015504548301013257,-0.008783874345181443,-0.01436369330754453,-0.009151723084700577,-0.004054546668271845,-0.005605001498373171
2026-04-22,-0.023961077723352875,-0.014750113820014376,-0.007612719959894153,-0.01355096135511732,-0.014625726261772666,0.009335351461580208
2026-04-23,-0.021992451601409915,-0.013353319962484657,-0.008379618918239212,-0.030767659811145865,-0.03166270326977335,-0.009670251668363435
2026-04-24,-0.015289675659934393,-0.006151776257464951,0.009759444113963619,0.005685396211032604,-0.0030825849218577193,0.012207090738076673
2026-04-27,0.002977428039595964,0.00300203055693003,0.0030455002242021543,0.00427083063477055,0.010453730223282607,0.007476302183686643
2026-04-28,0.05817726334924447,0.051729134774152724,0.04755578861221205,0.04436512222280932,0.046514419520916485,-0.011662843828327982
2026-04-29,0.06188097552692655,0.049511838254039334,0.056074715424766934,0.06578123506696933,0.07383852760573886,0.011957552078812314
2026-04-30,0.05940721773148625,0.05070145454751052,0.04367683198803934,0.059165678983592054,0.06350288737990754,0.004095669648421292
2026-05-06,0.038310469555401815,0.04102140885459509,0.05235701774866742,0.047949554149742626,0.06387047546659567,0.02556000591119386
2026-05-07,0.006534535956733234,0.01943917432936491,0.031953700082437454,0.030776827603500156,0.03252899624826884,0.025994460291535605
2026-05-08,0.021579466261071115,0.05489882495503055,0.04262964638494326,0.026466238674243518,0.03469419371397639,0.013114727452905275
2026-05-11,-0.021650280445634183,-0.019515441529385655,-0.014878266020787106,-0.005310544452041451,0.007704562456186187,0.02935484290182037
2026-05-12,-0.031507670574082616,-0.01603451157456207,-0.009321983040644523,-0.005704600897332957,-0.004079403758808181,0.027428266815274435
2026-05-13,-0.04144372780385973,-0.01312944606249466,-0.024522358768436506,-0.038505050877931615,-0.020907657939178804,0.020536069864680925
2026-05-14,-0.003306935355624981,0.029765388871081416,0.00787097015427203,0.012686803652910106,0.006543898942524899,0.009850834298149879
2026-05-15,0.0014837347492315115,0.004531440660573549,0.019311726040559314,0.0243639227947239,0.028332382639585242,0.02684864789035373
2026-05-18,0.0008967383522772654,-0.02415920874353467,-0.020009793525976215,-0.019343308429685426,-0.008841593678447394,-0.00973833203072466
2026-05-19,0.0029535080199289093,-0.01797015918712617,-0.02329750990562779,-0.004249048025468305,-0.01210030472224276,-0.01505381274217167
2026-05-20,-0.010865274390188187,-0.006885988924647346,0.0016108699478787685,0.004329854040797565,0.021587040570297287,0.03245231496048547
2026-05-21,0.007774576570681692,-0.0006360741286449368,0.023086465076183223,0.032945861996507245,0.01015937159807823,0.0023847950273965376
2026-05-22,-0.022163288083253466,-0.0252830869939084,-0.04250650954985282,-0.010869831106909643,0.022058820076023052,0.04422210815927652
2026-05-25,-0.031183018707967535,-0.042988652451869024,-0.025269496051496018,-0.013492813781124166,0.008386389937084916,0.03956940864505245
2026-05-26,-0.05571686624462645,-0.03024799445059675,-0.023951292772926864,-0.035270452936821434,-0.048839220542630235,0.006877645701996213
2026-05-27,-0.040681744908000445,-0.04117540255786013,-0.04860260630283305,-0.045090220344157154,-0.04731985885183027,-0.006638113943829828
2026-05-28,-0.0392254233468987,-0.029600585207740435,-0.06568724125102178,-0.06839057079401026,-0.057429839143452274,-0.018204415796553575
2026-05-29,-0.007446074330119634,-0.01622079456880248,-0.015340366497792988,-0.020623298257568347,-0.010768245875197835,-0.003322171545078201
2026-06-01,0.0404582804635263,0.002502376008010998,0.0030481714165125004,-0.006865831219442262,-0.018159253773682445,-0.058617534237208745
2026-06-02,-0.005041535498189444,-0.01229080892837098,-0.011120133809715401,0.0014993632382624578,0.0001820663597119058,0.00522360185790135
2026-06-03,-0.053549441389126165,-0.0394989438562278,-0.04402261653601724,-0.03117718949386466,-0.053801288093073385,-0.00025184670394722
2026-06-04,-0.035322537561115606,-0.01696689123619217,-0.01101524070721367,-0.02555244691440633,-0.007773412390185019,0.027549125170930586
2026-06-05,-0.033276116205508535,-0.0274918143423424,-0.0317430498996793,-0.035220051611638874,-0.020750014103680804,0.012526102101827731
2026-06-08,9.803259903792827e-05,0.006236164011565933,0.007802512348049824,0.02015839924771586,-0.045960083867398915,-0.046058116466436844
2026-06-09,0.001429641636379377,0.0004725730714112197,-0.015024217191329329,-0.030462123621541496,-0.05467411657808267,-0.05610375821446204
2026-06-10,0.035696000172941625,0.02337062077181977,0.03751458429447444,0.030682245020110015,0.02074509105204089,-0.014950909120900736
2026-06-11,0.05241144706040758,0.055265055805201135,0.049444416230746836,0.04103798534695834,0.04540816953254107,-0.00700327752786651
2026-06-12,0.10132962650707476,0.08937164836598994,0.046015750111841544,0.0014697967094199646,0.012348543454614275,-0.08898108305246048
2026-06-15,-0.00584710570101681,-0.004024787737899434,0.01738829158642795,0.05262676309409643,0.08054352456526652,0.08639063026628332
2026-06-16,-0.006530925803503701,0.014767286436339745,0.03459519067339859,0.035165253311774475,0.045941677278181874,0.052472603081685575
2026-06-17,-0.012417697433779766,-0.01129566217956664,-0.011623010408862319,0.0076336583207796205,0.02360392933162979,0.036021626765409556
2026-06-18,-0.017802173031357487,-0.006998316799683128,0.00620251950713244,0.0072121504625725415,0.011578156486514456,0.029380329517871943
2026-06-22,-0.02328759876162519,-0.01344536198056716,0.00010482892497624751,-0.0087987220511196,0.024883064632620917,0.04817066339424611
2026-06-23,-0.03204611812429248,-0.03398215150909759,-0.020117497908607493,0.007409386880722881,0.008317512228091366,0.04036363035238384
2026-06-24,-0.025660655061212668,-0.04236404940201951,-0.026332152938381377,-0.007136531045572405,0.03507187522452724,0.06073253028573991
2026-06-25,-0.0029534406998161806,0.011857323829381226,0.007504340791792765,0.03634266068349398,0.03328231129962374,0.036235751999439916
2026-06-26,0.0499805910284417,0.05310845489271287,0.05887176622201224,0.04732269376372266,0.0714913370273935,0.021510745998951808
2026-06-29,0.03693946509929593,0.04502077350719592,0.004263985311533118,-0.00538316178388167,-0.003441711829934657,-0.040381176929230586
2026-06-30,0.03080225192686138,0.021926137422281385,0.0035851495442875427,-0.008365511198479674,-0.03524375784742046,-0.06604600977428184
2026-07-01,-0.0483852789371425,-0.018485115509578143,-0.014467537462108812,-0.023302953392045047,-0.007248564112942317,0.041136714824200185
2026-07-02,-0.02557441259217705,-0.014934780787012507,-0.02075033908416133,-0.006433157127913188,-0.028241060459786946,-0.002666647867609895
2026-07-03,-0.023495195585843086,-0.03503270261448375,-0.039865101399061555,-0.07626925453773081,-0.11580570490443222,-0.09231050931858914
2026-07-06,-0.00869159373059008,-0.013081105471074495,0.054297476236227535,0.02389444399995292,-0.026894861939119295,-0.018203268208529216
2026-07-08,-0.06430897625499234,-0.03138553613638737,-0.013255372991306233,-0.011451022637659467,0.006896100705123642,0.07120507696011598
2026-07-09,-0.019526700673500597,-0.03734702013755047,-0.045225119579289014,-0.05285983640486085,-0.06708366478301665,-0.047556964109516056
2026-07-10,-0.07258533612601817,-0.05274515290979588,-0.04266246490365955,-0.021824999340418778,-0.07816411478663349,-0.005578778660615319
2026-07-13,-0.0526839887119674,-0.03168395366690056,-0.02232180990381462,0.054301248653777265,0.06151193714345918,0.11419592585542658
2026-07-14,-0.08550175113811617,-0.08279987286156434,-0.08873357912644261,-0.06271887561391876,-0.11405289555994241,-0.02855114442182624
2026-07-15,-0.16245868107849135,-0.12185452214110827,-0.07456215699252612,-0.04094468051689866,-0.04143429110332655,0.12102438997516479
2026-07-16,-0.05526828754756893,-0.030383576131061397,-0.029712737740011225,-0.018390643954866406,-0.04508904220687279,0.010179245340696134
2026-07-17,-0.0018705251305009163,0.003442058142628233,0.03269518155113196,0.017745012242155894,0.03180308404518291,0.03367360917568382
2026-07-20,0.04487175536920653,0.044127134520443465,0.03498839647357202,0.031283411402529694,0.020179786287770247,-0.024691969081436286
2026-07-21,-0.017740434945303737,-0.02116934489697809,-0.030289523944017314,-0.023882539566726667,-0.04997442257126261,-0.032233987625958874
2026-07-22,0.02170053437478358,0.01141699271303262,0.01160990258248324,-0.0015248940882146734,-0.019299758988168023,-0.041000293362951606
2026-07-23,-0.055260756488870834,-0.027379402592611103,-0.030193439755354084,-0.023834811571928148,-0.027766660332098205,0.02749409615677263
2026-07-24,0.013176220108514962,0.0074502489517659365,0.009766540258502796,-0.007290740522016985,-0.02901883507569545,-0.04219505518421041
2026-07-27,0.00210765242347149,-0.04015677912768799,-0.03405226007962736,-0.0940152110612003,-0.1145696629372457,-0.1166773153607172
2026-07-28,-0.04087439244035474,-0.0030173857067211486,0.010200910527474771,0.0171913134980411,0.02045000990758005,0.06132440234793479
2026-07-29,-0.029025850962083984,-0.005024834723003147,0.016313375588335143,0.021027982393616074,-0.0031202455957394033,0.02590560536634458
2026-07-30,0.12200892314311246,0.09660322132830156,0.05423996065797822,0.04406762432903088,0.0014614827610542188,-0.12054744038205824
2026-07-31,0.0866040174095462,0.06924514080373854,0.03450262690537225,0.047703198192210604,0.04657599233035987,-0.040028025079186326
2026-08-03,0.11553089692047212,0.06365734959540252,0.015718435144150625,0.03491894675720313,0.03711496526514047,-0.07841593165533164
2026-08-04,0.004948748662007172,0.02489215299875196,0.05418966014973286,0.07424579024958809,0.07213198742626241,0.06718323876425523
2026-08-05,0.01820591770982097,0.012207231948116197,0.018134554477653744,0.02931861667737511,0.04168374876027282,0.023477831050451845
2026-08-06,0.01766432444994782,0.02639752023030433,0.014208977537129235,0.021260951987826113,0.028987764597494622,0.011323440147546802
2026-08-07,0.009065271835556579,0.01302167251061398,0.011989274687876271,0.010592963369349602,0.014784457355736956,0.005719185520180378
2026-08-10,0.01132887181534223,0.0065545372502945325,0.003331470820511064,-0.005809502625937433,0.00028747582192026333,-0.011041395993421967
2026-08-11,-0.0016790858430697276,0.011634192517423364,0.018326726380753906,0.019589538493502985,0.003163877409911529,0.004842963252981256
2026-08-12,0.012443021157666457,0.008704476091933972,0.01999460556901778,0.03276103721426319,0.03977919121882785,0.027336170061161395
2026-08-13,0.03457189341246965,0.03064912059319864,0.027939058453533335,0.02798877639491537,0.015827449547414812,-0.018744443865054836
2026-08-14,-0.019999976759001243,-0.03358569526794012,-0.026617239582427107,-0.03662777100646147,-0.05560894493802131,-0.03560896817902007
2026-08-17,-0.027314031608243416,-0.03926011231559456,-0.05959012820417641,-0.07053851392691685,-0.05677432779469651,-0.029460296186453093
2026-08-18,-0.029702838798834515,-0.03982875364638663,-0.041763432370913324,-0.04773045800688136,-0.07085181680047861,-0.0411489780016441
2026-08-19,-0.026362757528780815,-0.003530091973662349,-0.013359057916720906,-0.018490382978332883,-0.006354164038670196,0.020008593490110617
2026-08-20,-0.007738496429962753,-0.0011613040205897356,-0.004220888711051105,-0.013816038363604389,-0.04153565868808777,-0.03379716225812502
2026-08-21,-0.013987219370932736,-0.01138098130808449,-0.007935606875442749,-0.011668780499960401,-0.026642847995016497,-0.01265562862408376
2026-08-24,0.038137546674842045,0.0320214985887243,0.027452402895516703,0.022906012368464134,0.014609810761283558,-0.023527735913558487
2026-08-25,0.013624914311634923,0.013467087361908027,0.011160351231387632,0.01641958692123138,0.013519696281109491,-0.00010521803052543181
2026-08-26,0.026486745168612064,0.04404406204883001,0.016938365095691466,0.003559133524415381,0.018389401385310488,-0.008097343783301576
2026-08-27,-0.009160342257130626,0.005639826111954886,-0.00039959750227870535,-0.004827284040927784,-0.018003023844273637,-0.008842681587143011
2026-08-28,-0.015132958737453878,-0.008917863246924595,-0.01861618601519409,0.0018102210031584298,-0.002371752885990162,0.012761205851463717
2026-08-31,-0.0037602621405751916,-0.0024211986592105866,-0.012271068760983026,-0.02300253674983855,-0.027123647746328954,-0.023363385605753764
2026-09-01,-0.030235325825038066,-0.01878726277990967,-0.013553965266762093,-0.0077481602191753615,-0.007416113155867225,0.022819212669170842
2026-09-02,0.009989293974604973,0.01096285256392001,0.008657540299978747,0.005261213784651917,-0.008722723206187225,-0.018712017180792198
2026-09-03,0.008288767712080206,-0.005832744702989045,-0.006869380160577264,-0.0031010679549039115,-0.0033995360198925,-0.011688303731972705
2026-09-04,0.018420613435821555,0.009441761368879253,-0.0015959371025331662,0.002838309627895012,0.011586892314824088,-0.0068337211209974665
2026-09-07,-0.009631942519390884,-0.00438831919134343,-0.016509509163985917,-0.022459966948811246,-0.010249599959719403,-0.0006176574403285191
2026-09-08,-0.028695605495116752,-0.031021084079037423,-0.025975238459609133,-0.02243849264200099,-0.004094162224324364,0.02460144327079239
