factor,mean_ic,ic_std,ic_ir,positive_ic_ratio,n_days,suggested_sign_from_ic
m_last_30_ret,-0.03751642971695037,0.14985095853929264,-0.25035828988116304,0.4232081911262799,293,-1.0
m_realized_vol,-0.0323086118126134,0.2181136936386129,-0.14812738839838607,0.447098976109215,293,-1.0
d_amp_1,-0.02867004385101467,0.2203483008027059,-0.13011238909750014,0.46075085324232085,293,-1.0
m_vwap_gap,-0.024754221170492603,0.19936123557498459,-0.12416767532112301,0.4402730375426621,293,-1.0
d_close_to_ma20,-0.01866007677236117,0.2032737958311784,-0.09179774843117806,0.5119453924914675,293,-1.0
d_ret_5,-0.015618448556662085,0.19118185873433097,-0.08169419766111649,0.47440273037542663,293,-1.0
m_intraday_ret,-0.013745347740779186,0.1993223608641752,-0.06896038999932234,0.49829351535836175,293,-1.0
m_first_60_ret,0.012453590823193065,0.18004697731851999,0.06916856371968685,0.5665529010238908,293,1.0
m_amount_last30_ratio,-0.01135209514334936,0.130590011875672,-0.0869292756796523,0.4709897610921502,293,-1.0
m_up_minute_ratio,-0.011349109878738883,0.19890453157882534,-0.05705807599582648,0.4778156996587031,293,-1.0
m_close_position,-0.011203832325718938,0.17926697542180053,-0.06249802731014587,0.515358361774744,293,-1.0
m_first_30_ret,0.010724948442707176,0.1844206181141475,0.058154823210000026,0.5460750853242321,293,1.0
d_amount_ratio_5,-0.008865973304442996,0.12600676286692922,-0.07036109096625236,0.5051194539249146,293,-1.0
d_ret_1,-0.005408899083118602,0.2028156108358702,-0.026669047125252046,0.5119453924914675,293,-1.0
d_close_to_ma5,-0.0028890648654527227,0.18782564468783786,-0.015381631567160521,0.4948805460750853,293,-1.0
d_ret_3,-0.0018136044258901453,0.1842716422850036,-0.009842015859852898,0.5119453924914675,293,-1.0
