experiment,start_date,end_date,periods,total_return,max_drawdown,win_rate
strict_current_full,2025-07-02,2026-09-08,95,-0.3852535433333249,-0.5485040119854088,0.431578947368421
strict_current_holdout,2026-04-01,2026-09-08,36,-0.4035555537166636,-0.417913167184065,0.3333333333333333
strict_current_recent,2026-08-26,2026-09-08,4,-0.0106176459166664,-0.0399810855130949,0.5
strict_tuned_candidate_full,2025-07-02,2026-09-08,97,0.2886562006166777,-0.1775399553912644,0.5051546391752577
strict_tuned_candidate_holdout,2026-04-01,2026-09-08,37,0.060874494583337,-0.207740742514636,0.5405405405405406
strict_tuned_candidate_recent,2026-08-26,2026-09-08,4,-0.0015897669666664,-0.0396338947928426,0.5
minute_execution_1453,2025-12-25,2026-09-08,57,0.298565211366671,-0.0980996760963884,0.4841269841269841
continuous_oos_adaptive_etf,2025-12-25,2026-09-08,57,0.3409519285500035,-0.0801674627648404,0.3859649122807017
continuous_oos_fixed_etf,2025-12-25,2026-09-08,57,0.2667123417833363,-0.1452996836253495,0.3333333333333333
continuous_oos_none,2025-12-25,2026-09-08,57,0.2002609263333394,-0.1830903411960873,0.5263157894736842
