signal_date,start_capital,end_capital,account_return,invested_ratio,positions_bought,cash_left_after_buy,reserved_cash,skip_reason,risk_exposure,nav,exit_variant
2025-12-25,30000.0,31777.709973,0.05925699910000004,0.9334066808333333,3,1997.799575000001,0.0,star_board_excluded,1.0,1.0592569991,1450
2025-12-30,31777.709973,33662.17690700001,0.059301533546663565,0.8753516071684991,3,2183.330503000003,1777.709973000001,star_board_excluded,1.0,1.1220725635666668,1450
2026-01-06,33662.17690700001,34976.14074300001,0.03903383431291885,0.8568502771430102,3,1156.554388000004,3662.176907000008,star_board_excluded,1.0,1.1658713581000004,1450
2026-01-09,34976.14074300001,34207.72167650001,-0.02196980713642016,0.7689388604110807,3,3105.4861955000033,4976.140743000011,star_board_excluded,1.0,1.140257389216667,1450
2026-01-14,34207.72167650001,32770.68476950002,-0.04200913818786145,0.8623014929188948,3,502.63052900000184,4207.721676500012,star_board_excluded,1.0,1.092356158983334,1450
2026-01-19,32770.68476950002,32346.481271500023,-0.012944602805334271,0.8855640188211655,3,979.4606960000037,2770.684769500018,buy_price_gt_100.00,1.0,1.078216042383334,1450
2026-01-22,32346.481271500023,31529.473751500027,-0.025258002969239413,0.7947507914145324,3,4292.608410000004,2346.4812715000226,buy_price_gt_100.00,1.0,1.0509824583833343,1450
2026-01-27,31529.473751500027,33246.76013900003,0.054466065657638785,0.9230093793942711,3,898.0000000000018,1529.473751500027,star_board_excluded,1.0,1.1082253379666676,1450
2026-01-30,33246.76013900003,35066.80421100004,0.05474350175447662,0.8797681890118675,3,750.5580420000006,3246.7601390000273,star_board_excluded,1.0,1.1688934737000012,1450
2026-02-04,35066.80421100004,34750.883663000044,-0.009009105765642955,0.3915676181205226,3,1268.975000000003,20066.80421100004,buy_price_gt_100.00,0.5,1.158362788766668,1450
2026-02-09,34750.883663000044,34819.49608000004,0.0019744078356502825,0.34551259520298044,3,2993.132,19750.883663000044,buy_price_gt_100.00,0.5,1.1606498693333347,1450
2026-02-12,34819.49608000004,33910.841795000044,-0.0260961354211533,0.39480964826185916,3,1252.9270000000006,19819.49608000004,cash_too_small_for_target_lot,0.5,1.130361393166668,1450
2026-02-25,33910.841795000044,34116.10075600005,0.006052900787330895,0.8707472563053181,3,472.22754800000257,3910.841795000044,buy_price_gt_100.00,1.0,1.137203358533335,1450
2026-03-02,34116.10075600005,33970.31338000006,-0.004273271938158185,0.8730690287858157,3,214.28904700000203,4116.100756000051,star_board_excluded,1.0,1.1323437793333353,1450
2026-03-05,33970.31338000006,36313.90791200006,0.06898948813877559,0.42443176307253644,3,581.9200000000019,18970.313380000058,cash_too_small_for_target_lot,0.5,1.2104635970666686,1450
2026-03-10,36313.90791200006,36773.45544000006,0.012654862955362223,0.3483180061659011,3,2351.2120000000004,21313.90791200006,cash_too_small_for_target_lot,0.5,1.225781848000002,1450
2026-03-13,36773.45544000006,35555.07978700007,-0.033131932760246285,0.39698798563597737,3,401.3800000000019,21773.455440000063,cash_too_small_for_target_lot,0.5,1.1851693262333356,1450
2026-03-18,35555.07978700007,34532.40380500007,-0.028763146873148626,0.42069077300928887,3,42.306000000000495,20555.079787000068,cash_too_small_for_target_lot,0.5,1.1510801268333355,1450
2026-03-23,34532.40380500007,34394.00356200007,-0.00400783692272122,0.4338756457443774,3,17.231000000000677,19532.403805000067,cash_too_small_for_target_lot,0.5,1.1464667854000024,1450
2026-03-27,34394.00356200007,34631.29635400007,0.006899248922046741,0.4057304342265559,3,1045.3060000000014,19394.00356200007,cash_too_small_for_target_lot,0.5,1.1543765451333357,1450
2026-04-01,34631.29635400007,34631.29635400007,0.0,0.0,0,0.0,34631.29635400007,etf_risk_cash,0.0,1.1543765451333357,1450
2026-04-07,34631.29635400007,34631.29635400007,0.0,0.0,0,0.0,34631.29635400007,etf_risk_cash,0.0,1.1543765451333357,1450
2026-04-10,34631.29635400007,34978.183011000074,0.010016565751802542,0.3409711804980148,3,3191.726,19631.29635400007,cash_too_small_for_target_lot,0.5,1.1659394337000024,1450
2026-04-15,34978.183011000074,36236.46313200008,0.035973284278497,0.41085436014445265,3,629.0610000000015,19978.183011000074,cash_too_small_for_target_lot,0.5,1.2078821044000025,1450
2026-04-20,36236.46313200008,37109.50662250008,0.024092955411231243,0.8192450579919897,3,313.45666000000347,6236.463132000077,buy_price_gt_100.00,1.0,1.2369835540833358,1450
2026-04-23,37109.50662250008,36526.21794550009,-0.015718039124948402,0.7697627080463602,3,1434.4856880000043,7109.506622500077,star_board_excluded,1.0,1.2175405981833363,1450
2026-04-28,36526.21794550009,38671.156090500095,0.058723247728533545,0.8193196197085842,3,73.35300350000398,6526.217945500088,star_board_excluded,1.0,1.2890385363500032,1450
2026-05-06,38671.156090500095,41629.159405500104,0.0764912046611057,0.6464956191506682,3,4999.267000000007,8671.156090500095,star_board_excluded,1.0,1.3876386468500035,1450
2026-05-11,41629.159405500104,42195.04715900011,0.013593542641296752,0.7090670877226518,3,482.133176000003,11629.159405500104,star_board_excluded,1.0,1.4065015719666702,1450
2026-05-14,42195.04715900011,42360.446404500115,0.003919873459952372,0.6025154652677593,3,4576.831529000001,12195.04715900011,star_board_excluded,1.0,1.4120148801500039,1450
2026-05-19,42360.446404500115,41997.038610500116,-0.008578941556229513,0.6519353180628006,3,2383.728900000002,12360.446404500115,star_board_excluded,1.0,1.3999012870166705,1450
2026-05-22,41997.038610500116,41604.31543850012,-0.00935121106138681,0.30013201923357946,3,2395.3440000000014,26997.038610500116,cash_too_small_for_target_lot,0.5,1.3868105146166707,1450
2026-05-27,41604.31543850012,39744.30111400012,-0.04470724502724943,0.6611693635402279,3,2492.501241,11604.315438500118,buy_price_gt_100.00,1.0,1.3248100371333373,1450
2026-06-01,39744.30111400012,39290.19128250012,-0.011425784798617,0.7359418027153766,3,750.5073905000045,9744.301114000118,buy_price_gt_100.00,1.0,1.309673042750004,1450
2026-06-04,39290.19128250012,38900.19810050012,-0.009925968015678799,0.35445513359470254,3,1073.3900000000021,24290.19128250012,buy_price_gt_100.00,0.5,1.2966732700166708,1450
2026-06-09,38900.19810050012,38900.19810050012,0.0,0.0,0,0.0,38900.19810050012,etf_risk_cash,0.0,1.2966732700166708,1450
2026-06-12,38900.19810050012,38900.19810050012,0.0,0.0,0,0.0,38900.19810050012,etf_risk_cash,0.0,1.2966732700166708,1450
2026-06-17,38900.19810050012,40260.68597350012,0.034973803204938037,0.35615227367754404,3,1145.6060000000016,23900.19810050012,cash_too_small_for_target_lot,0.5,1.3420228657833373,1450
2026-06-23,40260.68597350012,41338.74283600012,0.026776912425426236,0.6992967039491399,3,1845.835000000001,10260.68597350012,buy_price_gt_100.00,1.0,1.3779580945333374,1450
2026-06-26,41338.74283600012,41007.92870600012,-0.008002520330925633,0.7120914383096485,3,563.0351559999999,11338.742836000121,star_board_excluded,1.0,1.3669309568666708,1450
2026-07-01,41007.92870600012,40924.340264000115,-0.002038348305745452,0.6944520626771672,3,1521.9593239999995,11007.928706000122,star_board_excluded,1.0,1.3641446754666704,1450
2026-07-06,40924.340264000115,40924.340264000115,0.0,0.0,0,0.0,40924.340264000115,etf_risk_cash,0.0,1.3641446754666704,1450
2026-07-10,40924.340264000115,41587.65583100012,0.016208338673781908,0.7105907593110592,3,919.5419775000046,10924.340264000115,star_board_excluded,1.0,1.3862551943666708,1450
2026-07-15,41587.65583100012,41587.65583100012,0.0,0.0,0,0.0,41587.65583100012,etf_risk_cash,0.0,1.3862551943666708,1450
2026-07-20,41587.65583100012,41587.65583100012,0.0,0.0,0,0.0,41587.65583100012,etf_risk_cash,0.0,1.3862551943666708,1450
2026-07-23,41587.65583100012,41587.65583100012,0.0,0.0,0,0.0,41587.65583100012,etf_risk_cash,0.0,1.3862551943666708,1450
2026-07-28,41587.65583100012,41587.65583100012,0.0,0.0,0,0.0,41587.65583100012,etf_risk_cash,0.0,1.3862551943666708,1450
2026-07-31,41587.65583100012,41587.65583100012,0.0,0.0,0,0.0,41587.65583100012,etf_risk_cash,0.0,1.3862551943666708,1450
2026-08-05,41587.65583100012,41587.65583100012,0.0,0.0,0,0.0,41587.65583100012,etf_risk_cash,0.0,1.3862551943666708,1450
2026-08-10,41587.65583100012,41587.65583100012,0.0,0.0,0,0.0,41587.65583100012,etf_risk_cash,0.0,1.3862551943666708,1450
2026-08-13,41587.65583100012,40905.16677000012,-0.01641085671607534,0.6701824962979581,3,2128.6810000000023,11587.65583100012,star_board_excluded,1.0,1.363505559000004,1450
2026-08-18,40905.16677000012,39615.24567800012,-0.031534429360792315,0.7067640304354617,3,1089.6994680000025,10905.16677000012,star_board_excluded,1.0,1.3205081892666708,1450
2026-08-21,39615.24567800012,39615.24567800012,0.0,0.0,0,0.0,39615.24567800012,etf_risk_cash,0.0,1.3205081892666708,1450
2026-08-26,39615.24567800012,39615.24567800012,0.0,0.0,0,0.0,39615.24567800012,etf_risk_cash,0.0,1.3205081892666708,1450
2026-08-31,39615.24567800012,39477.980508000124,-0.003464958190988243,0.3452677312965863,3,1322.1340000000018,24615.245678000123,cash_too_small_for_target_lot,0.5,1.315932683600004,1450
2026-09-03,39477.980508000124,38874.187395000125,-0.015294427557601242,0.35876500818297513,3,836.6820000000025,24477.980508000124,star_board_excluded,0.5,1.2958062465000042,1450
2026-09-08,38874.187395000125,38874.187395000125,0.0,0.0,0,0.0,38874.187395000125,etf_risk_cash,0.0,1.2958062465000042,1450
2025-12-25,30000.0,31831.473198,0.06104910660000007,0.9334066808333333,3,1997.799575000001,0.0,star_board_excluded,1.0,1.0610491066,1453
2025-12-30,31831.473198,33716.940621500005,0.059232804330855426,0.8738731419677975,3,2183.330503000003,1831.4731979999997,star_board_excluded,1.0,1.123898020716667,1453
2026-01-06,33716.940621500005,35052.81253550001,0.03962019950137963,0.855458564161887,3,1156.554388000004,3716.9406215000054,star_board_excluded,1.0,1.1684270845166669,1453
2026-01-09,35052.81253550001,34362.08170300001,-0.019705432532709177,0.7672569434267899,3,3105.4861955000033,5052.812535500008,star_board_excluded,1.0,1.1454027234333337,1453
2026-01-14,34362.08170300001,32929.02880800002,-0.04170448424476214,0.8584278952000951,3,502.63052900000184,4362.081703000011,star_board_excluded,1.0,1.0976342936000005,1453
2026-01-19,32929.02880800002,32470.980151000018,-0.013910178149217578,0.8813056550562323,3,979.4606960000037,2929.0288080000173,buy_price_gt_100.00,1.0,1.082366005033334,1453
2026-01-22,32470.980151000018,31614.142979500026,-0.026387782799146664,0.7917035910358338,3,4292.608410000004,2470.980151000018,buy_price_gt_100.00,1.0,1.0538047659833343,1453
2026-01-27,31614.142979500026,33337.420340000026,0.054509697182601125,0.9205373689513264,3,898.0000000000018,1614.1429795000258,star_board_excluded,1.0,1.1112473446666675,1453
2026-01-30,33337.420340000026,35138.549826500035,0.054027260301809266,0.8773756835319663,3,750.5580420000006,3337.420340000026,star_board_excluded,1.0,1.1712849942166679,1453
2026-02-04,35138.549826500035,34807.68923350004,-0.009415886387846184,0.3907681184282861,3,1268.975000000003,20138.549826500035,buy_price_gt_100.00,0.5,1.1602563077833346,1453
2026-02-09,34807.68923350004,34888.25368650004,0.002314559075138556,0.3449487243882942,3,2993.132,19807.689233500038,buy_price_gt_100.00,0.5,1.1629417895500012,1453
2026-02-12,34888.25368650004,33986.57142250004,-0.02584486664487018,0.39403155926143163,3,1252.9270000000006,19888.253686500037,cash_too_small_for_target_lot,0.5,1.1328857140833346,1453
2026-02-25,33986.57142250004,34179.87834750005,0.0056877442151177515,0.8688070380777452,3,472.22754800000257,3986.571422500041,buy_price_gt_100.00,1.0,1.1393292782500017,1453
2026-03-02,34179.87834750005,34020.14692950006,-0.004673258821346282,0.8714399346356524,3,214.28904700000203,4179.878347500053,star_board_excluded,1.0,1.134004897650002,1453
2026-03-05,34020.14692950006,36363.74146150006,0.06888843063660577,0.42381004496772406,3,581.9200000000019,19020.146929500057,cash_too_small_for_target_lot,0.5,1.2121247153833352,1453
2026-03-10,36363.74146150006,36823.28898950006,0.01263752049514899,0.347840664673954,3,2351.2120000000004,21363.74146150006,cash_too_small_for_target_lot,0.5,1.2274429663166688,1453
2026-03-13,36823.28898950006,35603.91733350007,-0.03311414296391868,0.39645073540722303,3,401.3800000000019,21823.288989500063,cash_too_small_for_target_lot,0.5,1.1867972444500021,1453
2026-03-18,35603.91733350007,34586.22136650007,-0.028583820074271404,0.42011371557494775,3,42.306000000000495,20603.917333500067,cash_too_small_for_target_lot,0.5,1.1528740455500022,1453
2026-03-23,34586.22136650007,34460.769162500066,-0.003627230701805262,0.4332005176637246,3,17.231000000000677,19586.221366500067,cash_too_small_for_target_lot,0.5,1.148692305416669,1453
2026-03-27,34460.769162500066,34696.069948500066,0.006828077019709999,0.4049443567030241,3,1045.3060000000014,19460.769162500066,cash_too_small_for_target_lot,0.5,1.1565356649500023,1453
2026-04-01,34696.069948500066,34696.069948500066,0.0,0.0,0,0.0,34696.069948500066,etf_risk_cash,0.0,1.1565356649500023,1453
2026-04-07,34696.069948500066,34696.069948500066,0.0,0.0,0,0.0,34696.069948500066,etf_risk_cash,0.0,1.1565356649500023,1453
2026-04-10,34696.069948500066,35044.94861150006,0.01005527898456049,0.34033462629995875,3,3191.726,19696.069948500066,cash_too_small_for_target_lot,0.5,1.1681649537166687,1453
2026-04-15,35044.94861150006,36285.30067850006,0.03539317693828714,0.4100716242820841,3,629.0610000000015,20044.94861150006,cash_too_small_for_target_lot,0.5,1.2095100226166686,1453
2026-04-20,36285.30067850006,37102.58544850007,0.022523852764551267,0.8181424098709483,3,313.45666000000347,6285.300678500062,buy_price_gt_100.00,1.0,1.2367528482833356,1453
2026-04-23,37102.58544850007,36533.23483150007,-0.01534530842305526,0.7699063007792306,3,1434.4856880000043,7102.585448500067,star_board_excluded,1.0,1.2177744943833357,1453
2026-04-28,36533.23483150007,38638.341331000076,0.05762168363160991,0.8191622541647018,3,73.35300350000398,6533.234831500071,star_board_excluded,1.0,1.287944711033336,1453
2026-05-06,38638.341331000076,41585.40506350009,0.07627303944684449,0.6470446747656209,3,4999.267000000007,8638.341331000076,star_board_excluded,1.0,1.3861801687833364,1453
2026-05-11,41585.40506350009,42141.329297500095,0.01336825343293202,0.709813137059187,3,482.133176000003,11585.40506350009,star_board_excluded,1.0,1.4047109765833365,1453
2026-05-14,42141.329297500095,42337.6031405001,0.004657514280444142,0.6032834961498984,3,4576.831529000001,12141.329297500095,star_board_excluded,1.0,1.41125343801667,1453
2026-05-19,42337.6031405001,41835.773362000094,-0.01185305121866842,0.6522870699211195,3,2383.728900000002,12337.603140500098,star_board_excluded,1.0,1.3945257787333365,1453
2026-05-22,41835.773362000094,41451.0182140001,-0.009196797790033795,0.30128894453398464,3,2395.3440000000014,26835.773362000094,cash_too_small_for_target_lot,0.5,1.3817006071333366,1453
2026-05-27,41451.0182140001,39640.8070305001,-0.04367109088018972,0.6636145490319785,3,2492.501241,11451.018214000098,buy_price_gt_100.00,1.0,1.3213602343500035,1453
2026-06-01,39640.8070305001,39205.62125600011,-0.010978226910596356,0.7378631970584023,3,750.5073905000045,9640.807030500102,buy_price_gt_100.00,1.0,1.3068540418666703,1453
2026-06-04,39205.62125600011,38804.672041000114,-0.010226829779891089,0.3552197249742252,3,1073.3900000000021,24205.621256000108,buy_price_gt_100.00,0.5,1.293489068033337,1453
2026-06-09,38804.672041000114,38804.672041000114,0.0,0.0,0,0.0,38804.672041000114,etf_risk_cash,0.0,1.293489068033337,1453
2026-06-12,38804.672041000114,38804.672041000114,0.0,0.0,0,0.0,38804.672041000114,etf_risk_cash,0.0,1.293489068033337,1453
2026-06-17,38804.672041000114,40165.15991400011,0.035059898755555485,0.35702901922123625,3,1145.6060000000016,23804.672041000114,cash_too_small_for_target_lot,0.5,1.3388386638000038,1453
2026-06-23,40165.15991400011,41262.13086350011,0.02731150459375198,0.7009598632317777,3,1845.835000000001,10165.159914000113,buy_price_gt_100.00,1.0,1.3754043621166703,1453
2026-06-26,41262.13086350011,40903.44260750011,-0.00869291644647685,0.7134135883912752,3,563.0351559999999,11262.130863500111,star_board_excluded,1.0,1.3634480869166703,1453
2026-07-01,40903.44260750011,40940.38249250011,0.00090309965727009,0.6962260108340668,3,1521.9593239999995,10903.44260750011,star_board_excluded,1.0,1.3646794164166702,1453
2026-07-06,40940.38249250011,40940.38249250011,0.0,0.0,0,0.0,40940.38249250011,etf_risk_cash,0.0,1.3646794164166702,1453
2026-07-10,40940.38249250011,41652.49672300011,0.017393932033499038,0.7103123188413606,3,919.5419775000046,10940.38249250011,star_board_excluded,1.0,1.3884165574333371,1453
2026-07-15,41652.49672300011,41652.49672300011,0.0,0.0,0,0.0,41652.49672300011,etf_risk_cash,0.0,1.3884165574333371,1453
2026-07-20,41652.49672300011,41652.49672300011,0.0,0.0,0,0.0,41652.49672300011,etf_risk_cash,0.0,1.3884165574333371,1453
2026-07-23,41652.49672300011,41652.49672300011,0.0,0.0,0,0.0,41652.49672300011,etf_risk_cash,0.0,1.3884165574333371,1453
2026-07-28,41652.49672300011,41652.49672300011,0.0,0.0,0,0.0,41652.49672300011,etf_risk_cash,0.0,1.3884165574333371,1453
2026-07-31,41652.49672300011,41652.49672300011,0.0,0.0,0,0.0,41652.49672300011,etf_risk_cash,0.0,1.3884165574333371,1453
2026-08-05,41652.49672300011,41652.49672300011,0.0,0.0,0,0.0,41652.49672300011,etf_risk_cash,0.0,1.3884165574333371,1453
2026-08-10,41652.49672300011,41652.49672300011,0.0,0.0,0,0.0,41652.49672300011,etf_risk_cash,0.0,1.3884165574333371,1453
2026-08-13,41652.49672300011,40996.89974300012,-0.015739680249178933,0.6691392159598855,3,2128.6810000000023,11652.496723000113,star_board_excluded,1.0,1.3665633247666706,1453
2026-08-18,40996.89974300012,39701.99863600012,-0.03158534218727338,0.7051826043733025,3,1089.6994680000025,10996.899743000118,star_board_excluded,1.0,1.3233999545333373,1453
2026-08-21,39701.99863600012,39701.99863600012,0.0,0.0,0,0.0,39701.99863600012,etf_risk_cash,0.0,1.3233999545333373,1453
2026-08-26,39701.99863600012,39701.99863600012,0.0,0.0,0,0.0,39701.99863600012,etf_risk_cash,0.0,1.3233999545333373,1453
2026-08-31,39701.99863600012,39546.805412000125,-0.003908952428890333,0.34451328572656487,3,1322.1340000000018,24701.99863600012,cash_too_small_for_target_lot,0.5,1.318226847066671,1453
2026-09-03,39546.805412000125,38956.95634100013,-0.014915214133099375,0.3581406349374118,3,836.6820000000025,24546.805412000125,star_board_excluded,0.5,1.298565211366671,1453
2026-09-08,38956.95634100013,38956.95634100013,0.0,0.0,0,0.0,38956.95634100013,etf_risk_cash,0.0,1.298565211366671,1453
2025-12-25,30000.0,31835.454219000003,0.06118180730000011,0.9334066808333333,3,1997.799575000001,0.0,star_board_excluded,1.0,1.0611818073000001,1455
2025-12-30,31835.454219000003,33771.71929100001,0.0608210286142048,0.8737638642013934,3,2183.330503000003,1835.454219000003,star_board_excluded,1.0,1.1257239763666669,1455
2026-01-06,33771.71929100001,35092.651160000016,0.039113551122996304,0.8540709865395164,3,1156.554388000004,3771.7192910000085,star_board_excluded,1.0,1.1697550386666673,1455
2026-01-09,35092.651160000016,34348.136165500015,-0.021215695306276205,0.7663859217098827,3,3105.4861955000033,5092.651160000016,star_board_excluded,1.0,1.1449378721833339,1455
2026-01-14,34348.136165500015,32933.01132450002,-0.04119946521061535,0.8587764217794086,3,502.63052900000184,4348.136165500015,star_board_excluded,1.0,1.0977670441500005,1455
2026-01-19,32933.01132450002,32467.00062550002,-0.014150260794806746,0.881199080705098,3,979.4606960000037,2933.0113245000175,buy_price_gt_100.00,1.0,1.082233354183334,1455
2026-01-22,32467.00062550002,31603.18794350002,-0.02660586642923679,0.7918006312479959,3,4292.608410000004,2467.000625500019,buy_price_gt_100.00,1.0,1.0534395981166673,1455
2026-01-27,31603.18794350002,33305.55970950002,0.05386708989749667,0.9208564671395928,3,898.0000000000018,1603.1879435000192,star_board_excluded,1.0,1.1101853236500006,1455
2026-01-30,33305.55970950002,35150.491394000026,0.0553941053863678,0.8782149951275835,3,750.5580420000006,3305.5597095000194,star_board_excluded,1.0,1.1716830464666674,1455
2026-02-04,35150.491394000026,34819.63080100003,-0.009412687557946109,0.39063536398651316,3,1268.975000000003,20150.491394000026,buy_price_gt_100.00,0.5,1.1606543600333343,1455
2026-02-09,34819.63080100003,34887.24721500003,0.0019419049669551214,0.3448304224884303,3,2993.132,19819.63080100003,buy_price_gt_100.00,0.5,1.162908240500001,1455
2026-02-12,34887.24721500003,33987.55695700004,-0.02578851385021763,0.3940429267829806,3,1252.9270000000006,19887.247215000032,cash_too_small_for_target_lot,0.5,1.1329185652333347,1455
2026-02-25,33987.55695700004,34210.73998400004,0.00656660987085278,0.8687818453488018,3,472.22754800000257,3987.556957000037,buy_price_gt_100.00,1.0,1.1403579994666682,1455
2026-03-02,34210.73998400004,34049.01656000005,-0.0047272705611054455,0.87065380541112,3,214.28904700000203,4210.7399840000435,star_board_excluded,1.0,1.1349672186666682,1455
2026-03-05,34049.01656000005,36392.61109200005,0.06883002120986959,0.4234507030355175,3,581.9200000000019,19049.016560000047,cash_too_small_for_target_lot,0.5,1.2130870364000017,1455
2026-03-10,36392.61109200005,36848.17460800005,0.012518022266892137,0.34756472867593996,3,2351.2120000000004,21392.61109200005,cash_too_small_for_target_lot,0.5,1.228272486933335,1455
2026-03-13,36848.17460800005,35591.950841000056,-0.03409188597166657,0.3961829902106064,3,401.3800000000019,21848.174608000052,cash_too_small_for_target_lot,0.5,1.1863983613666687,1455
2026-03-18,35591.950841000056,34551.34680500006,-0.029237060948097193,0.42025496345565644,3,42.306000000000495,20591.950841000056,cash_too_small_for_target_lot,0.5,1.1517115601666685,1455
2026-03-23,34551.34680500006,34443.822655000055,-0.003112010382890329,0.43363777060730335,3,17.231000000000677,19551.34680500006,cash_too_small_for_target_lot,0.5,1.148127421833335,1455
2026-03-27,34443.822655000055,34674.14342600005,0.0066868527720329585,0.40514359105185616,3,1045.3060000000014,19443.822655000055,cash_too_small_for_target_lot,0.5,1.1558047808666685,1455
2026-04-01,34674.14342600005,34674.14342600005,0.0,0.0,0,0.0,34674.14342600005,etf_risk_cash,0.0,1.1558047808666685,1455
2026-04-07,34674.14342600005,34674.14342600005,0.0,0.0,0,0.0,34674.14342600005,etf_risk_cash,0.0,1.1558047808666685,1455
2026-04-10,34674.14342600005,35025.01409500005,0.010119086856429815,0.3405498401193578,3,3191.726,19674.143426000053,cash_too_small_for_target_lot,0.5,1.1675004698333349,1455
2026-04-15,35025.01409500005,36256.402135000055,0.03515738884958197,0.4103050168950968,3,629.0610000000015,20025.01409500005,cash_too_small_for_target_lot,0.5,1.2085467378333352,1455
2026-04-20,36256.402135000055,37005.98213050006,0.02067441751966892,0.8187945188125035,3,313.45666000000347,6256.402135000055,buy_price_gt_100.00,1.0,1.2335327376833354,1455
2026-04-23,37005.98213050006,36440.61353150007,-0.015277762308975817,0.7719161245677766,3,1434.4856880000043,7005.982130500059,star_board_excluded,1.0,1.2146871177166692,1455
2026-04-28,36440.61353150007,38539.744013000076,0.057604147627357216,0.8212443231953475,3,73.35300350000398,6440.613531500072,star_board_excluded,1.0,1.2846581337666692,1455
2026-05-06,38539.744013000076,41469.86223500008,0.07602848168923049,0.6487000274720778,3,4999.267000000007,8539.744013000076,star_board_excluded,1.0,1.3823287411666694,1455
2026-05-11,41469.86223500008,42015.822949500085,0.013165240612716955,0.7117908098350821,3,482.133176000003,11469.86223500008,star_board_excluded,1.0,1.400527431650003,1455
2026-05-14,42015.822949500085,42266.86349800009,0.0059749049495410045,0.6050855769636303,3,4576.831529000001,12015.822949500085,star_board_excluded,1.0,1.4088954499333364,1455
2026-05-19,42266.86349800009,41737.1486265001,-0.012532627871123081,0.6533787656447868,3,2383.728900000002,12266.863498000093,star_board_excluded,1.0,1.3912382875500033,1455
2026-05-22,41737.1486265001,41362.353508500106,-0.008979892741451612,0.30200088925089974,3,2395.3440000000014,26737.1486265001,cash_too_small_for_target_lot,0.5,1.3787451169500036,1455
2026-05-27,41362.353508500106,39555.14080250011,-0.04369221170232995,0.6650370790276021,3,2492.501241,11362.353508500106,buy_price_gt_100.00,1.0,1.3185046934166702,1455
2026-06-01,39555.14080250011,39118.95902500011,-0.011027183032361387,0.7394612183418461,3,750.5073905000045,9555.140802500107,buy_price_gt_100.00,1.0,1.3039653008333372,1455
2026-06-04,39118.95902500011,38733.945858000116,-0.009842111768719186,0.356006661401695,3,1073.3900000000021,24118.959025000113,buy_price_gt_100.00,0.5,1.2911315286000038,1455
2026-06-09,38733.945858000116,38733.945858000116,0.0,0.0,0,0.0,38733.945858000116,etf_risk_cash,0.0,1.2911315286000038,1455
2026-06-12,38733.945858000116,38733.945858000116,0.0,0.0,0,0.0,38733.945858000116,etf_risk_cash,0.0,1.2911315286000038,1455
2026-06-17,38733.945858000116,40099.413746000115,0.03525248610110232,0.3576809357556973,3,1145.6060000000016,23733.945858000116,cash_too_small_for_target_lot,0.5,1.3366471248666705,1455
2026-06-23,40099.413746000115,41184.435152000115,0.027058286010683386,0.702109142501076,3,1845.835000000001,10099.413746000115,buy_price_gt_100.00,1.0,1.3728145050666705,1455
2026-06-26,41184.435152000115,40849.64099800011,-0.008129142788152133,0.7147594652046697,3,563.0351559999999,11184.435152000115,star_board_excluded,1.0,1.361654699933337,1455
2026-07-01,40849.64099800011,40850.72876300011,2.6628508192905187e-05,0.6971429853543685,3,1521.9593239999995,10849.640998000112,star_board_excluded,1.0,1.3616909587666703,1455
2026-07-06,40850.72876300011,40850.72876300011,0.0,0.0,0,0.0,40850.72876300011,etf_risk_cash,0.0,1.3616909587666703,1455
2026-07-10,40850.72876300011,41538.938921500114,0.016846949352916862,0.7118712175543648,3,919.5419775000046,10850.728763000108,star_board_excluded,1.0,1.3846312973833372,1455
2026-07-15,41538.938921500114,41538.938921500114,0.0,0.0,0,0.0,41538.938921500114,etf_risk_cash,0.0,1.3846312973833372,1455
2026-07-20,41538.938921500114,41538.938921500114,0.0,0.0,0,0.0,41538.938921500114,etf_risk_cash,0.0,1.3846312973833372,1455
2026-07-23,41538.938921500114,41538.938921500114,0.0,0.0,0,0.0,41538.938921500114,etf_risk_cash,0.0,1.3846312973833372,1455
2026-07-28,41538.938921500114,41538.938921500114,0.0,0.0,0,0.0,41538.938921500114,etf_risk_cash,0.0,1.3846312973833372,1455
2026-07-31,41538.938921500114,41538.938921500114,0.0,0.0,0,0.0,41538.938921500114,etf_risk_cash,0.0,1.3846312973833372,1455
2026-08-05,41538.938921500114,41538.938921500114,0.0,0.0,0,0.0,41538.938921500114,etf_risk_cash,0.0,1.3846312973833372,1455
2026-08-10,41538.938921500114,41538.938921500114,0.0,0.0,0,0.0,41538.938921500114,etf_risk_cash,0.0,1.3846312973833372,1455
2026-08-13,41538.938921500114,40908.24201650012,-0.015183269514704834,0.6709684870061545,3,2128.6810000000023,11538.938921500114,star_board_excluded,1.0,1.3636080672166706,1455
2026-08-18,40908.24201650012,39610.35290050012,-0.03172683674542898,0.7067108999780334,3,1089.6994680000025,10908.242016500117,star_board_excluded,1.0,1.3203450966833372,1455
2026-08-21,39610.35290050012,39610.35290050012,0.0,0.0,0,0.0,39610.35290050012,etf_risk_cash,0.0,1.3203450966833372,1455
2026-08-26,39610.35290050012,39610.35290050012,0.0,0.0,0,0.0,39610.35290050012,etf_risk_cash,0.0,1.3203450966833372,1455
2026-08-31,39610.35290050012,39459.14368850012,-0.0038174164309980885,0.3453103796969025,3,1322.1340000000018,24610.35290050012,cash_too_small_for_target_lot,0.5,1.3153047896166705,1455
2026-09-03,39459.14368850012,38876.26663850012,-0.014771659887030664,0.35893627372678444,3,836.6820000000025,24459.143688500117,star_board_excluded,0.5,1.2958755546166707,1455
2026-09-08,38876.26663850012,38876.26663850012,0.0,0.0,0,0.0,38876.26663850012,etf_risk_cash,0.0,1.2958755546166707,1455
2025-12-25,30000.0,31801.602081,0.060053402699999925,0.9334066808333333,3,1997.799575000001,0.0,star_board_excluded,1.0,1.0600534027,1456
2025-12-30,31801.602081,33720.9365975,0.060353390738346224,0.874693967497291,3,2183.330503000003,1801.602081000001,star_board_excluded,1.0,1.1240312199166667,1456
2026-01-06,33720.9365975,35044.856475500004,0.0392610648334768,0.8553571911801048,3,1156.554388000004,3720.9365974999964,star_board_excluded,1.0,1.1681618825166669,1456
2026-01-09,35044.856475500004,34298.349475,-0.021301471187986976,0.7674311299663064,3,3105.4861955000033,5044.856475500004,star_board_excluded,1.0,1.1432783158333335,1456
2026-01-14,34298.349475,32879.24062200001,-0.04137542694392271,0.8600230017628274,3,502.63052900000184,4298.349475000003,star_board_excluded,1.0,1.0959746874000005,1456
2026-01-19,32879.24062200001,32408.248911000017,-0.014324896259460651,0.8826401934776408,3,979.4606960000037,2879.240622000012,buy_price_gt_100.00,1.0,1.0802749637000006,1456
2026-01-22,32408.248911000017,31471.759415500015,-0.02889663980524837,0.7932360572951038,3,4292.608410000004,2408.248911000017,buy_price_gt_100.00,1.0,1.0490586471833339,1456
2026-01-27,31471.759415500015,33279.65465850001,0.05744500074278003,0.9247020357453262,3,898.0000000000018,1471.7594155000152,star_board_excluded,1.0,1.1093218219500003,1456
2026-01-30,33279.65465850001,35163.41101850001,0.056603843379091856,0.8788986021082209,3,750.5580420000006,3279.6546585000106,star_board_excluded,1.0,1.172113700616667,1456
2026-02-04,35163.41101850001,34824.58240150001,-0.009635829038933008,0.390491838029476,3,1268.975000000003,20163.41101850001,buy_price_gt_100.00,0.5,1.1608194133833336,1456
2026-02-09,34824.58240150001,34894.190821500015,0.001998829998805851,0.34478139210889214,3,2993.132,19824.58240150001,buy_price_gt_100.00,0.5,1.1631396940500005,1456
2026-02-12,34894.190821500015,34003.464590500014,-0.02552649051403655,0.39396451605147287,3,1252.9270000000006,19894.190821500015,cash_too_small_for_target_lot,0.5,1.1334488196833339,1456
2026-02-25,34003.464590500014,34215.69158450002,0.006241334421531075,0.8683754084355731,3,472.22754800000257,4003.4645905000143,buy_price_gt_100.00,1.0,1.1405230528166672,1456
2026-03-02,34215.69158450002,34044.00813050002,-0.0050176818310395666,0.8705278067941541,3,214.28904700000203,4215.6915845000185,star_board_excluded,1.0,1.1348002710166674,1456
2026-03-05,34044.00813050002,36387.60266250002,0.06884014722991383,0.4235129995484534,3,581.9200000000019,19044.00813050002,cash_too_small_for_target_lot,0.5,1.2129200887500007,1456
2026-03-10,36387.60266250002,36853.12620850002,0.012793465684392213,0.3476125678660184,3,2351.2120000000004,21387.602662500023,cash_too_small_for_target_lot,0.5,1.228437540283334,1456
2026-03-13,36853.12620850002,35610.84648350002,-0.03370893741745773,0.3961297589085641,3,401.3800000000019,21853.12620850002,cash_too_small_for_target_lot,0.5,1.1870282161166674,1456
2026-03-18,35610.84648350002,34562.27442350002,-0.029445300057268975,0.4200319699485526,3,42.306000000000495,20610.84648350002,cash_too_small_for_target_lot,0.5,1.1520758141166674,1456
2026-03-23,34562.27442350002,34454.750273500016,-0.00311102645278738,0.43350066654793773,3,17.231000000000677,19562.27442350002,cash_too_small_for_target_lot,0.5,1.1484916757833339,1456
2026-03-27,34454.750273500016,34678.09902350002,0.006482379010936734,0.4050150962995919,3,1045.3060000000014,19454.750273500016,cash_too_small_for_target_lot,0.5,1.1559366341166675,1456
2026-04-01,34678.09902350002,34678.09902350002,0.0,0.0,0,0.0,34678.09902350002,etf_risk_cash,0.0,1.1559366341166675,1456
2026-04-07,34678.09902350002,34678.09902350002,0.0,0.0,0,0.0,34678.09902350002,etf_risk_cash,0.0,1.1559366341166675,1456
2026-04-10,34678.09902350002,35021.99767150002,0.00991688292276205,0.3405109949077077,3,3191.726,19678.09902350002,cash_too_small_for_target_lot,0.5,1.167399922383334,1456
2026-04-15,35021.99767150002,36245.41768750003,0.034932902099859,0.4103403562183059,3,629.0610000000015,20021.997671500023,cash_too_small_for_target_lot,0.5,1.2081805895833342,1456
2026-04-20,36245.41768750003,37000.96622350003,0.02084535326683712,0.8190426606737107,3,313.45666000000347,6245.417687500027,buy_price_gt_100.00,1.0,1.2333655407833344,1456
2026-04-23,37000.96622350003,36440.577639500036,-0.01514524190030686,0.7720207666862895,3,1434.4856880000043,7000.966223500029,star_board_excluded,1.0,1.2146859213166679,1456
2026-04-28,36440.577639500036,38551.65168250004,0.0579319588148266,0.8212451320766327,3,73.35300350000398,6440.577639500036,star_board_excluded,1.0,1.2850550560833347,1456
2026-05-06,38551.65168250004,41469.82385050005,0.07569512694379998,0.6484996597784864,3,4999.267000000007,8551.651682500044,star_board_excluded,1.0,1.382327461683335,1456
2026-05-11,41469.82385050005,42021.76407250005,0.013309442161842044,0.7117914686691891,3,482.133176000003,11469.823850500048,star_board_excluded,1.0,1.400725469083335,1456
2026-05-14,42021.76407250005,42268.81612250005,0.005879145139498609,0.6050000287264824,3,4576.831529000001,12021.764072500053,star_board_excluded,1.0,1.4089605374166683,1456
2026-05-19,42268.81612250005,41764.99732900005,-0.011919396844233265,0.6533485825570502,3,2383.728900000002,12268.816122500051,star_board_excluded,1.0,1.392166577633335,1456
2026-05-22,41764.99732900005,41416.09828900005,-0.008353862380298449,0.30179951648764497,3,2395.3440000000014,26764.99732900005,cash_too_small_for_target_lot,0.5,1.3805366096333351,1456
2026-05-27,41416.09828900005,39604.909048500056,-0.043731527481453814,0.6641740747052911,3,2492.501241,11416.098289000052,buy_price_gt_100.00,1.0,1.3201636349500019,1456
2026-06-01,39604.909048500056,39189.64333400006,-0.010485208133957924,0.7385319979824004,3,750.5073905000045,9604.909048500056,buy_price_gt_100.00,1.0,1.3063214444666686,1456
2026-06-04,39189.64333400006,38797.65814600006,-0.010002264747837608,0.3553645508153319,3,1073.3900000000021,24189.64333400006,buy_price_gt_100.00,0.5,1.2932552715333354,1456
2026-06-09,38797.65814600006,38797.65814600006,0.0,0.0,0,0.0,38797.65814600006,etf_risk_cash,0.0,1.2932552715333354,1456
2026-06-12,38797.65814600006,38797.65814600006,0.0,0.0,0,0.0,38797.65814600006,etf_risk_cash,0.0,1.2932552715333354,1456
2026-06-17,38797.65814600006,40162.13003100006,0.0351689238527062,0.3570935634275738,3,1145.6060000000016,23797.65814600006,cash_too_small_for_target_lot,0.5,1.338737667700002,1456
2026-06-23,40162.13003100006,41223.23739500006,0.026420594803636233,0.7010127445498674,3,1845.835000000001,10162.130031000059,buy_price_gt_100.00,1.0,1.3741079131666687,1456
2026-06-26,41223.23739500006,40886.45223200006,-0.008169789281053608,0.7140866827594281,3,563.0351559999999,11223.237395000062,star_board_excluded,1.0,1.3628817410666687,1456
2026-07-01,40886.45223200006,40905.47004500007,0.00046513727559660545,0.6965153277278352,3,1521.9593239999995,10886.452232000061,star_board_excluded,1.0,1.363515668166669,1456
2026-07-06,40905.47004500007,40905.47004500007,0.0,0.0,0,0.0,40905.47004500007,etf_risk_cash,0.0,1.363515668166669,1456
2026-07-10,40905.47004500007,41614.59078300007,0.017335596858315094,0.7109185639599939,3,919.5419775000046,10905.470045000067,star_board_excluded,1.0,1.3871530261000025,1456
2026-07-15,41614.59078300007,41614.59078300007,0.0,0.0,0,0.0,41614.59078300007,etf_risk_cash,0.0,1.3871530261000025,1456
2026-07-20,41614.59078300007,41614.59078300007,0.0,0.0,0,0.0,41614.59078300007,etf_risk_cash,0.0,1.3871530261000025,1456
2026-07-23,41614.59078300007,41614.59078300007,0.0,0.0,0,0.0,41614.59078300007,etf_risk_cash,0.0,1.3871530261000025,1456
2026-07-28,41614.59078300007,41614.59078300007,0.0,0.0,0,0.0,41614.59078300007,etf_risk_cash,0.0,1.3871530261000025,1456
2026-07-31,41614.59078300007,41614.59078300007,0.0,0.0,0,0.0,41614.59078300007,etf_risk_cash,0.0,1.3871530261000025,1456
2026-08-05,41614.59078300007,41614.59078300007,0.0,0.0,0,0.0,41614.59078300007,etf_risk_cash,0.0,1.3871530261000025,1456
2026-08-10,41614.59078300007,41614.59078300007,0.0,0.0,0,0.0,41614.59078300007,etf_risk_cash,0.0,1.3871530261000025,1456
2026-08-13,41614.59078300007,41000.82592900008,-0.014748789846342092,0.6697487221569814,3,2128.6810000000023,11614.590783000072,star_board_excluded,1.0,1.366694197633336,1456
2026-08-18,41000.82592900008,39702.93681300008,-0.0316551944160226,0.7051150770002319,3,1089.6994680000025,11000.825929000079,star_board_excluded,1.0,1.3234312271000026,1456
2026-08-21,39702.93681300008,39702.93681300008,0.0,0.0,0,0.0,39702.93681300008,etf_risk_cash,0.0,1.3234312271000026,1456
2026-08-26,39702.93681300008,39702.93681300008,0.0,0.0,0,0.0,39702.93681300008,etf_risk_cash,0.0,1.3234312271000026,1456
2026-08-31,39702.93681300008,39556.70761600008,-0.0036830826316133214,0.34450514490709927,3,1322.1340000000018,24702.93681300008,cash_too_small_for_target_lot,0.5,1.318556920533336,1456
2026-09-03,39556.70761600008,38986.77860500008,-0.014407898062008373,0.3580509818332594,3,836.6820000000025,24556.70761600008,star_board_excluded,0.5,1.2995592868333359,1456
2026-09-08,38986.77860500008,38986.77860500008,0.0,0.0,0,0.0,38986.77860500008,etf_risk_cash,0.0,1.2995592868333359,1456
2025-12-25,30000.0,31813.551126000002,0.06045170420000012,0.9334066808333333,3,1997.799575000001,0.0,star_board_excluded,1.0,1.0604517042000001,1457
2025-12-30,31813.551126000002,33760.76774450001,0.06120714442684827,0.8743654358744785,3,2183.330503000003,1813.5511260000021,star_board_excluded,1.0,1.1253589248166669,1457
2026-01-06,33760.76774450001,35124.511790500015,0.04039434340832426,0.8543480358706861,3,1156.554388000004,3760.767744500008,star_board_excluded,1.0,1.1708170596833338,1457
2026-01-09,35124.511790500015,34381.988802000014,-0.021139738337966785,0.7656907508042303,3,3105.4861955000033,5124.511790500015,star_board_excluded,1.0,1.1460662934000005,1457
2026-01-14,34381.988802000014,33012.68009900001,-0.039826337879568796,0.857930867259317,3,502.63052900000184,4381.988802000014,star_board_excluded,1.0,1.100422669966667,1457
2026-01-19,33012.68009900001,32610.371718000017,-0.012186480461251037,0.8790725023527871,3,979.4606960000037,3012.680099000012,buy_price_gt_100.00,1.0,1.0870123906000007,1457
2026-01-22,32610.371718000017,31701.76332750002,-0.027862558524546666,0.7883194896490625,3,4292.608410000004,2610.3717180000167,buy_price_gt_100.00,1.0,1.0567254442500007,1457
2026-01-27,31701.76332750002,33563.42179550002,0.058724129909363265,0.9179931002372721,3,898.0000000000018,1701.763327500019,star_board_excluded,1.0,1.1187807265166674,1457
2026-01-30,33563.42179550002,35679.130704000025,0.06303615052693057,0.8714678180375991,3,750.5580420000006,3563.4217955000204,star_board_excluded,1.0,1.1893043568000008,1457
2026-02-04,35679.130704000025,35335.322072000024,-0.009636126923951549,0.38484752091957775,3,1268.975000000003,20679.130704000025,buy_price_gt_100.00,0.5,1.1778440690666674,1457
2026-02-09,35335.322072000024,35400.94648000003,0.0018571900339916514,0.3397978933242647,3,2993.132,20335.322072000024,buy_price_gt_100.00,0.5,1.1800315493333342,1457
2026-02-12,35400.94648000003,34505.240234000026,-0.025301759841535154,0.38832501294185706,3,1252.9270000000006,20400.946480000028,cash_too_small_for_target_lot,0.5,1.1501746744666674,1457
2026-02-25,34505.240234000026,34738.37531500003,0.0067565123273733985,0.8557474821724197,3,472.22754800000257,4505.240234000026,buy_price_gt_100.00,1.0,1.1579458438333343,1457
2026-03-02,34738.37531500003,34524.859735000035,-0.0061463893479151155,0.8574295914218686,3,214.28904700000203,4738.375315000027,star_board_excluded,1.0,1.1508286578333344,1457
2026-03-05,34524.859735000035,36868.45426700004,0.06788136287847535,0.4176144410337308,3,581.9200000000019,19524.859735000035,cash_too_small_for_target_lot,0.5,1.228948475566668,1457
2026-03-10,36868.45426700004,37341.945837000036,0.012842729086795623,0.34307888007449205,3,2351.2120000000004,21868.454267000037,cash_too_small_for_target_lot,0.5,1.2447315279000013,1457
2026-03-13,37341.945837000036,36096.67810300004,-0.03334769268413773,0.3909442765442353,3,401.3800000000019,22341.945837000036,cash_too_small_for_target_lot,0.5,1.2032226034333346,1457
2026-03-18,36096.67810300004,35046.11403700004,-0.029104175819233746,0.41437868485623464,3,42.306000000000495,21096.678103000042,cash_too_small_for_target_lot,0.5,1.1682038012333347,1457
2026-03-23,35046.11403700004,34929.625860000044,-0.003323854304560503,0.4275158433879972,3,17.231000000000677,20046.114037000043,cash_too_small_for_target_lot,0.5,1.1643208620000014,1457
2026-03-27,34929.625860000044,35161.93863700004,0.006650880771844614,0.3995088311547114,3,1045.3060000000014,19929.625860000044,cash_too_small_for_target_lot,0.5,1.1720646212333348,1457
2026-04-01,35161.93863700004,35161.93863700004,0.0,0.0,0,0.0,35161.93863700004,etf_risk_cash,0.0,1.1720646212333348,1457
2026-04-07,35161.93863700004,35161.93863700004,0.0,0.0,0,0.0,35161.93863700004,etf_risk_cash,0.0,1.1720646212333348,1457
2026-04-10,35161.93863700004,35524.76134200004,0.010318620618324115,0.335825453821094,3,3191.726,20161.938637000043,cash_too_small_for_target_lot,0.5,1.1841587114000014,1457
2026-04-15,35524.76134200004,36764.11740600005,0.03488710457668143,0.40453302026858645,3,629.0610000000015,20524.76134200004,cash_too_small_for_target_lot,0.5,1.2254705802000017,1457
2026-04-20,36764.11740600005,37540.57153650006,0.02111989040632567,0.8074869039329919,3,313.45666000000347,6764.1174060000485,buy_price_gt_100.00,1.0,1.2513523845500019,1457
2026-04-23,37540.57153650006,36971.22291350007,-0.01516622149576019,0.7609237990483505,3,1434.4856880000043,7540.571536500058,star_board_excluded,1.0,1.232374097116669,1457
2026-04-28,36971.22291350007,39089.268977500076,0.057289045292213014,0.8094578604153302,3,73.35300350000398,6971.222913500067,star_board_excluded,1.0,1.302975632583336,1457
2026-05-06,39089.268977500076,42021.39266500009,0.07501096245078798,0.6395804693710313,3,4999.267000000007,9089.268977500076,star_board_excluded,1.0,1.4007130888333361,1457
2026-05-11,42021.39266500009,42548.436301500085,0.012542269617326962,0.702448561363023,3,482.133176000003,12021.392665000087,star_board_excluded,1.0,1.4182812100500028,1457
2026-05-14,42548.436301500085,42780.566252500095,0.0054556635020643895,0.5975112291048796,3,4576.831529000001,12548.436301500085,star_board_excluded,1.0,1.4260188750833365,1457
2026-05-19,42780.566252500095,42356.414239500096,-0.009914595578201624,0.6455330894173498,3,2383.728900000002,12780.566252500095,star_board_excluded,1.0,1.411880474650003,1457
2026-05-22,42356.414239500096,42036.3992865001,-0.007555289057060044,0.29758553046365627,3,2395.3440000000014,27356.414239500096,cash_too_small_for_target_lot,0.5,1.4012133095500032,1457
2026-05-27,42036.3992865001,40141.61458700009,-0.04507485730607075,0.6543733342031028,3,2492.501241,12036.399286500098,buy_price_gt_100.00,1.0,1.3380538195666698,1457
2026-06-01,40141.61458700009,39674.5567165001,-0.011635253721240413,0.7286576016046071,3,750.5073905000045,10141.614587000091,buy_price_gt_100.00,1.0,1.3224852238833367,1457
2026-06-04,39674.5567165001,39279.5835195001,-0.009955327284998594,0.35102118719345676,3,1073.3900000000021,24674.556716500098,buy_price_gt_100.00,0.5,1.3093194506500032,1457
2026-06-09,39279.5835195001,39279.5835195001,0.0,0.0,0,0.0,39279.5835195001,etf_risk_cash,0.0,1.3093194506500032,1457
2026-06-12,39279.5835195001,39279.5835195001,0.0,0.0,0,0.0,39279.5835195001,etf_risk_cash,0.0,1.3093194506500032,1457
2026-06-17,39279.5835195001,40653.0194315001,0.03496564344472164,0.3527123446490229,3,1145.6060000000016,24279.5835195001,cash_too_small_for_target_lot,0.5,1.35510064771667,1457
2026-06-23,40653.0194315001,41596.638321500104,0.02321153270275511,0.692547943392974,3,1845.835000000001,10653.019431500099,buy_price_gt_100.00,1.0,1.3865546107166702,1457
2026-06-26,41596.638321500104,41291.7093025001,-0.007330616879258622,0.7076765342545693,3,563.0351559999999,11596.638321500104,star_board_excluded,1.0,1.3763903100833368,1457
2026-07-01,41291.7093025001,41291.8070465001,2.367157999838554e-06,0.6896793849673772,3,1521.9593239999995,11291.709302500101,star_board_excluded,1.0,1.37639356821667,1457
2026-07-06,41291.8070465001,41291.8070465001,0.0,0.0,0,0.0,41291.8070465001,etf_risk_cash,0.0,1.37639356821667,1457
2026-07-10,41291.8070465001,41978.01971550011,0.01661861560641409,0.7042670229896093,3,919.5419775000046,11291.8070465001,star_board_excluded,1.0,1.3992673238500035,1457
2026-07-15,41978.01971550011,41978.01971550011,0.0,0.0,0,0.0,41978.01971550011,etf_risk_cash,0.0,1.3992673238500035,1457
2026-07-20,41978.01971550011,41978.01971550011,0.0,0.0,0,0.0,41978.01971550011,etf_risk_cash,0.0,1.3992673238500035,1457
2026-07-23,41978.01971550011,41978.01971550011,0.0,0.0,0,0.0,41978.01971550011,etf_risk_cash,0.0,1.3992673238500035,1457
2026-07-28,41978.01971550011,41978.01971550011,0.0,0.0,0,0.0,41978.01971550011,etf_risk_cash,0.0,1.3992673238500035,1457
2026-07-31,41978.01971550011,41978.01971550011,0.0,0.0,0,0.0,41978.01971550011,etf_risk_cash,0.0,1.3992673238500035,1457
2026-08-05,41978.01971550011,41978.01971550011,0.0,0.0,0,0.0,41978.01971550011,etf_risk_cash,0.0,1.3992673238500035,1457
2026-08-10,41978.01971550011,41978.01971550011,0.0,0.0,0,0.0,41978.01971550011,etf_risk_cash,0.0,1.3992673238500035,1457
2026-08-13,41978.01971550011,41364.25486150011,-0.014621100713175683,0.66395030515717,3,2128.6810000000023,11978.019715500108,star_board_excluded,1.0,1.3788084953833368,1457
2026-08-18,41364.25486150011,40055.40971250011,-0.031641937063350944,0.6989198917954724,3,1089.6994680000025,11364.254861500107,star_board_excluded,1.0,1.3351803237500037,1457
2026-08-21,40055.40971250011,40055.40971250011,0.0,0.0,0,0.0,40055.40971250011,etf_risk_cash,0.0,1.3351803237500037,1457
2026-08-26,40055.40971250011,40055.40971250011,0.0,0.0,0,0.0,40055.40971250011,etf_risk_cash,0.0,1.3351803237500037,1457
2026-08-31,40055.40971250011,39902.20849450011,-0.0038247322671173256,0.3414736261137666,3,1322.1340000000018,25055.409712500114,cash_too_small_for_target_lot,0.5,1.330073616483337,1457
2026-09-03,39902.20849450011,39338.25550150011,-0.014133377932645796,0.3549507291545576,3,836.6820000000025,24902.20849450011,star_board_excluded,0.5,1.3112751833833372,1457
2026-09-08,39338.25550150011,39338.25550150011,0.0,0.0,0,0.0,39338.25550150011,etf_risk_cash,0.0,1.3112751833833372,1457
2025-12-25,30000.0,31813.551126000002,0.06045170420000012,0.9334066808333333,3,1997.799575000001,0.0,star_board_excluded,1.0,1.0604517042000001,daily_close_reference
2025-12-30,31813.551126000002,33760.76774450001,0.06120714442684827,0.8743654358744785,3,2183.330503000003,1813.5511260000021,star_board_excluded,1.0,1.1253589248166669,daily_close_reference
2026-01-06,33760.76774450001,35124.511790500015,0.04039434340832426,0.8543480358706861,3,1156.554388000004,3760.767744500008,star_board_excluded,1.0,1.1708170596833338,daily_close_reference
2026-01-09,35124.511790500015,35272.291157000014,0.004207300229009059,0.7656907508042303,3,3105.4861955000033,5124.511790500015,star_board_excluded,1.0,1.1757430385666672,daily_close_reference
2026-01-14,35272.291157000014,33902.98245400001,-0.038821087547307065,0.8362759691369256,3,502.63052900000184,5272.291157000014,star_board_excluded,1.0,1.1300994151333337,daily_close_reference
2026-01-19,33902.98245400001,33500.67407300002,-0.011866459876969548,0.855987798223222,3,979.4606960000037,3902.982454000012,buy_price_gt_100.00,1.0,1.1166891357666673,daily_close_reference
2026-01-22,33500.67407300002,32592.06568250002,-0.02712209278297162,0.767369382896058,3,4292.608410000004,3500.6740730000165,buy_price_gt_100.00,1.0,1.0864021894166673,daily_close_reference
2026-01-27,32592.06568250002,34453.72415050002,0.057119990065545245,0.8929167081185047,3,898.0000000000018,2592.0656825000187,star_board_excluded,1.0,1.148457471683334,daily_close_reference
2026-01-30,34453.72415050002,36569.43305900002,0.061407263239764864,0.8489486312200449,3,750.5580420000006,4453.72415050002,star_board_excluded,1.0,1.2189811019666672,daily_close_reference
2026-02-04,36569.43305900002,36225.62442700002,-0.009401530273802972,0.3754782027341462,3,1268.975000000003,21569.433059000017,buy_price_gt_100.00,0.5,1.2075208142333338,daily_close_reference
2026-02-09,36225.62442700002,36291.24883500002,0.001811546634130412,0.3314468194798302,3,2993.132,21225.624427000017,buy_price_gt_100.00,0.5,1.2097082945000006,daily_close_reference
2026-02-12,36291.24883500002,35395.54258900002,-0.024681053277399556,0.37879856553026753,3,1252.9270000000006,21291.24883500002,cash_too_small_for_target_lot,0.5,1.179851419633334,daily_close_reference
2026-02-25,35395.54258900002,35628.67767000002,0.006586566102604552,0.834222907524419,3,472.22754800000257,5395.542589000019,buy_price_gt_100.00,1.0,1.1876225890000007,daily_close_reference
2026-03-02,35628.67767000002,35415.16209000003,-0.005992801135580095,0.8360038289627598,3,214.28904700000203,5628.677670000019,star_board_excluded,1.0,1.1805054030000008,daily_close_reference
2026-03-05,35415.16209000003,37758.75662200003,0.06617489215619732,0.40711602458177504,3,581.9200000000019,20415.162090000027,cash_too_small_for_target_lot,0.5,1.2586252207333344,daily_close_reference
2026-03-10,37758.75662200003,38232.24819200003,0.012539914244001249,0.33498952644617064,3,2351.2120000000004,22758.75662200003,cash_too_small_for_target_lot,0.5,1.2744082730666677,daily_close_reference
2026-03-13,38232.24819200003,36986.980458000035,-0.03257113543902346,0.38184047997090353,3,401.3800000000019,23232.24819200003,cash_too_small_for_target_lot,0.5,1.232899348600001,daily_close_reference
2026-03-18,36986.980458000035,35936.416392000036,-0.028403618056709212,0.4044043015889055,3,42.306000000000495,21986.980458000035,cash_too_small_for_target_lot,0.5,1.197880546400001,daily_close_reference
2026-03-23,35936.416392000036,35819.928215000036,-0.003241507882403405,0.4169244043859471,3,17.231000000000677,20936.416392000036,cash_too_small_for_target_lot,0.5,1.1939976071666678,daily_close_reference
2026-03-27,35819.928215000036,36052.240992000035,0.006485573494329877,0.38957906102548523,3,1045.3060000000014,20819.928215000036,cash_too_small_for_target_lot,0.5,1.2017413664000012,daily_close_reference
2026-04-01,36052.240992000035,36052.240992000035,0.0,0.0,0,0.0,36052.240992000035,etf_risk_cash,0.0,1.2017413664000012,daily_close_reference
2026-04-07,36052.240992000035,36052.240992000035,0.0,0.0,0,0.0,36052.240992000035,etf_risk_cash,0.0,1.2017413664000012,daily_close_reference
2026-04-10,36052.240992000035,36415.063697000034,0.010063804496383666,0.32753231630234153,3,3191.726,21052.240992000035,cash_too_small_for_target_lot,0.5,1.2138354565666678,daily_close_reference
2026-04-15,36415.063697000034,37654.41976100004,0.034034158894032274,0.3946426984057126,3,629.0610000000015,21415.063697000034,cash_too_small_for_target_lot,0.5,1.255147325366668,daily_close_reference
2026-04-20,37654.41976100004,38430.87389150005,0.020620531014109877,0.7883946566811091,3,313.45666000000347,7654.419761000041,buy_price_gt_100.00,1.0,1.2810291297166683,daily_close_reference
2026-04-23,38430.87389150005,37861.52526850006,-0.014814875784698645,0.7432959862595779,3,1434.4856880000043,8430.87389150005,star_board_excluded,1.0,1.2620508422833354,daily_close_reference
2026-04-28,37861.52526850006,39979.57133250007,0.05594191065942544,0.7904237028030747,3,73.35300350000398,7861.52526850006,star_board_excluded,1.0,1.3326523777500023,daily_close_reference
2026-05-06,39979.57133250007,42911.69502000008,0.07334054842945337,0.6253376953963604,3,4999.267000000007,9979.571332500069,star_board_excluded,1.0,1.4303898340000027,daily_close_reference
2026-05-11,42911.69502000008,43438.73865650008,0.012282051227628266,0.6878746414058556,3,482.133176000003,12911.69502000008,star_board_excluded,1.0,1.4479579552166693,daily_close_reference
2026-05-14,43438.73865650008,43670.86860750009,0.005343846487708248,0.5852648869949572,3,4576.831529000001,13438.738656500078,star_board_excluded,1.0,1.4556956202500029,daily_close_reference
2026-05-19,43670.86860750009,43246.71659450009,-0.009712470269646833,0.632372837559204,3,2383.728900000002,13670.868607500088,star_board_excluded,1.0,1.4415572198166697,daily_close_reference
2026-05-22,43246.71659450009,42926.70164150009,-0.007399751430856472,0.2914592596285795,3,2395.3440000000014,28246.71659450009,cash_too_small_for_target_lot,0.5,1.4308900547166696,daily_close_reference
2026-05-27,42926.70164150009,41031.91694200008,-0.04414000207433111,0.6408015921821181,3,2492.501241,12926.70164150009,buy_price_gt_100.00,1.0,1.3677305647333362,daily_close_reference
2026-06-01,41031.91694200008,40564.85907150009,-0.01138279430522815,0.7128473342068099,3,750.5073905000045,11031.916942000084,buy_price_gt_100.00,1.0,1.352161969050003,daily_close_reference
2026-06-04,40564.85907150009,40169.88587450009,-0.009736831485197994,0.3433171054644315,3,1073.3900000000021,25564.85907150009,buy_price_gt_100.00,0.5,1.3389961958166696,daily_close_reference
2026-06-09,40169.88587450009,40169.88587450009,0.0,0.0,0,0.0,40169.88587450009,etf_risk_cash,0.0,1.3389961958166696,daily_close_reference
2026-06-12,40169.88587450009,40169.88587450009,0.0,0.0,0,0.0,40169.88587450009,etf_risk_cash,0.0,1.3389961958166696,daily_close_reference
2026-06-17,40169.88587450009,41543.32178650009,0.03419068493973154,0.34489503015478545,3,1145.6060000000016,25169.88587450009,cash_too_small_for_target_lot,0.5,1.3847773928833365,daily_close_reference
2026-06-23,41543.32178650009,42486.9406765001,0.02271409337099861,0.6777061580364278,3,1845.835000000001,11543.321786500092,buy_price_gt_100.00,1.0,1.4162313558833366,daily_close_reference
2026-06-26,42486.9406765001,42182.011657500094,-0.007177005784477664,0.6928473638084713,3,563.0351559999999,12486.940676500097,star_board_excluded,1.0,1.4060670552500032,daily_close_reference
2026-07-01,42182.011657500094,42182.10940150009,2.3171962681978187e-06,0.6751228677102818,3,1521.9593239999995,12182.011657500094,star_board_excluded,1.0,1.4060703133833363,daily_close_reference
2026-07-06,42182.10940150009,42182.10940150009,0.0,0.0,0,0.0,42182.10940150009,etf_risk_cash,0.0,1.4060703133833363,daily_close_reference
2026-07-10,42182.10940150009,42868.3220705001,0.016267860444542093,0.6894026504389519,3,919.5419775000046,12182.109401500093,star_board_excluded,1.0,1.42894406901667,daily_close_reference
2026-07-15,42868.3220705001,42868.3220705001,0.0,0.0,0,0.0,42868.3220705001,etf_risk_cash,0.0,1.42894406901667,daily_close_reference
2026-07-20,42868.3220705001,42868.3220705001,0.0,0.0,0,0.0,42868.3220705001,etf_risk_cash,0.0,1.42894406901667,daily_close_reference
2026-07-23,42868.3220705001,42868.3220705001,0.0,0.0,0,0.0,42868.3220705001,etf_risk_cash,0.0,1.42894406901667,daily_close_reference
2026-07-28,42868.3220705001,42868.3220705001,0.0,0.0,0,0.0,42868.3220705001,etf_risk_cash,0.0,1.42894406901667,daily_close_reference
2026-07-31,42868.3220705001,42868.3220705001,0.0,0.0,0,0.0,42868.3220705001,etf_risk_cash,0.0,1.42894406901667,daily_close_reference
2026-08-05,42868.3220705001,42868.3220705001,0.0,0.0,0,0.0,42868.3220705001,etf_risk_cash,0.0,1.42894406901667,daily_close_reference
2026-08-10,42868.3220705001,42868.3220705001,0.0,0.0,0,0.0,42868.3220705001,etf_risk_cash,0.0,1.42894406901667,daily_close_reference
2026-08-13,42868.3220705001,42254.5572165001,-0.014317445245247029,0.650161183219711,3,2128.6810000000023,12868.3220705001,star_board_excluded,1.0,1.4084852405500032,daily_close_reference
2026-08-18,42254.5572165001,40945.712067500106,-0.030975242322238805,0.6841936689543805,3,1089.6994680000025,12254.5572165001,star_board_excluded,1.0,1.3648570689166701,daily_close_reference
2026-08-21,40945.712067500106,40945.712067500106,0.0,0.0,0,0.0,40945.712067500106,etf_risk_cash,0.0,1.3648570689166701,daily_close_reference
2026-08-26,40945.712067500106,40945.712067500106,0.0,0.0,0,0.0,40945.712067500106,etf_risk_cash,0.0,1.3648570689166701,daily_close_reference
2026-08-31,40945.712067500106,40792.510849500104,-0.0037415692697552183,0.3340488004568505,3,1322.1340000000018,25945.712067500106,cash_too_small_for_target_lot,0.5,1.3597503616500035,daily_close_reference
2026-09-03,40792.510849500104,40228.557856500105,-0.013824914947762057,0.34720387897313176,3,836.6820000000025,25792.510849500104,star_board_excluded,0.5,1.3409519285500036,daily_close_reference
2026-09-08,40228.557856500105,40228.557856500105,0.0,0.0,0,0.0,40228.557856500105,etf_risk_cash,0.0,1.3409519285500036,daily_close_reference
