signal_date,start_capital,end_capital,account_return,invested_ratio,positions_bought,cash_left_after_buy,reserved_cash,skip_reason,nav
2025-07-02,30000.0,28162.231720000003,-0.06125894266666654,0.9753411914166664,3,739.7642575000045,0.0,buy_price_gt_100.00,0.9387410573333335
2025-07-07,28162.231720000003,29049.658677000007,0.03151124405988681,0.9979151064239589,3,58.715256000008594,0.0,star_board_excluded,0.9683219559000003
2025-07-10,29049.658677000007,29658.751649500005,0.020967302207314686,0.9454562441294874,3,1584.4774910000087,0.0,buy_price_gt_100.00,0.9886250549833335
2025-07-15,29658.751649500005,32121.012647000003,0.0830197112339186,0.9928251221759162,3,212.79791950000435,0.0,buy_price_gt_100.00,1.0707004215666667
2025-07-18,32121.012647000003,32678.086498000004,0.017342972873304774,0.8075255374124255,3,4061.462000000005,2121.012647000003,buy_price_gt_100.00,1.0892695499333336
2025-07-23,32678.086498000004,32251.70705800001,-0.013047870475099255,0.9118273507790503,3,203.2269600000036,2678.086498000004,star_board_excluded,1.0750569019333336
2025-07-28,32251.70705800001,31823.51402600001,-0.013276600560396923,0.7742425216468054,3,5029.357000000001,2251.707058000011,star_board_excluded,1.060783800866667
2025-07-31,31823.51402600001,31798.612651500007,-0.0007824834956837723,0.8905945710252026,3,1658.1511775000017,1823.5140260000117,buy_price_gt_100.00,1.0599537550500002
2025-08-05,31798.612651500007,33380.85229200001,0.04975813435135401,0.8445770586231259,3,3143.621258500001,1798.612651500007,star_board_excluded,1.1126950764000003
2025-08-08,33380.85229200001,33822.23627900002,0.013222669785030838,0.8574883460767685,3,1376.3081775000046,3380.8522920000105,star_board_excluded,1.1274078759666673
2025-08-13,33822.23627900002,33074.780895000025,-0.02209952582183583,0.8187110042659393,3,2309.3629695000036,3822.236279000019,buy_price_gt_100.00,1.1024926965000008
2025-08-18,33074.780895000025,33050.91882000003,-0.0007214582940322511,0.8572753463738396,3,1645.805752000002,3074.7808950000253,star_board_excluded,1.101697294000001
2025-08-21,33050.91882000003,32863.260469500034,-0.00567785578131752,0.815922265319339,3,3033.019445500002,3050.918820000028,star_board_excluded,1.095442015650001
2025-08-26,32863.260469500034,31808.507681000036,-0.03209519607705691,0.7799870423474742,3,4367.0826645000025,2863.2604695000337,star_board_excluded,1.0602835893666678
2025-08-29,31808.507681000036,30757.37925000004,-0.03304551227431074,0.8004496864594661,3,4538.890000000002,1808.5076810000355,star_board_excluded,1.0252459750000014
2025-09-03,30757.37925000004,31530.223529000054,0.02512711738923623,0.8873350448738234,3,2707.899503000006,757.3792500000418,star_board_excluded,1.0510074509666685
2025-09-08,31530.223529000054,29495.612751000066,-0.06452890434248415,0.9368006421151034,3,462.46635200000856,1530.2235290000535,star_board_excluded,0.9831870917000022
2025-09-11,29495.612751000066,30251.98690100007,0.025643615421224286,0.9681732390703345,3,938.7498155000703,0.0,buy_price_gt_100.00,1.008399563366669
2025-09-16,30251.98690100007,31527.93304000007,0.042177267337036195,0.8677934803393739,3,3747.523000000001,251.98690100006934,star_board_excluded,1.0509311013333356
2025-09-19,31527.93304000007,32949.95750900007,0.04510363769156234,0.9504157665674848,3,35.35535150000214,1527.933040000069,star_board_excluded,1.098331916966669
2025-09-24,32949.95750900007,31531.506440000077,-0.043048646378756494,0.9025377629964193,3,261.4190590000053,2949.9575090000726,buy_price_gt_100.00,1.0510502146666691
2025-09-29,31531.506440000077,33058.49005600008,0.04842723321531239,0.8827993788044315,3,2164.005702000004,1531.5064400000774,buy_price_gt_100.00,1.101949668533336
2025-10-10,33058.49005600008,32439.010529000087,-0.01873889357773495,0.7555597354170922,3,5022.336000000003,3058.4900560000824,star_board_excluded,1.0813003509666697
2025-10-15,32439.010529000087,32594.584959000087,0.004795905530500688,0.8793200388926672,3,1475.7280000000028,2439.0105290000865,star_board_excluded,1.0864861653000029
2025-10-20,32594.584959000087,31933.88774600009,-0.020270152659746077,0.9038025192545271,3,540.9320000000043,2594.584959000087,star_board_excluded,1.0644629248666697
2025-10-23,31933.88774600009,32440.608404500097,0.015867803586285145,0.9107323866209444,3,916.774199000005,1933.8877460000913,buy_price_gt_100.00,1.0813536134833366
2025-10-28,32440.608404500097,32271.0513295001,-0.005226692202741634,0.919550037010463,3,169.23734100000183,2440.608404500097,star_board_excluded,1.0757017109833367
2025-10-31,32271.0513295001,30345.418910500102,-0.05967058213686738,0.9123392679210887,3,557.8526550000024,2271.0513295001,star_board_excluded,1.0115139636833368
2025-11-05,30345.418910500102,30483.06265850011,0.004535898759742585,0.9750472329865216,3,411.7832575000066,345.41891050010236,,1.0161020886166703
2025-11-10,30483.06265850011,28282.17264850011,-0.07220042272839955,0.9728941836403795,3,343.20564000000013,483.0626585001082,star_board_excluded,0.942739088283337
2025-11-13,28282.17264850011,28217.22934850011,-0.0022962627662003188,0.9836881810236536,3,461.33368050010904,0.0,star_board_excluded,0.9405743116166704
2025-11-18,28217.22934850011,31510.738036500115,0.11671977596819127,0.9898406680911301,3,286.66819850011416,0.0,star_board_excluded,1.0503579345500038
2025-11-21,31510.738036500115,32315.90256000012,0.025552068078105616,0.934953474141865,3,538.9260000000049,1510.7380365001154,star_board_excluded,1.0771967520000039
2025-11-26,32315.90256000012,32541.017744500125,0.006966080680619768,0.8332909953389801,3,3071.4493905000036,2315.9025600001187,star_board_excluded,1.0847005914833374
2025-12-01,32541.017744500125,31586.25145250013,-0.02934039431392277,0.8625084876069583,3,1933.096000000005,2541.0177445001245,star_board_excluded,1.0528750484166711
2025-12-04,31586.25145250013,31526.141083500133,-0.0019030548493667032,0.9382376520546024,3,364.589600000003,1586.2514525001316,buy_price_gt_100.00,1.0508713694500045
2025-12-09,31526.141083500133,31483.834035500142,-0.0013419672229447732,0.9383938351872494,3,416.06356000000414,1526.1410835001334,star_board_excluded,1.0494611345166713
2025-12-12,31483.834035500142,30927.89718550015,-0.017657850990229984,0.9072272690102895,3,1437.007230000001,1483.834035500142,buy_price_gt_100.00,1.0309299061833384
2025-12-17,30927.89718550015,31034.580723000152,0.003449427449274456,0.7973461429366558,3,5339.760470000003,927.897185500151,buy_price_gt_100.00,1.0344860241000051
2025-12-22,31034.580723000152,32926.83853650016,0.06097255930052348,0.9252157696694736,3,1286.3165100000042,1034.580723000152,star_board_excluded,1.0975612845500053
2025-12-25,32926.83853650016,34740.389662500165,0.05507820387887041,0.8504369587125382,3,1997.799575000001,2926.8385365001595,star_board_excluded,1.1580129887500055
2025-12-30,34740.389662500165,36687.606281000175,0.056050511736254194,0.8007011368391804,3,2183.330503000003,4740.389662500165,star_board_excluded,1.2229202093666725
2026-01-06,36687.606281000175,38051.35032700018,0.037171791355225636,0.7861904478335365,3,1156.554388000004,6687.606281000175,star_board_excluded,1.2683783442333394
2026-01-09,38051.35032700018,38199.12969350018,0.003883682582353387,0.7067952536080276,3,3105.4861955000033,8051.350327000182,star_board_excluded,1.2733043231166727
2026-01-14,38199.12969350018,36829.82099050018,-0.03584659425455439,0.7722000398354405,3,502.63052900000184,8199.129693500181,star_board_excluded,1.2276606996833392
2026-01-19,36829.82099050018,36427.51260950018,-0.010923441118645849,0.787963083271176,3,979.4606960000037,6829.820990500179,buy_price_gt_100.00,1.2142504203166729
2026-01-22,36427.51260950018,35518.904219000186,-0.02494291609312449,0.7057136144754387,3,4292.608410000006,6427.512609500183,buy_price_gt_100.00,1.183963473966673
2026-01-27,35518.904219000186,37380.56268700019,0.052413172898620575,0.8193383393970927,3,898.0000000000018,5518.904219000186,star_board_excluded,1.2460187562333396
2026-01-30,37380.56268700019,39496.27159550019,0.056599172308227086,0.782477305195089,3,750.5580420000006,7380.562687000187,star_board_excluded,1.316542386516673
2026-02-04,39496.27159550019,38772.8312430002,-0.01831667454358943,0.7086450016509599,3,2011.1645500000068,9496.271595500191,buy_price_gt_100.00,1.2924277081000066
2026-02-09,38772.8312430002,38939.8283160002,0.00430706419021587,0.7256914983498837,3,1862.886000000004,8772.831243000197,buy_price_gt_100.00,1.2979942772000068
2026-02-12,38939.8283160002,38454.0130010002,-0.012476051796057375,0.6950700907142606,3,2934.090000000004,8939.828316000203,star_board_excluded,1.2818004333666735
2026-02-25,38454.0130010002,38687.1480820002,0.006062698345526085,0.7678723271673094,3,472.22754800000257,8454.013001000203,buy_price_gt_100.00,1.2895716027333401
2026-03-02,38687.1480820002,38473.63250200021,-0.005519031269697883,0.7699122946428367,3,214.28904700000385,8687.148082000203,star_board_excluded,1.2824544167333405
2026-03-05,38473.63250200021,41802.32006400022,0.08651867124392143,0.7669522910909422,3,492.5594060000003,8473.632502000211,,1.3934106688000072
2026-03-10,41802.32006400022,42498.77155750022,0.016660594254905625,0.6850123730012845,3,1364.8935360000014,11802.320064000218,star_board_excluded,1.4166257185833406
2026-03-13,42498.77155750022,39292.95060350023,-0.07543326163351727,0.6656451354770397,3,1710.8994490000005,12498.771557500222,star_board_excluded,1.3097650201166742
2026-03-18,39292.95060350023,37983.080671500225,-0.03333600332583109,0.6116614050577064,3,5966.018625,9292.950603500227,star_board_excluded,1.2661026890500076
2026-03-23,37983.080671500225,37114.26301250023,-0.022873807064625273,0.6923008304255429,3,3704.2817090000053,7983.080671500225,buy_price_gt_100.00,1.2371421004166745
2026-03-27,37114.26301250023,36861.24334700023,-0.0068173161734287335,0.7990806075284671,3,342.7121640000005,7114.263012500232,buy_price_gt_100.00,1.2287081115666743
2026-04-01,36861.24334700023,35920.76135150023,-0.025514114829133572,0.728980859314578,3,3128.8591495,6861.243347000229,buy_price_gt_100.00,1.1973587117166744
2026-04-07,35920.76135150023,37995.40416700023,0.05775609250591107,0.8224087839041918,3,458.45034000000123,5920.76135150023,buy_price_gt_100.00,1.266513472233341
2026-04-10,37995.40416700023,38912.274311000234,0.024131080168804164,0.6287447001484571,3,6110.591000000004,7995.404167000233,star_board_excluded,1.2970758103666744
2026-04-15,38912.274311000234,40096.832136000245,0.030441752531158217,0.6793749907475007,3,3563.9740000000047,8912.274311000234,buy_price_gt_100.00,1.3365610712000082
2026-04-20,40096.832136000245,40873.286266500254,0.0193644756739495,0.7403712901635052,3,313.45666000000347,10096.832136000245,buy_price_gt_100.00,1.3624428755500084
2026-04-23,40873.286266500254,40303.937643500256,-0.013929602315012168,0.6988798044216057,3,1434.4856880000007,10873.286266500254,star_board_excluded,1.3434645881166751
2026-04-28,40303.937643500256,42421.98370750026,0.05255183954319098,0.7425241489109492,3,73.35300350000398,10303.937643500256,star_board_excluded,1.4140661235833418
2026-05-06,42421.98370750026,45354.10739500027,0.06911802398768097,0.589334369000284,3,4999.267000000007,12421.983707500258,star_board_excluded,1.5118035798333422
2026-05-11,45354.10739500027,45881.15103150027,0.011620637396958289,0.6508311709658733,3,482.133176000003,15354.107395000268,star_board_excluded,1.529371701050009
2026-05-14,45881.15103150027,46113.28098250028,0.005059375054488946,0.554109212594632,3,4576.831529000003,15881.151031500267,star_board_excluded,1.5371093660833426
2026-05-19,46113.28098250028,45689.12896950028,-0.009198044553823004,0.5988789023812947,3,2383.728900000002,16113.280982500277,star_board_excluded,1.5229709656500092
2026-05-22,45689.12896950028,47004.94117850029,0.028799240403081017,0.5246467275837448,3,6029.348000000004,15689.128969500278,buy_price_gt_100.00,1.5668313726166763
2026-05-27,47004.94117850029,45110.15647900028,-0.040310330190704846,0.585204407650269,3,2492.501241,17004.94117850029,buy_price_gt_100.00,1.5036718826333426
2026-06-01,45110.15647900028,44643.09860850029,-0.010353718695642722,0.6484014885454066,3,750.5073905000045,15110.156479000281,buy_price_gt_100.00,1.4881032869500095
2026-06-04,44643.09860850029,43882.35362050029,-0.017040595561508498,0.6235842798039863,3,2161.2655060000034,14643.098608500288,buy_price_gt_100.00,1.462745120683343
2026-06-09,43882.35362050029,41554.90324400029,-0.053038412584431094,0.6406847915825047,3,1885.2434165000031,13882.35362050029,star_board_excluded,1.3851634414666765
2026-06-12,41554.90324400029,41817.40018500029,0.006316870465530311,0.6230497019323011,3,4109.229920000003,11554.903244000292,buy_price_gt_100.00,1.3939133395000096
2026-06-17,41817.40018500029,43989.4451280003,0.051941176003072353,0.606672359299369,3,4630.539170000004,11817.40018500029,buy_price_gt_100.00,1.46631483760001
2026-06-23,43989.4451280003,44933.064018000296,0.02145102961072265,0.6400209167921335,3,1845.8349999999973,13989.445128000298,buy_price_gt_100.00,1.4977688006000098
2026-06-26,44933.064018000296,44628.13499900029,-0.006786294806823023,0.6551292569811727,3,563.0351559999999,14933.064018000296,star_board_excluded,1.4876044999666764
2026-07-01,44628.13499900029,44628.23274300029,2.1901878715091527e-06,0.6381185473387568,3,1521.9593239999995,14628.134999000293,star_board_excluded,1.4876077581000098
2026-07-06,44628.23274300029,40895.86169200029,-0.08363250842787195,0.5820987411847385,3,4021.9618990000035,14628.232743000292,buy_price_gt_100.00,1.363195389733343
2026-07-10,40895.86169200029,41582.0743610003,0.01677951363803243,0.7110855920218567,3,919.5419775000028,10895.86169200029,star_board_excluded,1.3860691453666765
2026-07-15,41582.0743610003,42185.3445195003,0.014507938042307211,0.7034658497805718,3,748.4307239999998,11582.074361000297,buy_price_gt_100.00,1.40617815065001
2026-07-20,42185.3445195003,42897.850231500306,0.016889887237276247,0.7062509590795896,3,206.55997400000342,12185.3445195003,,1.42992834105001
2026-07-23,42897.850231500306,41657.08215950031,-0.02892378208474633,0.6777489073019026,3,926.0288799999998,12897.850231500306,star_board_excluded,1.3885694053166768
2026-07-28,41657.08215950031,40501.26825500031,-0.027745916050349262,0.6769260204190513,3,1801.2371515000013,11657.082159500307,star_board_excluded,1.350042275166677
2026-07-31,40501.26825500031,40961.06182600031,0.011352572173915387,0.7198095108145343,3,846.8019100000001,10501.268255000308,star_board_excluded,1.3653687275333437
2026-08-05,40961.06182600031,41138.93617150032,0.004342522814853034,0.6931347521483996,3,1608.4645635000015,10961.06182600031,star_board_excluded,1.371297872383344
2026-08-10,41138.93617150032,41124.149448000324,-0.0003594337840518991,0.7188487222595454,3,427.3282980000022,11138.936171500318,buy_price_gt_100.00,1.3708049816000107
2026-08-13,41124.149448000324,40510.38459400032,-0.014924682023541358,0.6777360595686496,3,2128.681000000004,11124.149448000324,star_board_excluded,1.350346153133344
2026-08-18,40510.38459400032,39201.53944500032,-0.032308879861729145,0.7136515938256898,3,1089.6994680000025,10510.384594000323,star_board_excluded,1.3067179815000107
2026-08-21,39201.53944500032,38707.37902750033,-0.012605638056467194,0.7555446490068255,3,381.48663950000446,9201.539445000322,star_board_excluded,1.2902459675833442
2026-08-26,38707.37902750033,39303.072174500325,0.015389653393395042,0.7555776891848287,3,753.5680000000029,8707.379027500327,buy_price_gt_100.00,1.3101024058166775
2026-08-31,39303.072174500325,39895.80480450033,0.015081076292671192,0.7435892988274155,3,774.6561200000015,9303.072174500325,star_board_excluded,1.329860160150011
2026-09-03,39895.80480450033,38659.68601850033,-0.030983678410732574,0.7463757098250356,3,222.74036999999953,9895.80480450033,star_board_excluded,1.2886562006166777
2026-09-08,38659.68601850033,38659.68601850033,0.0,0.0,0,30000.0,8659.686018500332,exit_missing_calendar,1.2886562006166777
