window_start,window_end,n_periods,compound_return,avg_period_return,period_vol,win_rate,max_drawdown
2025-07-02,2025-09-19,20,0.09833191696666921,0.00536696612804924,0.037493514430282315,0.5,-0.12792245587517015
2025-07-07,2025-09-24,20,0.11963805828667096,0.006277480942444747,0.035980980304281436,0.5,-0.12792245587516982
2025-07-10,2025-09-29,20,0.137999259253744,0.007123280400216021,0.03679497907010961,0.5,-0.1279224558751697
2025-07-15,2025-10-10,20,0.09374160154670452,0.005137970610963545,0.037078796050481345,0.45,-0.12792245587517004
2025-07-18,2025-10-15,20,0.01474338051556745,0.0012267803257926453,0.03224128483762162,0.45,-0.12792245587517004
2025-07-23,2025-10-20,20,-0.02277363309034175,-0.00065387595085989,0.032348560218973345,0.4,-0.12792245587517004
2025-07-28,2025-10-23,20,0.005857096065035927,0.0007919077522093249,0.03241158548608196,0.45,-0.12792245587516982
2025-07-31,2025-10-28,20,0.01406310136380462,0.00119440317009209,0.03227738916001817,0.45,-0.12792245587516982
2025-08-05,2025-10-31,20,-0.045699910147851575,-0.0017500017619670898,0.03503533187798184,0.45,-0.12792245587517004
2025-08-08,2025-11-05,20,-0.0868099354729287,-0.0040111135415476645,0.032932296614746746,0.45,-0.12792245587517004
2025-08-13,2025-11-10,20,-0.16379944793714551,-0.00828226816721918,0.035978144249425026,0.4,-0.14490219184564312
2025-08-18,2025-11-13,20,-0.14686572110396712,-0.0072921050144374045,0.0358501395425609,0.4,-0.1464453064643607
2025-08-21,2025-11-18,20,-0.04660024103680549,-0.0014200433013262328,0.04534404658333083,0.45,-0.14644530646436094
2025-08-26,2025-11-21,20,-0.01665561790522596,0.00014145289164492185,0.045725824252828534,0.5,-0.14644530646436105
2025-08-29,2025-11-26,20,0.023028746612267392,0.002094516729528751,0.04510645531409143,0.55,-0.14644530646436082
2025-09-03,2025-12-01,20,0.026948726540155787,0.0022797726275481517,0.044961913419204295,0.55,-0.14644530646436082
2025-09-08,2025-12-04,20,-0.0001294772140171263,0.0009282640156180065,0.044644126672399746,0.5,-0.1464453064643605
2025-09-11,2025-12-09,20,0.06740735652059637,0.004087610871594976,0.0419208191524101,0.5,-0.14644530646436082
2025-09-16,2025-12-12,20,0.022342674109704808,0.001922537551022271,0.04186708254737387,0.45,-0.14644530646436105
2025-09-19,2025-12-17,20,-0.01564810215671164,-1.3854443365813826e-05,0.040788991847673234,0.45,-0.14644530646436094
2025-09-24,2025-12-22,20,-0.0007016389169411941,0.0007795916370822411,0.04185328930932147,0.45,-0.14644530646436094
2025-09-29,2025-12-25,20,0.1017675203246684,0.005685934149963582,0.0421951853083553,0.5,-0.14644530646436094
2025-10-10,2025-12-30,20,0.10977864442243157,0.006067098076010671,0.0426337560303199,0.5,-0.1342970194590951
2025-10-15,2026-01-06,20,0.17301205266365227,0.008862632322658697,0.04275448292862561,0.55,-0.134297019459095
2025-10-20,2026-01-09,20,0.17194711150793696,0.008817021175251332,0.04275953600356774,0.55,-0.13018803480313645
2025-10-23,2026-01-14,20,0.15331466320173814,0.008038199095510916,0.043453437905589844,0.55,-0.13018803480313634
2025-10-28,2026-01-19,20,0.12289856451789194,0.006698636860264373,0.04361203153885242,0.5,-0.1256179087445547
2025-10-31,2026-01-22,20,0.10064292161845834,0.005712825665745229,0.04411570583780533,0.5,-0.07433089435218454
2025-11-05,2026-01-27,20,0.23183544762553265,0.01131701341751962,0.0424608231434908,0.55,-0.07433089435218465
2025-11-10,2026-01-30,20,0.29567924450290817,0.013920177094943847,0.043603759925761466,0.55,-0.07016456908849522
2025-11-13,2026-02-04,20,0.370928313212757,0.016614364504184354,0.03947134449413275,0.55,-0.07016456908849522
2025-11-18,2026-02-09,20,0.38000183629191375,0.016944530852005153,0.039332209452726426,0.6,-0.07016456908849533
2025-11-21,2026-02-12,20,0.22034631357911905,0.01048473946379273,0.03201095565583897,0.55,-0.07016456908849544
2025-11-26,2026-02-25,20,0.1971551161280669,0.00951027097716375,0.03182423988214758,0.55,-0.07016456908849544
2025-12-01,2026-03-02,20,0.1823118995257249,0.008886015379647876,0.031998746487121935,0.5,-0.07016456908849522
2025-12-04,2026-03-05,20,0.3234340303680292,0.014678968657540082,0.03505550520852838,0.55,-0.07016456908849511
2025-12-09,2026-03-10,20,0.3480486382693664,0.015607151112753698,0.03483843411951749,0.6,-0.07016456908849522
2025-12-12,2026-03-13,20,0.24803575572132708,0.01190258639222507,0.04025394488113876,0.6,-0.07543326163351716
2025-12-17,2026-03-18,20,0.22811714109382697,0.011118678775445017,0.04100554635770568,0.6,-0.10625462149865494
2025-12-22,2026-03-23,20,0.19590025538815792,0.009802517049750034,0.041681541954067286,0.55,-0.12669798085139516
2025-12-25,2026-03-27,20,0.11948929764813987,0.00641302327605243,0.040024821328564296,0.5,-0.13265155683082497
2025-12-30,2026-04-01,20,0.03397692715790779,0.0023834073406522353,0.038908818089985794,0.45,-0.1547811846067133
2026-01-06,2026-04-07,20,0.035646857851213465,0.0024686863791350817,0.03903430144450341,0.45,-0.1547811846067133
2026-01-09,2026-04-10,20,0.022625320168708996,0.0018166508198140057,0.038529761496285064,0.45,-0.1547811846067133
2026-01-14,2026-04-15,20,0.049679206247020824,0.0031445543172542514,0.03905877162212618,0.45,-0.15478118460671342
2026-01-19,2026-04-20,20,0.10978780692534684,0.005905107813679441,0.03809719442750469,0.5,-0.1547811846067132
2026-01-22,2026-04-23,20,0.10641476061116384,0.005754799753861126,0.03817293892561742,0.5,-0.1547811846067132
2026-01-27,2026-04-28,20,0.1943494496884688,0.009629537535676889,0.03882052724459918,0.55,-0.1547811846067133
2026-01-30,2026-05-06,20,0.21330724138010582,0.01046478009012991,0.03995268342111587,0.55,-0.15478118460671342
2026-02-04,2026-05-11,20,0.16165777624254418,0.008215853344566471,0.03845703122970838,0.55,-0.1547811846067133
2026-02-09,2026-05-14,20,0.18931941527549245,0.009384655824470385,0.03796022024738662,0.6,-0.15478118460671342
2026-02-12,2026-05-19,20,0.17332641014051076,0.008709400387268444,0.03817480811781485,0.55,-0.15478118460671342
2026-02-25,2026-05-22,20,0.2223676415066933,0.01077316499722536,0.03808480794099734,0.6,-0.1547811846067133
2026-03-02,2026-05-27,20,0.16602434439949154,0.00845451357041382,0.0397614011573429,0.55,-0.15478118460671342
2026-03-05,2026-06-01,20,0.16035569571392516,0.008212779199116576,0.03986538688172184,0.55,-0.1547811846067132
2026-03-10,2026-06-04,20,0.049758806528334976,0.0030348158588450864,0.035663210052821616,0.5,-0.1547811846067133
2026-03-13,2026-06-09,20,-0.02220930814959754,-0.000450134483121745,0.03761373909651663,0.45,-0.11594606434680077
2026-03-18,2026-06-12,20,0.06424688252541721,0.003637372121830631,0.03322193536728072,0.5,-0.11594606434680088
2026-03-23,2026-06-17,20,0.15813263037947456,0.007901231088275796,0.03369590004194386,0.55,-0.11594606434680088
2026-03-27,2026-06-23,20,0.21066836226457464,0.010117472922043184,0.033016040298194736,0.6,-0.11594606434680088
2026-04-01,2026-06-26,20,0.21070617664426128,0.01011902399037347,0.0330152035600151,0.6,-0.11594606434680066
2026-04-07,2026-07-01,20,0.24240776263881791,0.011394839241223722,0.03204449645583021,0.65,-0.11594606434680088
2026-04-10,2026-07-06,20,0.07633706203655,0.004325409194534576,0.03655668956428938,0.6,-0.12996675101242838
2026-04-15,2026-07-10,20,0.06861074294095881,0.00395783086799599,0.03638361207461285,0.6,-0.12996675101242827
2026-04-20,2026-07-15,20,0.0520867178837543,0.0031611401435534398,0.03594497963396942,0.6,-0.12996675101242816
2026-04-23,2026-07-20,20,0.04953269359844459,0.003037410721719776,0.035890486858526575,0.6,-0.1299667510124286
2026-04-28,2026-07-23,20,0.03357350658809177,0.0022877017332330655,0.03641631425522765,0.6,-0.12996675101242794
2026-05-06,2026-07-28,20,-0.045276417664559365,-0.0017271860464439389,0.0349811671922406,0.55,-0.13836147350557015
2026-05-11,2026-07-31,20,-0.09686103026435489,-0.00461545863713222,0.030979749772748137,0.55,-0.13836147350557026
2026-05-14,2026-08-05,20,-0.10335867242615793,-0.00497936436623748,0.030821334966589953,0.55,-0.13836147350557026
2026-05-19,2026-08-10,20,-0.10819294199415708,-0.0052503048081645135,0.030752182967698757,0.5,-0.13836147350557026
2026-05-22,2026-08-13,20,-0.11334740872291471,-0.005536636681650429,0.030817465651860197,0.5,-0.13836147350557026
2026-05-27,2026-08-18,20,-0.16601237099450183,-0.008592042694890934,0.030258272489100648,0.45,-0.13098196714858445
2026-06-01,2026-08-21,20,-0.14193649393525254,-0.0072068080881790494,0.029350315800520478,0.45,-0.13855465071346829
2026-06-04,2026-08-26,20,-0.11961594513923712,-0.005919639483727165,0.02976658377142724,0.5,-0.13855465071346817
2026-06-09,2026-08-31,20,-0.09084628528533512,-0.00431355589101819,0.03000061840407212,0.55,-0.13855465071346817
2026-06-12,2026-09-03,20,-0.0696720964190416,-0.0032108191823332645,0.02848228276477335,0.55,-0.13961607418952793
2026-06-17,2026-09-08,20,-0.07551196756685452,-0.00352666270560978,0.028405990422267696,0.5,-0.1396160741895276
