lowvol_weight,sector_min_slope,top_n,train_return,train_drawdown,train_win_rate,valid_return,valid_drawdown,valid_win_rate,valid_periods,selection_score,recent_return,recent_drawdown,recent_win_rate,recent_periods
0.6,-0.02,2,0.4341542773000018,-0.14004825394211096,0.55,0.2093026017666677,-0.20744219483056592,0.5135135135135135,37,0.15744205305902623,-0.05616901876666647,-0.07714254870660375,0.5,4.0
0.6,-0.03,2,0.5580425118000016,-0.13053421485947259,0.5573770491803278,0.18214819150000117,-0.20675904765206332,0.4864864864864865,37,0.13045842958698534,-0.04055450636666624,-0.07598248375213057,0.5,4.0
0.6,-0.03,3,0.40183522733333366,-0.12881959561675538,0.5409836065573771,0.14258823359999906,-0.1849278714545851,0.5135135135135135,37,0.09635626573635278,0.0007945479333331118,-0.037747974599229295,0.5,4.0
0.6,-0.02,3,0.3080271476000007,-0.128761491553661,0.5166666666666667,0.1302683006666654,-0.17275580524928358,0.5675675675675675,37,0.0870793493543445,0.004291966466666519,-0.037621463916076125,0.5,4.0
0.7,-0.02,3,0.3429877494000002,-0.12815479019300546,0.48333333333333334,0.07818093806666582,-0.18860018687729607,0.4594594594594595,37,0.0310308913473418,-0.04737555113333347,-0.06772339234163494,0.25,4.0
0.7,-0.03,2,0.5424649007333338,-0.11831251324890968,0.5409836065573771,0.07950476646666815,-0.22252370893812046,0.4594594594594595,37,0.02387383923213804,-0.04055450636666624,-0.07598248375213057,0.5,4.0
0.5,-0.02,1,0.3828603656333327,-0.19918450590881043,0.48333333333333334,0.10142348833333426,-0.3276756396586068,0.5135135135135135,37,0.019504578418682555,-0.09641629319999978,-0.09706239721448828,0.25,4.0
0.5,-0.03,2,0.5623578386000012,-0.13561094741199897,0.5245901639344263,0.04613814546666717,-0.16670346546769332,0.4864864864864865,37,0.004462279099743838,-0.04055450636666624,-0.07598248375213057,0.5,4.0
0.5,-0.02,2,0.545123172700001,-0.1399766639142691,0.55,0.009891345633333826,-0.23621367959645778,0.4864864864864865,37,-0.04916207426578062,-0.06235738969999971,-0.07761216867027043,0.25,4.0
0.7,-0.03,3,0.4218264790000006,-0.12420602277613957,0.5081967213114754,0.004903840966665518,-0.22863040032373216,0.43243243243243246,37,-0.05225375911426752,-0.05087296966666677,-0.06795598627921062,0.25,4.0
0.6,-0.03,1,0.3118433916666661,-0.21292051698468561,0.4098360655737705,-0.004245274966664492,-0.30085272693269116,0.5135135135135135,37,-0.07945845669983728,,,,
0.7,-0.03,5,0.3673684787333342,-0.10108577125259954,0.45901639344262296,-0.03674726386666616,-0.20289562585477283,0.5405405405405406,37,-0.08747117033035937,,,,
0.7,-0.02,2,0.43047863740000025,-0.16552493480334307,0.5333333333333333,-0.021228050133332732,-0.2866316325251781,0.40540540540540543,37,-0.09288595826462726,,,,
0.5,-0.03,1,0.3812198824666655,-0.18345500006727755,0.47540983606557374,-0.025568075233332488,-0.3276756396586068,0.5135135135135135,37,-0.10748698514798419,,,,
0.7,0.0,5,-0.047126792199999046,-0.22438878280597663,0.38596491228070173,-0.058679459333333184,-0.23712633245295278,0.4857142857142857,35,-0.11796104244657138,,,,
0.5,0.0,1,-0.08133814956666674,-0.44453164225521313,0.45614035087719296,-0.01883824273333501,-0.4002178761067948,0.42857142857142855,35,-0.11889271176003371,,,,
0.7,-0.02,5,0.36230173493333395,-0.10194976557549462,0.45,-0.07055457739999937,-0.2075991603009063,0.5405405405405406,37,-0.12245436747522595,,,,
0.7,-0.03,1,0.18321959743333371,-0.3131672214359642,0.39344262295081966,-0.05034593873333204,-0.32069281744987743,0.4594594594594595,37,-0.1305191430958014,,,,
0.5,-0.03,4,0.43024762136666483,-0.09813675021008028,0.5081967213114754,-0.06733851919999934,-0.26864542640985134,0.43243243243243246,37,-0.13449987580246217,,,,
0.6,-0.02,4,0.6144855002666652,-0.11988421988912035,0.5166666666666667,-0.08590406039999932,-0.24770141080827046,0.4594594594594595,37,-0.14782941310206693,,,,
0.7,-0.02,4,0.18757922260000148,-0.12047610153915833,0.4666666666666667,-0.09178237353333296,-0.25066086168531143,0.5135135135135135,37,-0.15444758895466082,,,,
0.7,-0.03,4,0.17463334600000135,-0.12401776706614598,0.45901639344262296,-0.09630029913333282,-0.23857358334005085,0.4864864864864865,37,-0.15594369496834554,,,,
0.5,-0.03,5,0.32117216163333273,-0.10292906847215466,0.5737704918032787,-0.10643688039999921,-0.2453834855235375,0.40540540540540543,37,-0.1677827517808836,,,,
0.6,-0.02,1,0.4207322450999995,-0.17984470861544033,0.45,-0.09467146453333208,-0.3104506196840461,0.4864864864864865,37,-0.1722841194543436,,,,
0.4,-0.03,4,0.5229367528666653,-0.15188159188943307,0.5737704918032787,-0.11096077953333383,-0.2596419003102457,0.35135135135135137,37,-0.17587125461089526,,,,
0.6,-0.02,5,0.2921857201333342,-0.14544870465949256,0.5,-0.11231849753333312,-0.26166690481132826,0.5135135135135135,37,-0.17773522373616518,,,,
0.6,-0.03,5,0.2835597662666669,-0.13959211158079232,0.4918032786885246,-0.11478115133333233,-0.2764932941444894,0.4864864864864865,37,-0.1839044748694547,,,,
0.6,0.0,3,-0.2318398622333333,-0.3307384083773064,0.38596491228070173,-0.09581381730000005,-0.3543241523693842,0.4857142857142857,35,-0.1843948553923461,,,,
0.7,-0.02,1,0.29210845086666715,-0.2711975278618075,0.43333333333333335,-0.09973409246666576,-0.35602118483367373,0.4594594594594595,37,-0.1887393886750842,,,,
0.3,-0.02,2,0.36193955283333445,-0.20739257524905785,0.5166666666666667,-0.12375031399999903,-0.27806489229547515,0.4864864864864865,37,-0.19326653707386782,,,,
0.4,-0.02,2,0.3867595659666665,-0.15372278360473934,0.48333333333333334,-0.1273792026333327,-0.27099590319423006,0.43243243243243246,37,-0.1951281784318902,,,,
0.5,-0.02,3,0.3887296847000008,-0.15270551972916668,0.5666666666666667,-0.13177048730000052,-0.2744008349596443,0.4594594594594595,37,-0.2003706960399116,,,,
0.6,0.0,1,-0.13061565666666686,-0.4368194334827108,0.40350877192982454,-0.09059558063333384,-0.4650046752640754,0.5142857142857142,35,-0.2068467494493527,,,,
0.6,0.0,5,-0.022115958333333796,-0.20924921198483593,0.3684210526315789,-0.14320042533333233,-0.25571939972259705,0.45714285714285713,35,-0.2071302752639816,,,,
0.5,-0.02,4,0.47147016506666484,-0.10635950646268322,0.5166666666666667,-0.13795052653333384,-0.2884482474527563,0.40540540540540543,37,-0.21006258839652292,,,,
0.5,-0.03,3,0.4973863190666665,-0.15129838043079413,0.5901639344262295,-0.16597075620000046,-0.3040981151797678,0.40540540540540543,37,-0.2419952849949424,,,,
0.3,-0.03,2,0.2598683884666675,-0.2350626406423394,0.47540983606557374,-0.16955251549999906,-0.3221613735079052,0.4594594594594595,37,-0.25009285887697535,,,,
0.4,-0.03,2,0.33002738393333364,-0.22216863962995426,0.4426229508196721,-0.1736326233333324,-0.30896652848119455,0.43243243243243246,37,-0.25087425545363107,,,,
0.4,-0.02,5,0.5103819832999996,-0.08639991375955758,0.65,-0.18397445780000032,-0.2749978625404097,0.43243243243243246,37,-0.25272392343510275,,,,
0.2,-0.01,5,0.07936191063333253,-0.20402417397775052,0.4915254237288136,-0.18944856096666574,-0.25605009712897653,0.4444444444444444,36,-0.25346108524890987,,,,
0.6,-0.03,4,0.646685565166665,-0.12596003448917725,0.5245901639344263,-0.17643619576666603,-0.327099556373906,0.43243243243243246,37,-0.25821108486014255,,,,
0.5,-0.02,5,0.35835272623333325,-0.09469759771180397,0.5666666666666667,-0.1819602955000006,-0.30681418331984356,0.43243243243243246,37,-0.25866384132996145,,,,
0.4,-0.02,4,0.5244971912666654,-0.15188159188943307,0.5833333333333334,-0.1830543276333335,-0.3065767017235922,0.3783783783783784,37,-0.2596985030642316,,,,
0.6,0.0,4,0.14197823973333423,-0.20553900145065884,0.42105263157894735,-0.1876518460666664,-0.31813865996107693,0.45714285714285713,35,-0.26718651105693564,,,,
0.6,-0.01,5,0.19035065346666813,-0.15494306879723485,0.4406779661016949,-0.20649204803333343,-0.2579452104187113,0.4722222222222222,36,-0.27097835063801123,,,,
0.3,-0.02,1,0.17771743616666824,-0.22973825306707552,0.48333333333333334,-0.17846820896666615,-0.3718863586931518,0.43243243243243246,37,-0.2714397986399541,,,,
0.4,0.0,2,0.002685318499999756,-0.25777124715512867,0.45614035087719296,-0.20504394490000022,-0.27011845996453154,0.45714285714285713,35,-0.2725735598911331,,,,
0.3,-0.03,5,0.38305307046666526,-0.11078805866111774,0.5409836065573771,-0.2033667084333336,-0.28564035592848847,0.43243243243243246,37,-0.2747767974154557,,,,
0.5,0.0,5,0.00593226513333267,-0.20137108319588415,0.38596491228070173,-0.19747063493333272,-0.3143543062308083,0.45714285714285713,35,-0.2760592114910348,,,,
0.7,0.0,2,-0.11926843739999993,-0.3050047637991946,0.47368421052631576,-0.1651509596333337,-0.4490448880149851,0.4,35,-0.27741218163708,,,,
0.3,-0.03,3,0.3402247261333322,-0.15792524855942647,0.5901639344262295,-0.20667539016666725,-0.2989228739677643,0.40540540540540543,37,-0.2814061086586083,,,,
0.6,-0.01,1,0.7821689654666679,-0.15138089673322086,0.5084745762711864,-0.1852073252666666,-0.39700834904088445,0.5,36,-0.2844594125268877,,,,
0.4,-0.03,3,0.42495577866666623,-0.11436916066495295,0.5737704918032787,-0.20961868276666673,-0.31286492284048517,0.43243243243243246,37,-0.287834913476788,,,,
0.6,0.0,2,-0.2378919519999998,-0.38791332780575916,0.43859649122807015,-0.17873360450000064,-0.44392450826698615,0.5142857142857142,35,-0.2897147315667472,,,,
0.4,-0.02,3,0.3881021516666654,-0.13853445545833243,0.5666666666666667,-0.2098506611666674,-0.32019501877807066,0.5135135135135135,37,-0.28989941586118506,,,,
0.7,-0.01,1,0.4892125108333363,-0.15706453233943052,0.4745762711864407,-0.1872186648000005,-0.4298352748201084,0.4444444444444444,36,-0.2946774835050276,,,,
0.4,0.0,3,0.1402064119666664,-0.23148180095227988,0.43859649122807015,-0.23011962956666665,-0.28431655794512534,0.4,35,-0.30119876905294796,,,,
0.0,-0.01,4,0.4648716150666674,-0.17762994185713643,0.5254237288135594,-0.22140636956666548,-0.320026247774963,0.4444444444444444,36,-0.30141293151040627,,,,
0.3,-0.02,3,0.3944092078333321,-0.1533342797526347,0.6,-0.22548519646666776,-0.3158898584851402,0.4594594594594595,37,-0.3044576610879528,,,,
0.4,0.0,5,0.22733594189999962,-0.18653325406783205,0.47368421052631576,-0.2331613762666659,-0.2933030492889728,0.45714285714285713,35,-0.3064871385889091,,,,
0.7,-0.01,5,0.26886435753333426,-0.1446478743370575,0.4745762711864407,-0.2229789931999988,-0.33572418847127117,0.5,36,-0.3069100403178166,,,,
0.7,0.0,4,-0.1924558471999992,-0.2629940083424648,0.40350877192982454,-0.22009985113333352,-0.3478345105370809,0.42857142857142855,35,-0.3070584787676037,,,,
0.4,-0.03,5,0.35475599349999953,-0.10040323935976725,0.6229508196721312,-0.22884821333333383,-0.33135678657241385,0.35135135135135137,37,-0.3116874099764373,,,,
0.5,-0.01,1,0.587267624366667,-0.1520852088069461,0.4745762711864407,-0.20753177390000144,-0.4209368037008344,0.4166666666666667,36,-0.31276597482521007,,,,
0.5,0.0,3,0.13990257720000043,-0.24103674901379957,0.43859649122807015,-0.23725984650000076,-0.3220424599776983,0.37142857142857144,35,-0.31777046149442534,,,,
0.3,-0.03,4,0.2987780324333309,-0.1973287727132763,0.5573770491803278,-0.24813823673333402,-0.3262804559475334,0.32432432432432434,37,-0.32970835072021737,,,,
0.3,0.0,3,0.07353554456666767,-0.2398272706327047,0.5087719298245614,-0.2588588016999994,-0.28617368067293647,0.4,35,-0.33040222186823354,,,,
0.7,0.0,3,-0.15926739673333334,-0.26522780727808415,0.42105263157894735,-0.2268153785666669,-0.4147185022202877,0.42857142857142855,35,-0.3304950041217388,,,,
0.0,-0.01,2,0.6385601515666672,-0.17309800127814245,0.5084745762711864,-0.25828169790000044,-0.29178023945319453,0.3333333333333333,36,-0.3312267577632991,,,,
0.5,-0.01,5,0.19270460603333484,-0.11541425836499941,0.5084745762711864,-0.2500730165999996,-0.32528164263338943,0.4444444444444444,36,-0.331393427258347,,,,
0.6,-0.01,3,0.35844286393333435,-0.11838468916279299,0.5084745762711864,-0.2377873315000001,-0.37777367927643324,0.3888888888888889,36,-0.3322307513191084,,,,
0.5,0.0,4,0.3065975263666667,-0.1670465112477837,0.47368421052631576,-0.24258063013333464,-0.36121505640455687,0.34285714285714286,35,-0.33288439423447386,,,,
0.6,-0.01,4,0.4325184797999979,-0.13228197503157424,0.5084745762711864,-0.26240819466666654,-0.34037486565576025,0.3333333333333333,36,-0.3475019110806066,,,,
0.3,0.0,1,-0.004555191466664943,-0.4206754256659334,0.47368421052631576,-0.24870589483333383,-0.4066444365699813,0.34285714285714286,35,-0.35036700397582915,,,,
0.7,0.0,1,-0.3230172274999984,-0.4208934687048731,0.3508771929824561,-0.21075929270000038,-0.5596406146089452,0.42857142857142855,35,-0.3506694463522367,,,,
0.0,0.0,5,0.272495299966667,-0.2137088712661137,0.47368421052631576,-0.2729724841333331,-0.3251537472704952,0.42857142857142855,35,-0.35426092095095685,,,,
0.3,-0.02,4,0.40134632453333174,-0.18451696643604432,0.5666666666666667,-0.27674989026666674,-0.31222101074686337,0.32432432432432434,37,-0.3548051429533826,,,,
0.2,-0.01,4,0.14888877213333274,-0.19891465860337532,0.4915254237288136,-0.28369217406666747,-0.2882890592820737,0.3333333333333333,36,-0.3557644388871859,,,,
0.3,0.0,2,0.3232899184000013,-0.24203382130951656,0.5263157894736842,-0.27758936069999984,-0.3138789225177876,0.4,35,-0.35605909132944674,,,,
0.2,-0.03,4,0.303948944666665,-0.18069847001860662,0.5409836065573771,-0.2749027540666673,-0.3252013134950831,0.32432432432432434,37,-0.3562030824404381,,,,
0.2,0.0,3,0.3806742687333333,-0.20827785777257568,0.5789473684210527,-0.2817266673000003,-0.29939312622182124,0.4,35,-0.3565749488554556,,,,
0.2,-0.03,5,0.46051426386666616,-0.1188850253860475,0.5409836065573771,-0.27440006760000024,-0.3391410043405949,0.35135135135135137,37,-0.35918531868514897,,,,
0.0,-0.02,3,0.31068485933333245,-0.23336686680362395,0.5666666666666667,-0.2666226570333342,-0.37863137255255364,0.43243243243243246,37,-0.3612805001714726,,,,
0.7,-0.01,4,0.047733492700001046,-0.18205643332663013,0.4745762711864407,-0.2831263112666662,-0.3232494295588364,0.4166666666666667,36,-0.3639386686563753,,,,
0.2,-0.02,4,0.46415663906666516,-0.1284885259000097,0.5666666666666667,-0.2823940765666674,-0.3264458358192779,0.32432432432432434,37,-0.36400553552148684,,,,
0.0,-0.03,3,0.3387812991666661,-0.21281614397889126,0.5737704918032787,-0.272984224333334,-0.387751343089378,0.4594594594594595,37,-0.3699220601056785,,,,
0.0,-0.02,1,0.8227869562333323,-0.18574078668505178,0.48333333333333334,-0.26461134083333304,-0.42845688927184167,0.43243243243243246,37,-0.37172556315129346,,,,
0.3,-0.02,5,0.43746282653333135,-0.12953721126797502,0.55,-0.28976591973333343,-0.3349471742449275,0.3783783783783784,37,-0.3735027132945653,,,,
0.2,0.0,2,0.30541185526666736,-0.2800242123423595,0.5263157894736842,-0.30285550989999954,-0.3025398241788807,0.42857142857142855,35,-0.3784904659447197,,,,
0.0,0.0,2,0.09250392553333286,-0.2840012844810961,0.47368421052631576,-0.299417165733332,-0.3170169350557631,0.34285714285714286,35,-0.3786713994972728,,,,
0.0,-0.01,5,0.028430343199999264,-0.2000014726258761,0.5084745762711864,-0.29350350179999973,-0.3522218885724121,0.4166666666666667,36,-0.3815589739431028,,,,
0.2,-0.02,5,0.4913066230333323,-0.14513198317926623,0.55,-0.29806503206666546,-0.3594369904821453,0.40540540540540543,37,-0.3879242796872018,,,,
0.7,-0.01,3,0.26948928633333336,-0.1256377499401552,0.4915254237288136,-0.2977643875999999,-0.3830168260709056,0.3611111111111111,36,-0.3935185941177263,,,,
0.4,0.0,4,0.21460972406666623,-0.23332543639236114,0.5263157894736842,-0.30809151903333376,-0.3603085996787515,0.3142857142857143,35,-0.3981686689530216,,,,
0.0,-0.02,5,0.09225371919999947,-0.21661719255191292,0.5333333333333333,-0.3028316242666663,-0.3903513255694273,0.3783783783783784,37,-0.40041945565902315,,,,
0.0,-0.03,5,0.04635935266666613,-0.214817778256162,0.4918032786885246,-0.3106906648666671,-0.3957547990423994,0.40540540540540543,37,-0.40962936462726696,,,,
0.4,-0.01,5,0.14277576653333313,-0.164925568673975,0.4915254237288136,-0.3268510563666661,-0.3527252513295088,0.4444444444444444,36,-0.4150323691990433,,,,
0.5,-0.01,4,0.23326371999999806,-0.15927030475060244,0.4406779661016949,-0.3270156685000004,-0.35943351025952197,0.3055555555555556,36,-0.4168740460648809,,,,
0.0,-0.02,4,0.3741674122333327,-0.27781490778133655,0.6166666666666667,-0.3147807007000001,-0.41020080975676154,0.2702702702702703,37,-0.41733090313919047,,,,
0.3,-0.01,5,0.020558330899999255,-0.18919058385370002,0.4745762711864407,-0.3312961817333323,-0.3442048913890603,0.3888888888888889,36,-0.4173474045805974,,,,
0.3,-0.03,1,0.2875119871666678,-0.1862009010521869,0.47540983606557374,-0.3007729595333327,-0.47635250372579296,0.43243243243243246,37,-0.41986108546478096,,,,
0.6,-0.01,2,0.5242603457333335,-0.1555880117164723,0.559322033898305,-0.30683635043333357,-0.47609079154507483,0.4444444444444444,36,-0.4258590483196023,,,,
0.4,-0.01,3,0.37624086656666766,-0.14188102655089563,0.5423728813559322,-0.3402401290999997,-0.3568313419760797,0.3888888888888889,36,-0.42944796459401957,,,,
0.2,0.0,5,0.23850489146666587,-0.24594282669381384,0.45614035087719296,-0.3436532541333329,-0.3630096796763035,0.4857142857142857,35,-0.4344056740524088,,,,
0.7,-0.01,2,0.5780333553666674,-0.13021866232101442,0.576271186440678,-0.3177521137666668,-0.47431757420220955,0.3888888888888889,36,-0.43633150731721915,,,,
0.4,-0.01,4,-0.013029889333335487,-0.24169273848132777,0.4576271186440678,-0.34647419970000026,-0.36335008687701253,0.3055555555555556,36,-0.4373117214192534,,,,
0.0,-0.03,4,0.28310001090000037,-0.28438403337907814,0.5901639344262295,-0.3294065727000006,-0.43361808301138216,0.35135135135135137,37,-0.4378110934528462,,,,
0.2,-0.01,3,0.21401992196666697,-0.20051577959735978,0.559322033898305,-0.3607431563333334,-0.3457465165996846,0.3611111111111111,36,-0.44717978548325454,,,,
0.2,-0.01,2,0.3161144217666665,-0.19955402333185013,0.5423728813559322,-0.3704837008333335,-0.35166700815770335,0.3611111111111111,36,-0.4584004528727593,,,,
0.0,0.0,3,0.37304844360000056,-0.1912402559301255,0.5614035087719298,-0.3687119348333341,-0.3648217658572478,0.3142857142857143,35,-0.45991737629764606,,,,
0.5,0.0,2,-0.13713977773333286,-0.2640936525631573,0.45614035087719296,-0.36290549076666656,-0.39079401685437376,0.4,35,-0.46060399498026,,,,
0.3,-0.01,3,0.24239932963333244,-0.17453870907093372,0.5084745762711864,-0.3663704788666665,-0.3862630062469533,0.3333333333333333,36,-0.4629362304284048,,,,
0.3,0.0,5,0.3280592146333323,-0.17795712171795963,0.43859649122807015,-0.36615616696666553,-0.4063707707798212,0.4,35,-0.46774885966162083,,,,
0.3,-0.01,1,0.5382816302666666,-0.17939273783746656,0.4745762711864407,-0.35549794903333376,-0.49047559903590887,0.3333333333333333,36,-0.478116848792311,,,,
0.2,-0.02,3,0.4180744284666653,-0.2112389043085443,0.6,-0.3761143877333336,-0.41707477336389254,0.3783783783783784,37,-0.4803830810743067,,,,
0.2,0.0,4,0.34644884899999906,-0.19291676384377288,0.5263157894736842,-0.39095134729999925,-0.37487389497586443,0.34285714285714286,35,-0.4846698210439654,,,,
0.0,-0.01,3,0.5153966317,-0.20445875503555633,0.559322033898305,-0.3894234022000005,-0.38222343748673215,0.3333333333333333,36,-0.48497926157168353,,,,
0.4,0.0,1,-0.1740941763666657,-0.41830822562929115,0.47368421052631576,-0.3704019032000003,-0.5025611075403457,0.34285714285714286,35,-0.4960421800850867,,,,
0.4,-0.02,1,0.2411393439666678,-0.2545390273832978,0.48333333333333334,-0.37801945413333315,-0.5014539508561635,0.43243243243243246,37,-0.5033829418473741,,,,
0.0,0.0,4,0.46955542269999984,-0.19940401059710378,0.631578947368421,-0.39824195036666643,-0.4270442811506324,0.42857142857142855,35,-0.5050030206543246,,,,
0.3,-0.01,4,0.006987564799999957,-0.21519354410891733,0.5084745762711864,-0.40783872210000094,-0.3936712048079777,0.3333333333333333,36,-0.5062565233019953,,,,
0.2,-0.03,3,0.3595958183999992,-0.22194519139395608,0.5737704918032787,-0.3948554802333337,-0.4462750154465701,0.40540540540540543,37,-0.5064242340949763,,,,
0.0,-0.02,2,0.13261616786666508,-0.34553684296063547,0.5166666666666667,-0.38294439803333347,-0.5031166682677828,0.40540540540540543,37,-0.5087235651002792,,,,
0.3,-0.01,2,0.16175731790000047,-0.19882303708842775,0.5423728813559322,-0.40540612806666687,-0.43497179864049595,0.3611111111111111,36,-0.5141490777267909,,,,
0.0,-0.03,1,0.9534720622666655,-0.15120941080520223,0.4918032786885246,-0.39371292256666757,-0.5287944709084829,0.35135135135135137,37,-0.5259115402937883,,,,
0.2,-0.02,2,0.527868888733334,-0.20085321993611327,0.55,-0.4271789925333338,-0.47400271531064764,0.40540540540540543,37,-0.5456796713609957,,,,
0.3,0.0,4,0.1201601692999994,-0.2609985739297721,0.543859649122807,-0.43987668706666716,-0.44772875685028146,0.3142857142857143,35,-0.5518088762792375,,,,
0.5,-0.01,3,0.3096770386666674,-0.1344186073539243,0.5084745762711864,-0.4459776661666667,-0.46541610999155425,0.2777777777777778,36,-0.5623316936645553,,,,
0.4,-0.01,2,0.6722622991333334,-0.1368924923747291,0.576271186440678,-0.44665471196666695,-0.47516770896814986,0.3055555555555556,36,-0.5654466392087044,,,,
0.2,-0.02,1,0.6095885721333338,-0.21386094217243146,0.48333333333333334,-0.4416758718000007,-0.5538515629676821,0.3783783783783784,37,-0.5801387625419212,,,,
0.5,-0.01,2,0.7668296516333337,-0.1125692448733202,0.6101694915254238,-0.462363268633333,-0.48660530331693586,0.3333333333333333,36,-0.584014594462567,,,,
0.0,0.0,1,0.4906635435666675,-0.2317718955096154,0.5087719298245614,-0.46663923323333434,-0.47109201478058516,0.34285714285714286,35,-0.5844122369284807,,,,
0.2,-0.03,1,0.7577757936666667,-0.16660509339317942,0.47540983606557374,-0.4487946379000003,-0.559540062190083,0.35135135135135137,37,-0.588679653447521,,,,
0.4,-0.03,1,0.20179385980000086,-0.2545390273832978,0.45901639344262296,-0.4498612473999999,-0.5590384564078581,0.43243243243243246,37,-0.5896208615019645,,,,
0.4,-0.01,1,0.6050692655000001,-0.15479179149641553,0.4745762711864407,-0.469389187266667,-0.5373513130677819,0.3611111111111111,36,-0.6037270155336125,,,,
0.0,-0.03,2,0.14928242633333189,-0.3124437995124463,0.5081967213114754,-0.47389559026666694,-0.5572388887005993,0.35135135135135137,37,-0.6132053124418168,,,,
0.2,0.0,1,0.2290127039333354,-0.34299381192426537,0.49122807017543857,-0.49664468783333293,-0.48673562511883084,0.3142857142857143,35,-0.6183285941130406,,,,
0.2,-0.03,2,0.5229767113666666,-0.17802170925752392,0.5245901639344263,-0.4942445882666673,-0.5355862131083606,0.3783783783783784,37,-0.6281411415437574,,,,
0.0,-0.01,1,0.698010303233332,-0.22438057516134458,0.4745762711864407,-0.5248093016000004,-0.5414363623857938,0.3055555555555556,36,-0.6601683921964488,,,,
0.2,-0.01,1,1.0660578073333329,-0.14178317416941988,0.5084745762711864,-0.564284016166667,-0.5942170126419407,0.3055555555555556,36,-0.7128382693271522,,,,
