lowvol_weight,sector_min_slope,top_n,entry_mode,enable_bbi_exit,valid_return,valid_drawdown,valid_win_rate,valid_periods,selection_score
0.6,-0.02,2,open,False,0.2093026017666677,-0.20744219483056592,0.5135135135135135,37,0.15744205305902623
0.6,-0.03,2,open,False,0.18214819150000117,-0.20675904765206332,0.4864864864864865,37,0.13045842958698534
0.6,-0.02,2,open,True,0.16708262760000148,-0.23644229481105183,0.5135135135135135,37,0.10797205389723852
0.6,-0.03,2,open,True,0.16078834680000176,-0.22095217733095507,0.4864864864864865,37,0.10555030246726299
0.6,-0.03,3,open,True,0.1467670106333332,-0.18851441701969252,0.5135135135135135,37,0.09963840637841007
0.6,-0.03,3,open,False,0.14258823359999906,-0.1849278714545851,0.5135135135135135,37,0.09635626573635278
0.6,-0.02,3,open,False,0.1302683006666654,-0.17275580524928358,0.5675675675675675,37,0.0870793493543445
0.6,-0.02,3,open,True,0.12882970163333285,-0.18035447415963168,0.5675675675675675,37,0.08374108309342493
0.7,-0.02,3,open,False,0.07818093806666582,-0.18860018687729607,0.4594594594594595,37,0.0310308913473418
0.7,-0.02,3,open,True,0.05774793663333222,-0.20935354686606367,0.4594594594594595,37,0.005409549916816303
0.7,-0.02,3,gap_rebound,True,0.016876270399999393,-0.24560505693982937,0.4594594594594595,37,-0.04452499383495795
0.7,-0.02,3,gap_rebound,False,0.014513804133332586,-0.24227854869802246,0.4594594594594595,37,-0.04605583304117303
0.6,-0.02,2,gap_rebound,False,-0.016964853466665986,-0.2848821221720471,0.40540540540540543,37,-0.08818538400967776
0.6,-0.02,2,gap_rebound,True,-0.06819441803333204,-0.3234573653009155,0.40540540540540543,37,-0.14905875935856092
0.6,-0.02,3,gap_rebound,True,-0.09780565736666669,-0.32942707518634606,0.40540540540540543,37,-0.1801624261632532
0.6,-0.03,3,gap_rebound,False,-0.10885801806666662,-0.34632453731794577,0.35135135135135137,37,-0.19543915239615306
0.6,-0.03,3,gap_rebound,True,-0.11488959480000094,-0.35588153132789424,0.35135135135135137,37,-0.2038599776319745
0.6,-0.02,3,gap_rebound,False,-0.1289915532666671,-0.33595757115287384,0.40540540540540543,37,-0.21298094605488557
0.6,-0.03,2,gap_rebound,False,-0.2401272403333331,-0.4327247564355816,0.35135135135135137,37,-0.3483084294422285
0.6,-0.03,2,gap_rebound,True,-0.2691924511999988,-0.45550327119902856,0.35135135135135137,37,-0.38306826899975593
