Price,Adj Close,Close,High,Low,Open,Volume
Ticker,2828.HK,2828.HK,2828.HK,2828.HK,2828.HK,2828.HK
Date,,,,,,
2024-04-24,59.040283203125,61.70000076293945,61.81999969482422,60.400001525878906,60.400001525878906,22665717
2024-04-25,59.212520599365234,61.880001068115234,62.63999938964844,61.400001525878906,61.70000076293945,75185444
2024-04-26,60.80096435546875,63.540000915527344,63.939998626708984,62.41999816894531,62.540000915527344,72759652
2024-04-29,60.82010269165039,63.560001373291016,64.5999984741211,63.279998779296875,63.540000915527344,25641899
2024-04-30,60.72441101074219,63.459999084472656,64.19999694824219,63.2400016784668,63.97999954223633,25981222
2024-05-02,62.44682312011719,65.26000213623047,65.26000213623047,63.34000015258789,63.36000061035156,62178834
2024-05-03,63.51853942871094,66.37999725341797,66.9000015258789,65.80000305175781,65.83999633789062,33282971
2024-05-06,63.63336944580078,66.5,66.5999984741211,65.91999816894531,66.37999725341797,71169128
2024-05-07,63.13579177856445,65.9800033569336,66.80000305175781,65.94000244140625,66.80000305175781,55200512
2024-05-08,62.580787658691406,65.4000015258789,66.63999938964844,65.27999877929688,65.9800033569336,45021971
2024-05-09,63.49940490722656,66.36000061035156,66.5,65.4000015258789,65.62000274658203,35241569
2024-05-10,65.10698699951172,68.04000091552734,68.19999694824219,66.77999877929688,66.77999877929688,28864868
2024-05-13,65.54714965820312,68.5,68.5999984741211,67.33999633789062,67.72000122070312,55731865
2024-05-14,65.26008605957031,68.19999694824219,69.19999694824219,68.19999694824219,68.69999694824219,63813800
2024-05-16,66.50404357910156,69.5,69.77999877929688,68.26000213623047,68.26000213623047,100386313
2024-05-17,67.2695541381836,70.30000305175781,70.54000091552734,69.54000091552734,70.08000183105469,40116941
2024-05-20,67.61404418945312,70.66000366210938,70.76000213623047,70.22000122070312,70.5,63200305
2024-05-21,66.06387329101562,69.04000091552734,70.12000274658203,68.9000015258789,70.0,61776656
2024-05-22,66.08301544189453,69.05999755859375,69.72000122070312,68.9000015258789,69.12000274658203,35982108
2024-05-23,64.83905029296875,67.76000213623047,68.94000244140625,67.4800033569336,68.94000244140625,67087337
2024-05-24,64.01612854003906,66.9000015258789,67.9800033569336,66.63999938964844,67.4000015258789,57913417
2024-05-27,64.81991577148438,67.73999786376953,67.87999725341797,66.5199966430664,67.23999786376953,90521742
2024-05-28,64.76249694824219,67.68000030517578,68.4800033569336,67.5199966430664,67.80000305175781,33621067
2024-05-29,63.65250015258789,66.5199966430664,67.5,66.27999877929688,67.5,50035600
2024-05-30,62.69560623168945,65.5199966430664,66.68000030517578,65.31999969482422,66.22000122070312,41382590
2024-05-31,62.044921875,64.83999633789062,66.81999969482422,64.83999633789062,66.0,56170090
2024-06-03,63.34629440307617,66.19999694824219,66.81999969482422,65.4000015258789,65.4000015258789,69205610
2024-06-04,63.78647232055664,66.66000366210938,66.77999877929688,65.87999725341797,66.19999694824219,95668202
2024-06-05,63.48026657104492,66.33999633789062,67.5199966430664,66.19999694824219,66.66000366210938,57174230
2024-06-06,63.748191833496094,66.62000274658203,67.4800033569336,66.22000122070312,66.91999816894531,51911067
2024-06-07,63.174049377441406,66.0199966430664,67.04000091552734,65.9000015258789,66.9000015258789,38739409
2024-06-11,62.88698959350586,65.72000122070312,66.0199966430664,64.91999816894531,65.5,64157772
2024-06-12,62.10234069824219,64.9000015258789,65.5,64.5999984741211,65.13999938964844,41788762
2024-06-13,62.829586029052734,65.66000366210938,65.76000213623047,65.0,65.5199966430664,104253477
2024-06-14,62.312862396240234,65.12000274658203,65.72000122070312,64.94000244140625,65.62000274658203,35244173
2024-06-17,62.351131439208984,65.16000366210938,65.86000061035156,64.23999786376953,64.5199966430664,73096200
2024-06-18,62.351131439208984,65.16000366210938,65.55999755859375,64.87999725341797,65.13999938964844,37884207
2024-06-19,64.41802215576172,67.31999969482422,67.4000015258789,65.16000366210938,65.16000366210938,36552765
2024-06-20,64.13095092773438,67.0199966430664,67.69999694824219,66.77999877929688,67.30000305175781,43974928
2024-06-21,63.05923080444336,65.9000015258789,66.58000183105469,65.45999908447266,66.4000015258789,60697678
2024-06-24,63.04008865356445,65.87999725341797,65.9000015258789,64.86000061035156,65.9000015258789,24788009
2024-06-25,63.174049377441406,66.0199966430664,66.66000366210938,65.5999984741211,65.9000015258789,32178412
2024-06-26,63.441993713378906,66.30000305175781,66.4800033569336,65.4800033569336,65.5999984741211,74688041
2024-06-27,62.04075241088867,64.19999694824219,65.86000061035156,63.97999954223633,65.86000061035156,49402958
2024-06-28,62.002105712890625,64.16000366210938,64.73999786376953,63.599998474121094,64.0,22855874
2024-07-02,62.40797424316406,64.58000183105469,65.44000244140625,64.0,64.13999938964844,40150151
2024-07-03,63.43232345581055,65.63999938964844,65.72000122070312,64.73999786376953,64.95999908447266,104634473
2024-07-04,63.799537658691406,66.0199966430664,66.4800033569336,65.69999694824219,66.0199966430664,29906230
2024-07-05,62.968467712402344,65.16000366210938,66.36000061035156,65.08000183105469,66.0999984741211,63506328
2024-07-08,62.446632385253906,64.62000274658203,65.33999633789062,64.33999633789062,65.0199966430664,45496078
2024-07-09,62.195377349853516,64.36000061035156,64.9800033569336,63.91999816894531,64.4000015258789,42302189
2024-07-10,62.09873962402344,64.26000213623047,65.5199966430664,64.13999938964844,64.5,75466831
2024-07-11,63.37434387207031,65.58000183105469,65.68000030517578,64.73999786376953,64.86000061035156,84710579
2024-07-12,64.862548828125,67.12000274658203,67.30000305175781,66.18000030517578,66.18000030517578,34103990
2024-07-15,63.72224044799805,65.94000244140625,67.0,65.76000213623047,67.0,53992854
2024-07-16,62.63990020751953,64.81999969482422,66.5,64.81999969482422,66.5,45513236
2024-07-17,62.56259536743164,64.73999786376953,65.18000030517578,64.54000091552734,65.0,52387292
2024-07-18,62.62057876586914,64.80000305175781,65.19999694824219,64.16000366210938,64.54000091552734,38930600
2024-07-19,61.20968246459961,63.34000015258789,64.31999969482422,63.18000030517578,64.31999969482422,48367339
2024-07-22,62.156715393066406,64.31999969482422,64.55999755859375,62.97999954223633,63.540000915527344,67497103
2024-07-23,61.518917083740234,63.65999984741211,64.4800033569336,63.560001373291016,64.33999633789062,60375174
2024-07-24,61.055057525634766,63.18000030517578,63.91999816894531,62.91999816894531,63.65999984741211,46411070
2024-07-25,59.79878616333008,61.880001068115234,63.040000915527344,61.68000030517578,62.939998626708984,73865234
2024-07-26,59.702144622802734,61.779998779296875,62.720001220703125,61.439998626708984,62.34000015258789,62543800
2024-07-29,60.436588287353516,62.540000915527344,63.060001373291016,62.20000076293945,62.380001068115234,50571007
2024-07-30,59.37357711791992,61.439998626708984,62.540000915527344,61.36000061035156,62.540000915527344,36115020
2024-07-31,60.70716857910156,62.81999969482422,63.02000045776367,61.540000915527344,61.70000076293945,42327431
2024-08-01,60.61053466796875,62.720001220703125,63.060001373291016,62.29999923706055,62.81999969482422,99738450
2024-08-02,59.39291000366211,61.459999084472656,62.099998474121094,61.02000045776367,62.099998474121094,73141464
2024-08-05,58.3492317199707,60.380001068115234,61.47999954223633,59.34000015258789,60.52000045776367,63873992
2024-08-06,58.117305755615234,60.13999938964844,61.2599983215332,60.02000045776367,61.0,29837209
2024-08-07,58.85174560546875,60.900001525878906,61.5,60.20000076293945,60.31999969482422,48158613
2024-08-08,58.967708587646484,61.02000045776367,61.63999938964844,60.20000076293945,60.560001373291016,48869230
2024-08-09,59.74079895019531,61.81999969482422,62.540000915527344,61.79999923706055,61.79999923706055,31032965
2024-08-12,59.818111419677734,61.900001525878906,62.099998474121094,61.52000045776367,61.959999084472656,88625640
2024-08-13,60.011383056640625,62.099998474121094,62.560001373291016,61.779998779296875,62.13999938964844,31064185
2024-08-14,59.85676956176758,61.939998626708984,62.560001373291016,61.68000030517578,62.380001068115234,21605427
2024-08-15,59.91474914550781,62.0,62.720001220703125,61.2400016784668,61.599998474121094,25831014
2024-08-16,61.22900390625,63.36000061035156,63.560001373291016,62.68000030517578,62.70000076293945,28010649
2024-08-19,61.78949737548828,63.939998626708984,64.5,63.58000183105469,63.58000183105469,39759277
2024-08-20,61.441612243652344,63.58000183105469,64.30000305175781,63.459999084472656,64.30000305175781,35186987
2024-08-21,60.8811149597168,63.0,63.220001220703125,62.439998626708984,63.099998474121094,48300104
2024-08-22,61.828155517578125,63.97999954223633,64.05999755859375,62.97999954223633,63.5,32026969
2024-08-23,61.770172119140625,63.91999816894531,64.0199966430664,63.34000015258789,63.380001068115234,19470050
2024-08-26,62.33066177368164,64.5,64.69999694824219,64.22000122070312,64.30000305175781,10622029
2024-08-27,62.62057876586914,64.80000305175781,64.86000061035156,63.84000015258789,64.0199966430664,24159436
2024-08-28,61.9247932434082,64.08000183105469,64.76000213623047,63.779998779296875,64.73999786376953,67345468
2024-08-29,62.002105712890625,64.16000366210938,64.26000213623047,63.119998931884766,63.880001068115234,23784850
2024-08-30,62.949134826660156,65.13999938964844,65.87999725341797,64.23999786376953,64.30000305175781,53750963
2024-09-02,61.712188720703125,63.86000061035156,65.0,63.81999969482422,65.0,89846859
2024-09-03,61.770172119140625,63.91999816894531,64.12000274658203,63.58000183105469,63.880001068115234,41445588
2024-09-04,61.13236618041992,63.2599983215332,63.540000915527344,62.70000076293945,62.97999954223633,52925160
2024-09-05,60.803802490234375,62.91999816894531,63.459999084472656,62.560001373291016,63.380001068115234,36017600
2024-09-09,59.779457092285156,61.86000061035156,62.5,61.47999954223633,62.5,53689772
2024-09-10,60.204654693603516,62.29999923706055,62.459999084472656,61.720001220703125,61.91999816894531,13743042
2024-09-11,59.66349411010742,61.7400016784668,61.79999923706055,61.18000030517578,61.41999816894531,41612354
2024-09-12,60.14667892456055,62.2400016784668,62.70000076293945,61.779998779296875,62.02000045776367,51451713
2024-09-13,60.61053466796875,62.720001220703125,63.41999816894531,62.20000076293945,62.20000076293945,72209290
2024-09-16,60.8811149597168,63.0,63.0,61.97999954223633,62.70000076293945,25274894
2024-09-17,61.770172119140625,63.91999816894531,64.12000274658203,63.0,63.0,19113995
2024-09-19,63.14240264892578,65.33999633789062,65.5,63.560001373291016,63.91999816894531,73095917
2024-09-20,63.81904602050781,65.08000183105469,65.5999984741211,64.22000122070312,65.19999694824219,35637350
2024-09-23,64.05438995361328,65.31999969482422,65.83999633789062,65.05999755859375,65.08000183105469,84020912
2024-09-24,67.2120132446289,68.54000091552734,68.5999984741211,65.36000061035156,65.36000061035156,143913156
2024-09-25,67.56503295898438,68.9000015258789,70.87999725341797,68.80000305175781,70.66000366210938,178967485
2024-09-26,70.91876220703125,72.31999969482422,72.5,69.18000030517578,69.76000213623047,77934294
2024-09-27,72.99768829345703,74.44000244140625,75.0999984741211,73.12000274658203,73.80000305175781,365639619
2024-09-30,75.01777648925781,76.5,77.9800033569336,74.86000061035156,76.5,76011178
2024-10-02,80.48966979980469,82.08000183105469,83.0999984741211,77.0,77.0,229867673
2024-10-03,79.13639831542969,80.69999694824219,82.19999694824219,77.94000244140625,82.19999694824219,66947441
2024-10-04,81.48989868164062,83.0999984741211,83.22000122070312,79.54000091552734,80.62000274658203,115059833
2024-10-07,83.5688247680664,85.22000122070312,85.33999633789062,83.19999694824219,84.05999755859375,47598710
2024-10-08,74.50785827636719,75.9800033569336,84.5999984741211,75.5999984741211,84.5999984741211,247733622
2024-10-09,73.56645202636719,75.0199966430664,78.26000213623047,73.4000015258789,77.73999786376953,103559812
2024-10-10,76.19452667236328,77.69999694824219,79.31999969482422,76.5,77.36000061035156,54482093
2024-10-14,75.76305389404297,77.26000213623047,78.30000305175781,75.63999938964844,77.54000091552734,48661961
2024-10-15,72.76234436035156,74.19999694824219,77.27999877929688,73.62000274658203,77.27999877929688,183526981
2024-10-16,72.7231216430664,74.16000366210938,75.13999938964844,73.5,73.95999908447266,75823129
2024-10-17,71.68365478515625,73.0999984741211,76.08000183105469,72.80000305175781,74.9000015258789,92028187
2024-10-18,74.72358703613281,76.19999694824219,76.77999877929688,73.0,73.0,77247620
2024-10-21,73.42916107177734,74.87999725341797,76.30000305175781,74.5999984741211,76.19999694824219,49005800
2024-10-22,73.52722930908203,74.9800033569336,75.5999984741211,74.5,74.5,53537545
2024-10-23,74.80204010009766,76.27999877929688,76.9800033569336,74.83999633789062,75.0999984741211,89266525
2024-10-24,73.52722930908203,74.9800033569336,75.80000305175781,74.87999725341797,75.5999984741211,94336354
2024-10-25,74.15483093261719,75.62000274658203,76.0999984741211,75.12000274658203,75.33999633789062,48330000
2024-10-28,73.89986419677734,75.36000061035156,75.62000274658203,74.54000091552734,75.62000274658203,32816009
2024-10-29,74.21366882324219,75.68000030517578,76.5,75.12000274658203,76.16000366210938,50604282
2024-10-30,72.78195190429688,74.22000122070312,75.5199966430664,73.86000061035156,75.5,66622409
2024-10-31,72.76234436035156,74.19999694824219,75.04000091552734,74.0199966430664,74.27999877929688,20016802
2024-11-01,73.44878387451172,74.9000015258789,75.54000091552734,74.0,74.0,53079500
2024-11-04,73.64490509033203,75.0999984741211,75.30000305175781,74.5999984741211,75.0,38765700
2024-11-05,75.56692504882812,77.05999755859375,77.05999755859375,74.54000091552734,74.66000366210938,39251472
2024-11-06,73.60567474365234,75.05999755859375,77.0,74.41999816894531,77.0,98642100
2024-11-07,75.33158111572266,76.81999969482422,77.0999984741211,74.23999786376953,74.23999786376953,118183305
2024-11-08,74.60591888427734,76.08000183105469,78.5,75.91999816894531,77.5,113221780
2024-11-11,73.40955352783203,74.86000061035156,75.36000061035156,73.77999877929688,73.9800033569336,131862994
2024-11-12,71.09527587890625,72.5,75.4000015258789,72.33999633789062,74.5999984741211,88400951
2024-11-13,71.13450622558594,72.54000091552734,72.68000030517578,71.68000030517578,72.0,122665969
2024-11-14,69.58512115478516,70.95999908447266,72.69999694824219,70.81999969482422,72.0,97822650
2024-11-15,69.74201965332031,71.12000274658203,71.86000061035156,70.63999938964844,71.13999938964844,45099901
2024-11-18,70.60496520996094,72.0,72.66000366210938,71.31999969482422,71.83999633789062,82669068
2024-11-19,70.87954711914062,72.27999877929688,72.5999984741211,71.5199966430664,72.4800033569336,65275600
2024-11-20,70.84031677246094,72.23999786376953,72.5199966430664,71.72000122070312,71.83999633789062,22749800
2024-11-21,70.27156066894531,71.66000366210938,72.36000061035156,71.45999908447266,71.81999969482422,29478405
2024-11-22,68.76139831542969,70.12000274658203,72.04000091552734,69.80000305175781,71.68000030517578,37611963
2024-11-25,68.50643157958984,69.86000061035156,70.86000061035156,69.68000030517578,70.12000274658203,52979600
2024-11-26,68.15340423583984,69.5,70.41999816894531,69.45999908447266,69.5,53545000
2024-11-27,70.23233032226562,71.62000274658203,71.9000015258789,69.31999969482422,69.69999694824219,75833111
2024-11-28,69.17325592041016,70.54000091552734,71.58000183105469,70.33999633789062,71.58000183105469,50994500
2024-11-29,69.42822265625,70.80000305175781,71.80000305175781,70.33999633789062,70.54000091552734,44410184
2024-12-02,70.13426208496094,71.5199966430664,71.91999816894531,70.66000366210938,70.68000030517578,70110433
2024-12-03,70.62457275390625,72.0199966430664,72.23999786376953,70.5999984741211,71.5199966430664,52404614
2024-12-04,70.72264099121094,72.12000274658203,72.62000274658203,71.5999984741211,71.94000244140625,59551200
2024-12-05,70.01659393310547,71.4000015258789,72.0,71.0999984741211,72.0,26393800
2024-12-06,71.4286880493164,72.83999633789062,73.0,71.5199966430664,71.95999908447266,64590589
2024-12-09,73.38993835449219,74.83999633789062,75.22000122070312,72.08000183105469,72.5999984741211,92250009
2024-12-10,73.01730346679688,74.45999908447266,77.5,74.4000015258789,76.80000305175781,110211913
2024-12-11,72.4289321899414,73.86000061035156,75.23999786376953,73.63999938964844,74.66000366210938,62084995
2024-12-12,73.48800659179688,74.94000244140625,75.55999755859375,73.80000305175781,74.0,63550377
2024-12-13,71.68365478515625,73.0999984741211,74.27999877929688,73.04000091552734,74.0999984741211,89625367
2024-12-16,71.2325668334961,72.63999938964844,73.55999755859375,72.4000015258789,73.0999984741211,114818400
2024-12-17,71.03644561767578,72.44000244140625,73.31999969482422,72.08000183105469,72.22000122070312,23270600
2024-12-18,71.64442443847656,73.05999755859375,73.5199966430664,72.91999816894531,72.94000244140625,34015300
2024-12-19,71.4679183959961,72.87999725341797,73.26000213623047,71.87999725341797,71.87999725341797,89578400
2024-12-20,71.33062744140625,72.73999786376953,73.4000015258789,72.4000015258789,72.4000015258789,87144500
2024-12-23,72.09551239013672,73.5199966430664,73.72000122070312,72.77999877929688,73.27999877929688,67688928
2024-12-24,73.05653381347656,74.5,74.5,74.5,74.5,0
2024-12-27,72.9584732055664,74.4000015258789,74.83999633789062,73.95999908447266,74.58000183105469,69187400
2024-12-30,72.62505340576172,74.05999755859375,74.87999725341797,73.9000015258789,74.4000015258789,56280840
2024-12-31,72.91924285888672,74.36000061035156,74.36000061035156,74.36000061035156,74.36000061035156,0
2025-01-02,70.95799255371094,72.36000061035156,74.27999877929688,72.26000213623047,74.27999877929688,130730200
2025-01-03,71.82093811035156,73.23999786376953,73.68000030517578,72.41999816894531,72.63999938964844,120437175
2025-01-06,71.62481689453125,73.04000091552734,73.55999755859375,72.76000213623047,73.4000015258789,89632600
2025-01-07,70.66380310058594,72.05999755859375,72.86000061035156,71.13999938964844,72.36000061035156,84177000
2025-01-08,70.09504699707031,71.4800033569336,72.4000015258789,70.83999633789062,71.86000061035156,66033464
2025-01-09,69.95775604248047,71.33999633789062,72.05999755859375,71.27999877929688,71.55999755859375,61667243
2025-01-10,69.17325592041016,70.54000091552734,71.86000061035156,70.44000244140625,71.36000061035156,121579303
2025-01-13,68.70256042480469,70.05999755859375,70.22000122070312,69.18000030517578,70.0199966430664,85319875
2025-01-14,70.17349243164062,71.55999755859375,71.9800033569336,70.13999938964844,70.19999694824219,127277150
2025-01-15,70.38922882080078,71.77999877929688,71.9000015258789,71.23999786376953,71.27999877929688,78458681
2025-01-16,71.31101989746094,72.72000122070312,73.19999694824219,71.87999725341797,72.0,85958878
2025-01-17,71.31101989746094,72.72000122070312,72.9800033569336,72.13999938964844,72.5999984741211,74398600
2025-01-20,72.64466857910156,74.08000183105469,74.77999877929688,73.54000091552734,73.58000183105469,102202459
2025-01-21,73.48800659179688,74.94000244140625,75.33999633789062,74.0199966430664,74.80000305175781,101151120
2025-01-22,72.0170669555664,73.44000244140625,74.54000091552734,73.31999969482422,74.0999984741211,111691880
2025-01-23,71.9386215209961,73.36000061035156,74.69999694824219,73.0999984741211,73.77999877929688,72687120
2025-01-24,73.46839141845703,74.91999816894531,75.19999694824219,73.4800033569336,73.58000183105469,98753546
2025-01-27,74.1744384765625,75.63999938964844,76.04000091552734,75.12000274658203,75.18000030517578,78218819
2025-01-28,74.21366882324219,75.68000030517578,75.68000030517578,75.68000030517578,75.68000030517578,0
2025-02-03,74.21366882324219,75.68000030517578,75.68000030517578,73.63999938964844,75.0199966430664,23771610
2025-02-04,76.78290557861328,78.30000305175781,78.68000030517578,76.18000030517578,76.30000305175781,72479148
2025-02-05,75.90034484863281,77.4000015258789,78.23999786376953,76.4800033569336,78.23999786376953,122101200
2025-02-06,77.1751480102539,78.69999694824219,78.69999694824219,77.16000366210938,77.4000015258789,91006662
2025-02-07,78.1753921508789,79.72000122070312,79.91999816894531,78.31999969482422,78.69999694824219,80368200
2025-02-10,79.68555450439453,81.26000213623047,81.44000244140625,79.72000122070312,79.72000122070312,136562061
2025-02-11,78.68531036376953,80.23999786376953,81.81999969482422,80.22000122070312,81.63999938964844,132906816
2025-02-12,80.88191986083984,82.4800033569336,82.5,80.55999755859375,80.55999755859375,104860501
2025-02-13,80.15625,81.73999786376953,84.9000015258789,81.58000183105469,82.76000213623047,201548339
2025-02-14,83.5688247680664,85.22000122070312,85.22000122070312,82.66000366210938,82.66000366210938,162464451
2025-02-17,83.4511489868164,85.0999984741211,86.62000274658203,84.0,85.16000366210938,139020883
2025-02-18,85.09859466552734,86.77999877929688,87.37999725341797,85.19999694824219,85.30000305175781,147967863
2025-02-19,84.96131134033203,86.63999938964844,86.73999786376953,85.23999786376953,85.83999633789062,109154697
2025-02-20,83.39231872558594,85.04000091552734,86.30000305175781,84.58000183105469,85.91999816894531,111985940
2025-02-21,86.92256164550781,88.63999938964844,88.66000366210938,86.44000244140625,86.95999908447266,127058056
2025-02-24,86.49108123779297,88.19999694824219,89.66000366210938,87.55999755859375,88.54000091552734,163225624
2025-02-25,85.25550079345703,86.94000244140625,87.91999816894531,85.80000305175781,85.83999633789062,140079556
2025-02-26,88.11892700195312,89.86000061035156,90.81999969482422,87.69999694824219,87.69999694824219,166198909
2025-02-27,87.62860870361328,89.36000061035156,91.13999938964844,88.30000305175781,89.80000305175781,223819645
2025-02-28,84.43177032470703,86.0999984741211,88.9800033569336,85.5999984741211,88.69999694824219,173357900
2025-03-03,84.41216278076172,86.08000183105469,87.86000061035156,85.5199966430664,86.77999877929688,223777709
2025-03-04,83.9218521118164,85.58000183105469,86.08000183105469,84.0,84.72000122070312,235953918
2025-03-05,86.56953430175781,88.27999877929688,88.54000091552734,86.26000213623047,86.86000061035156,101852648
2025-03-06,89.60946655273438,91.37999725341797,91.68000030517578,89.94000244140625,90.0,164843228
2025-03-07,89.3741226196289,91.13999938964844,92.91999816894531,90.45999908447266,91.0,224080872
2025-03-10,87.56977081298828,89.30000305175781,91.41999816894531,88.68000030517578,91.05999755859375,149694572
2025-03-11,87.90318298339844,89.63999938964844,89.83999633789062,87.44000244140625,87.63999938964844,269089094
2025-03-12,87.07946014404297,88.80000305175781,90.41999816894531,87.9000015258789,89.81999969482422,148710461
2025-03-13,86.6676025390625,88.37999725341797,89.22000122070312,87.22000122070312,88.9000015258789,102657181
2025-03-14,89.07992553710938,90.83999633789062,91.44000244140625,88.72000122070312,89.0,137925493
2025-03-17,89.6683120727539,91.44000244140625,91.9800033569336,90.83999633789062,91.72000122070312,147515577
2025-03-18,92.002197265625,93.81999969482422,93.94000244140625,92.62000274658203,93.0,83658835
2025-03-19,91.90413665771484,93.72000122070312,94.26000213623047,93.0999984741211,93.87999725341797,165625449
2025-03-20,90.23706817626953,92.0199966430664,93.5199966430664,91.44000244140625,93.5199966430664,193812215
2025-03-21,87.72666931152344,89.45999908447266,91.72000122070312,89.0999984741211,91.19999694824219,163604286
2025-03-24,88.60923767089844,90.36000061035156,90.81999969482422,88.86000061035156,89.5,144518317
2025-03-25,86.51069641113281,88.22000122070312,89.81999969482422,88.0199966430664,89.30000305175781,101861427
2025-03-26,86.80487823486328,88.5199966430664,89.05999755859375,87.95999908447266,88.54000091552734,119091215
2025-03-27,86.98139190673828,88.69999694824219,90.0,87.87999725341797,88.5199966430664,124266238
2025-03-28,86.78527069091797,88.5,89.41999816894531,87.26000213623047,89.16000366210938,131432810
2025-03-31,85.31433868408203,87.0,88.27999877929688,86.62000274658203,87.5999984741211,144781113
2025-04-01,85.60852813720703,87.30000305175781,88.5,87.05999755859375,87.18000030517578,188115252
2025-04-02,85.56930541992188,87.26000213623047,88.0,86.4000015258789,87.30000305175781,124454754
2025-04-03,84.37294006347656,86.04000091552734,86.62000274658203,84.83999633789062,85.0999984741211,269059704
2025-04-07,72.68389129638672,74.12000274658203,79.94000244140625,73.66000366210938,78.36000061035156,272858271
2025-04-08,74.13521575927734,75.5999984741211,77.0,74.33999633789062,75.0199966430664,265832963
2025-04-09,75.33158111572266,76.81999969482422,77.9000015258789,72.33999633789062,73.0,242003083
2025-04-10,76.92019653320312,78.44000244140625,80.63999938964844,77.72000122070312,78.0,257033750
2025-04-11,78.31268310546875,79.86000061035156,80.72000122070312,77.72000122070312,78.18000030517578,111850223
2025-04-14,79.92090606689453,81.5,82.0,80.9000015258789,81.83999633789062,16735050
2025-04-15,80.11702728271484,81.69999694824219,82.0199966430664,81.0,81.95999908447266,104752578
2025-04-16,77.97926330566406,79.5199966430664,81.66000366210938,79.0,81.66000366210938,83338200
2025-04-17,79.41098022460938,80.9800033569336,81.04000091552734,79.44000244140625,79.4800033569336,37556933
2025-04-22,79.94050598144531,81.5199966430664,81.66000366210938,80.05999755859375,80.68000030517578,206767306
2025-04-23,81.509521484375,83.12000274658203,83.63999938964844,82.33999633789062,83.5999984741211,201920018
2025-04-24,80.88191986083984,82.4800033569336,83.19999694824219,81.77999877929688,83.0199966430664,48528037
2025-04-25,81.25454711914062,82.86000061035156,83.91999816894531,82.62000274658203,83.0,88342340
2025-04-28,81.21532440185547,82.81999969482422,83.19999694824219,82.08000183105469,83.18000030517578,74009054
2025-04-29,81.01920318603516,82.62000274658203,83.73999786376953,82.44000244140625,83.27999877929688,74141000
2025-04-30,81.43106079101562,83.04000091552734,83.04000091552734,81.68000030517578,82.62000274658203,137897500
2025-05-02,82.94122314453125,84.58000183105469,84.69999694824219,82.77999877929688,83.4800033569336,110923300
2025-05-06,83.23540496826172,84.87999725341797,85.26000213623047,83.86000061035156,84.87999725341797,121755753
2025-05-07,83.00006103515625,84.63999938964844,87.13999938964844,84.63999938964844,85.30000305175781,145974510
2025-05-08,83.54920959472656,85.19999694824219,86.08000183105469,84.45999908447266,84.63999938964844,123761801
2025-05-09,83.72572326660156,85.37999725341797,85.58000183105469,84.68000030517578,85.44000244140625,39447318
2025-05-12,86.29496002197266,88.0,88.5,85.5999984741211,86.68000030517578,149912380
2025-05-13,84.41216278076172,86.08000183105469,87.68000030517578,86.0,87.68000030517578,108861143
2025-05-14,86.49108123779297,88.19999694824219,88.23999786376953,86.55999755859375,86.55999755859375,59846114
2025-05-15,85.76542663574219,87.45999908447266,88.55999755859375,87.23999786376953,88.19999694824219,128318356
2025-05-16,85.39278411865234,87.08000183105469,87.31999969482422,86.4800033569336,87.0199966430664,107545805
2025-05-19,85.37317657470703,87.05999755859375,87.41999816894531,85.9000015258789,86.5,83502236
2025-05-20,86.6676025390625,88.37999725341797,88.55999755859375,87.13999938964844,87.13999938964844,112523606
2025-05-21,87.43248748779297,89.16000366210938,89.5,88.37999725341797,88.37999725341797,129205916
2025-05-22,86.78527069091797,88.5,89.05999755859375,87.80000305175781,88.95999908447266,76272919
2025-05-23,86.62837219238281,88.33999633789062,89.05999755859375,87.95999908447266,88.87999725341797,126820485
2025-05-26,85.1966552734375,86.87999725341797,88.26000213623047,86.66000366210938,88.26000213623047,173667200
2025-05-27,85.4908447265625,87.18000030517578,87.33999633789062,86.27999877929688,86.66000366210938,86724612
2025-05-28,85.21627044677734,86.9000015258789,87.63999938964844,86.62000274658203,87.30000305175781,86231967
2025-05-29,86.4322509765625,88.13999938964844,88.27999877929688,86.5999984741211,87.0,70522155
2025-05-30,85.15743255615234,86.83999633789062,87.23999786376953,86.23999786376953,87.12000274658203,83081929
2025-06-02,84.37294006347656,86.04000091552734,86.05999755859375,84.0999984741211,85.63999938964844,108656682
2025-06-03,86.00077056884766,87.69999694824219,87.72000122070312,86.5,86.5,126495276
2025-06-04,86.62837219238281,88.33999633789062,88.66000366210938,87.4800033569336,87.68000030517578,48544755
2025-06-05,87.64822387695312,89.37999725341797,89.37999725341797,88.66000366210938,88.80000305175781,94323280
2025-06-06,87.4717025756836,89.19999694824219,89.5999984741211,88.81999969482422,89.44000244140625,68174852
2025-06-09,88.80535888671875,90.55999755859375,90.58000183105469,89.63999938964844,89.68000030517578,74565039
2025-06-10,88.72691345214844,90.4800033569336,91.04000091552734,89.80000305175781,90.55999755859375,154661687
2025-06-11,89.7271499633789,91.5,91.83999633789062,90.5,90.5,149454511
2025-06-12,88.5307846069336,90.27999877929688,91.4800033569336,90.18000030517578,90.87999725341797,86607920
2025-06-13,87.62860870361328,89.36000061035156,90.36000061035156,89.0999984741211,89.5999984741211,161872117
2025-06-16,88.60923767089844,90.36000061035156,90.58000183105469,88.80000305175781,89.0199966430664,93158000
2025-06-17,88.23660278320312,89.9800033569336,90.5999984741211,89.58000183105469,90.5,72377024
2025-06-18,87.21675109863281,88.94000244140625,89.68000030517578,88.63999938964844,89.68000030517578,79526060
2025-06-19,85.37317657470703,87.05999755859375,88.94000244140625,86.81999969482422,88.94000244140625,100841600
2025-06-20,86.51069641113281,88.22000122070312,88.22000122070312,87.0999984741211,87.0999984741211,53497081
2025-06-23,87.2559814453125,88.9800033569336,88.9800033569336,87.27999877929688,87.41999816894531,77870800
2025-06-24,88.92303466796875,90.68000030517578,90.9000015258789,89.4800033569336,89.4800033569336,85962494
2025-06-25,89.94288635253906,91.72000122070312,92.0199966430664,90.80000305175781,90.80000305175781,149188823
2025-06-26,89.3741226196289,91.13999938964844,91.69999694824219,90.80000305175781,91.69999694824219,66630960
2025-06-27,89.07567596435547,89.54000091552734,90.58000183105469,89.16000366210938,90.58000183105469,141165680
2025-06-30,87.96147918701172,88.41999816894531,89.54000091552734,88.41999816894531,89.54000091552734,116837033
2025-07-02,88.5384750366211,89.0,89.87999725341797,88.76000213623047,89.62000274658203,79735500
2025-07-03,88.00127410888672,88.45999908447266,89.41999816894531,88.0,89.30000305175781,91212855
2025-07-04,87.66304016113281,88.12000274658203,88.80000305175781,87.16000366210938,87.9800033569336,115638700
2025-07-07,87.56355285644531,88.0199966430664,88.18000030517578,87.26000213623047,88.0,95219000
2025-07-08,88.69764709472656,89.16000366210938,89.18000030517578,87.95999908447266,87.95999908447266,58461864
2025-07-09,87.54366302490234,88.0,89.0999984741211,87.83999633789062,89.0999984741211,77505922
2025-07-10,88.29972076416016,88.76000213623047,89.0199966430664,87.72000122070312,87.9000015258789,58904950
2025-07-11,88.8966064453125,89.36000061035156,90.5199966430664,88.62000274658203,88.62000274658203,162600356
2025-07-14,89.0159912109375,89.4800033569336,89.63999938964844,88.87999725341797,88.87999725341797,79440942
2025-07-15,90.50820922851562,90.9800033569336,90.9800033569336,89.0199966430664,89.68000030517578,107941971
2025-07-16,90.20976257324219,90.68000030517578,92.05999755859375,90.68000030517578,91.22000122070312,119509048
2025-07-17,90.28935241699219,90.76000213623047,91.36000061035156,90.4000015258789,90.80000305175781,75218712
2025-07-18,91.52291870117188,92.0,92.0,91.0999984741211,91.45999908447266,103955135
2025-07-21,92.11980438232422,92.5999984741211,92.83999633789062,91.94000244140625,92.5,83214743
2025-07-22,92.33866882324219,92.81999969482422,92.95999908447266,91.87999725341797,92.5999984741211,87763129
2025-07-23,94.00995635986328,94.5,94.66000366210938,93.27999877929688,93.4000015258789,138901878
2025-07-24,94.16912841796875,94.66000366210938,95.19999694824219,94.37999725341797,94.55999755859375,110804768
2025-07-25,93.134521484375,93.62000274658203,94.31999969482422,93.4000015258789,94.26000213623047,176666435
2025-07-28,93.4528579711914,93.94000244140625,94.54000091552734,93.5999984741211,93.83999633789062,100698766
2025-07-29,93.21410369873047,93.69999694824219,93.94000244140625,92.58000183105469,93.94000244140625,82459270
2025-07-30,92.00043487548828,92.4800033569336,93.58000183105469,92.08000183105469,93.04000091552734,123327458
2025-07-31,90.46842193603516,90.94000244140625,91.81999969482422,90.81999969482422,91.68000030517578,151032780
2025-08-01,89.61287689208984,90.08000183105469,91.36000061035156,90.08000183105469,90.94000244140625,59589250
2025-08-04,90.50820922851562,90.9800033569336,91.08000183105469,89.5999984741211,90.04000091552734,115353353
2025-08-05,91.04540252685547,91.5199966430664,91.62000274658203,90.80000305175781,91.22000122070312,64997984
2025-08-06,90.84644317626953,91.31999969482422,91.80000305175781,91.0,91.45999908447266,26208710
2025-08-07,91.44332885742188,91.91999816894531,92.0199966430664,90.81999969482422,91.5999984741211,64037137
2025-08-08,90.6872787475586,91.16000366210938,91.69999694824219,90.9000015258789,91.69999694824219,70052682
2025-08-11,90.44851684570312,90.91999816894531,91.33999633789062,90.54000091552734,91.19999694824219,68113388
2025-08-12,90.76686096191406,91.23999786376953,91.5,90.54000091552734,90.76000213623047,85195552
2025-08-13,93.27379608154297,93.76000213623047,93.76000213623047,91.80000305175781,91.80000305175781,75402258
2025-08-14,92.83607482910156,93.31999969482422,94.44000244140625,93.23999786376953,93.81999969482422,54538195
2025-08-15,91.92084503173828,92.4000015258789,92.66000366210938,91.9800033569336,92.55999755859375,148183316
2025-08-18,91.92084503173828,92.4000015258789,93.66000366210938,92.4000015258789,92.68000030517578,150803994
2025-08-19,91.58260345458984,92.05999755859375,92.72000122070312,91.87999725341797,92.5,120418013
2025-08-20,91.60250854492188,92.08000183105469,92.4000015258789,91.23999786376953,91.5999984741211,135190901
2025-08-21,91.32395935058594,91.80000305175781,92.19999694824219,91.33999633789062,91.9800033569336,72272478
2025-08-22,92.35855865478516,92.83999633789062,92.9000015258789,92.0,92.0,112381781
2025-08-25,94.12933349609375,94.62000274658203,94.95999908447266,93.68000030517578,93.9000015258789,114247092
2025-08-26,93.01513671875,93.5,94.68000030517578,93.5,94.0,114749132
2025-08-27,91.82136535644531,92.30000305175781,94.12000274658203,92.08000183105469,93.68000030517578,185978376
2025-08-28,90.76686096191406,91.23999786376953,92.4000015258789,90.5,92.4000015258789,198658376
2025-08-29,91.14488983154297,91.62000274658203,92.4000015258789,91.4800033569336,91.69999694824219,100145479
2025-09-01,92.95545196533203,93.44000244140625,93.66000366210938,92.83999633789062,93.0199966430664,100327880
2025-09-02,92.7365951538086,93.22000122070312,94.0999984741211,92.87999725341797,93.33999633789062,212108269
2025-09-03,92.23918914794922,92.72000122070312,94.44000244140625,92.41999816894531,94.0,145169556
2025-09-04,91.12499237060547,91.5999984741211,93.36000061035156,91.31999969482422,93.36000061035156,121611687
2025-09-05,92.35855865478516,92.83999633789062,93.05999755859375,91.63999938964844,91.69999694824219,105848926
2025-09-08,92.93555450439453,93.41999816894531,93.63999938964844,92.54000091552734,92.83999633789062,33277950
2025-09-09,94.22881317138672,94.72000122070312,95.19999694824219,93.63999938964844,93.66000366210938,49460956
2025-09-10,95.2236328125,95.72000122070312,96.19999694824219,94.80000305175781,94.80000305175781,40189253
2025-09-11,94.7063217163086,95.19999694824219,95.83999633789062,94.37999725341797,95.5,133503294
2025-09-12,95.5817642211914,96.08000183105469,97.0199966430664,96.0199966430664,96.55999755859375,171417208
2025-09-15,95.84040832519531,96.33999633789062,96.81999969482422,95.76000213623047,96.08000183105469,113007151
2025-09-16,95.91999816894531,96.41999816894531,97.04000091552734,95.91999816894531,96.58000183105469,81966546
2025-09-17,97.9800033569336,97.9800033569336,98.22000122070312,96.37999725341797,96.37999725341797,139660015
2025-09-18,96.58000183105469,96.58000183105469,98.76000213623047,95.72000122070312,97.83999633789062,129891558
2025-09-19,97.19999694824219,97.19999694824219,97.22000122070312,96.22000122070312,96.68000030517578,143628588
2025-09-22,95.76000213623047,95.76000213623047,96.4800033569336,95.19999694824219,96.4800033569336,102054196
2025-09-23,94.80000305175781,94.80000305175781,95.95999908447266,94.31999969482422,95.94000244140625,95528100
2025-09-24,96.45999908447266,96.45999908447266,96.5999984741211,94.5199966430664,94.80000305175781,52205600
2025-09-25,96.5,96.5,97.04000091552734,96.0199966430664,96.5,26836900
2025-09-26,94.95999908447266,94.95999908447266,96.5,94.80000305175781,96.5,131873040
2025-09-29,96.54000091552734,96.54000091552734,96.86000061035156,95.4800033569336,95.4800033569336,136566601
2025-09-30,97.72000122070312,97.72000122070312,97.77999877929688,96.33999633789062,96.9000015258789,68140283
2025-10-02,99.30000305175781,99.30000305175781,99.86000061035156,97.73999786376953,97.73999786376953,43438560
2025-10-03,98.62000274658203,98.62000274658203,99.4800033569336,97.95999908447266,99.4800033569336,45762638
2025-10-06,97.77999877929688,97.77999877929688,98.55999755859375,97.4000015258789,98.54000091552734,22403099
2025-10-08,97.18000030517578,97.18000030517578,97.77999877929688,96.05999755859375,97.77999877929688,63960468
2025-10-09,97.4800033569336,97.4800033569336,98.30000305175781,96.4000015258789,97.5,92403471
2025-10-10,95.5999984741211,95.5999984741211,96.77999877929688,95.4000015258789,96.5,94161304
2025-10-13,94.22000122070312,94.22000122070312,94.22000122070312,92.04000091552734,93.4000015258789,215719406
2025-10-14,92.83999633789062,92.83999633789062,94.95999908447266,92.27999877929688,94.30000305175781,152215764
2025-10-15,94.4000015258789,94.4000015258789,94.73999786376953,93.19999694824219,93.86000061035156,152225885
2025-10-16,94.54000091552734,94.54000091552734,95.23999786376953,93.80000305175781,94.22000122070312,39218105
2025-10-17,91.83999633789062,91.83999633789062,94.5,91.58000183105469,94.45999908447266,49220444
2025-10-20,94.0999984741211,94.0999984741211,94.69999694824219,93.72000122070312,94.30000305175781,110314970
2025-10-21,95.0,95.0,96.41999816894531,95.0,95.0,91819699
2025-10-22,94.30000305175781,94.30000305175781,94.69999694824219,93.5,94.5,96478244
2025-10-23,94.91999816894531,94.91999816894531,95.4000015258789,93.41999816894531,93.91999816894531,39115648
2025-10-24,95.65380096435547,95.65380096435547,95.65380096435547,95.65380096435547,95.65380096435547,0
2025-10-27,96.5999984741211,96.5999984741211,96.87999725341797,96.04000091552734,96.77999877929688,105349153
2025-10-28,95.77999877929688,95.77999877929688,96.87999725341797,95.5,96.81999969482422,75589823
2025-10-30,95.44000244140625,95.44000244140625,96.81999969482422,94.9000015258789,96.30000305175781,110324267
2025-10-31,93.68000030517578,93.68000030517578,95.5,93.68000030517578,95.5,97437750
2025-11-03,94.45999908447266,94.45999908447266,94.9000015258789,93.68000030517578,93.68000030517578,77137479
2025-11-04,93.62000274658203,93.62000274658203,95.0999984741211,93.5199966430664,94.41999816894531,75545256
2025-11-05,93.58000183105469,93.58000183105469,93.77999877929688,92.0,92.83999633789062,170007130
2025-11-06,95.54000091552734,95.54000091552734,95.69999694824219,93.94000244140625,93.94000244140625,49759400
2025-11-07,94.69999694824219,94.69999694824219,95.23999786376953,94.41999816894531,95.18000030517578,38824064
2025-11-10,96.36000061035156,96.36000061035156,96.54000091552734,94.91999816894531,95.0199966430664,16747067
2025-11-11,96.66000366210938,96.66000366210938,96.95999908447266,95.86000061035156,96.80000305175781,116009653
2025-11-12,97.33999633789062,97.33999633789062,97.86000061035156,96.83999633789062,97.0,51439203
2025-11-13,97.94000244140625,97.94000244140625,98.54000091552734,96.68000030517578,96.91999816894531,207969711
2025-11-14,96.05999755859375,96.05999755859375,97.27999877929688,95.9000015258789,96.5999984741211,101149726
2025-11-17,95.44000244140625,95.44000244140625,96.0,94.83999633789062,96.0,82251450
2025-11-18,93.5199966430664,93.5199966430664,95.08000183105469,93.30000305175781,95.08000183105469,32355051
2025-11-19,93.5,93.5,94.37999725341797,93.13999938964844,93.5999984741211,53967000
2025-11-20,93.44000244140625,93.44000244140625,94.23999786376953,92.77999877929688,94.0,68869719
2025-11-21,91.0199966430664,91.0199966430664,92.80000305175781,90.91999816894531,92.80000305175781,50217185
2025-11-24,92.63999938964844,92.63999938964844,92.95999908447266,91.44000244140625,91.08000183105469,44211231
2025-11-25,93.5,93.5,94.12000274658203,92.95999908447266,93.44000244140625,64605670
2025-11-26,93.54000091552734,93.54000091552734,94.44000244140625,93.54000091552734,94.19999694824219,88675546
2025-11-27,93.62000274658203,93.62000274658203,94.36000061035156,93.12000274658203,93.54000091552734,45548373
2025-11-28,93.36000061035156,93.36000061035156,93.9800033569336,93.05999755859375,93.9800033569336,41926101
2025-12-01,93.58000183105469,93.58000183105469,94.26000213623047,93.19999694824219,93.5,129127430
2025-12-02,93.76000213623047,93.76000213623047,94.55999755859375,93.45999908447266,93.9800033569336,67467381
2025-12-03,92.4000015258789,92.4000015258789,93.5199966430664,92.27999877929688,93.5199966430664,74448556
2025-12-04,93.33999633789062,93.33999633789062,93.62000274658203,92.23999786376953,92.77999877929688,84003100
2025-12-05,94.26000213623047,94.26000213623047,94.5,92.77999877929688,92.83999633789062,93438204
2025-12-08,93.16000366210938,93.16000366210938,94.5199966430664,93.0999984741211,94.30000305175781,70879880
2025-12-09,91.5,91.5,93.23999786376953,91.41999816894531,93.19999694824219,106984402
2025-12-10,91.68000030517578,91.68000030517578,91.68000030517578,90.86000061035156,91.5,93062413
2025-12-11,91.58000183105469,91.58000183105469,92.54000091552734,91.30000305175781,92.18000030517578,134921508
2025-12-12,92.95999908447266,92.95999908447266,93.16000366210938,92.0,92.5199966430664,67353341
2025-12-15,91.4000015258789,91.4000015258789,92.31999969482422,91.31999969482422,92.22000122070312,84179901
2025-12-16,89.72000122070312,89.72000122070312,91.19999694824219,89.26000213623047,91.19999694824219,68160750
2025-12-17,90.5999984741211,90.5999984741211,90.9000015258789,89.58000183105469,90.0,88519751
2025-12-18,90.5999984741211,90.5999984741211,90.76000213623047,89.72000122070312,90.05999755859375,64679401
2025-12-19,91.22000122070312,91.22000122070312,91.5,90.5999984741211,90.5999984741211,199781264
2025-12-22,91.5199966430664,91.5199966430664,91.91999816894531,91.13999938964844,91.76000213623047,54576700
2025-12-23,91.27999877929688,91.27999877929688,92.12000274658203,91.18000030517578,91.87999725341797,47379068
2025-12-24,91.30000305175781,91.30000305175781,91.30000305175781,91.30000305175781,91.30000305175781,0
2025-12-29,91.13999938964844,91.13999938964844,92.77999877929688,91.05999755859375,91.80000305175781,135235271
2025-12-30,92.0199966430664,92.0199966430664,92.4000015258789,91.13999938964844,91.22000122070312,154276874
2025-12-31,91.19999694824219,91.19999694824219,91.19999694824219,91.19999694824219,91.19999694824219,0
2026-01-02,93.95999908447266,93.95999908447266,94.08000183105469,91.62000274658203,92.0199966430664,102485700
2026-01-05,93.66000366210938,93.66000366210938,94.22000122070312,93.33999633789062,93.95999908447266,167379643
2026-01-06,94.66000366210938,94.66000366210938,95.45999908447266,94.13999938964844,94.19999694824219,104342766
2026-01-07,93.69999694824219,93.69999694824219,94.87999725341797,93.18000030517578,94.87999725341797,110551360
2026-01-08,92.4800033569336,92.4800033569336,93.26000213623047,91.94000244140625,93.26000213623047,174067269
2026-01-09,92.73999786376953,92.73999786376953,93.26000213623047,92.44000244140625,92.54000091552734,79618529
2026-01-12,94.45999908447266,94.45999908447266,94.45999908447266,92.58000183105469,93.33999633789062,101142831
2026-01-13,94.9000015258789,94.9000015258789,96.27999877929688,94.68000030517578,95.66000366210938,81588542
2026-01-14,95.45999908447266,95.45999908447266,96.0999984741211,94.76000213623047,94.9000015258789,31769450
2026-01-15,95.0199966430664,95.0199966430664,96.30000305175781,94.68000030517578,95.41999816894531,58829631
2026-01-16,94.5199966430664,94.5199966430664,96.0,94.18000030517578,95.73999786376953,79598834
2026-01-19,93.55999755859375,93.55999755859375,94.22000122070312,93.4800033569336,93.72000122070312,101102010
2026-01-20,93.19999694824219,93.19999694824219,93.77999877929688,92.72000122070312,93.63999938964844,87576614
2026-01-21,93.5199966430664,93.5199966430664,93.95999908447266,92.86000061035156,92.9000015258789,137156900
2026-01-22,93.31999969482422,93.31999969482422,94.0999984741211,92.9800033569336,94.0,75671902
2026-01-23,93.94000244140625,93.94000244140625,94.4000015258789,93.5999984741211,94.37999725341797,79055400
2026-01-26,93.66000366210938,93.66000366210938,94.36000061035156,93.22000122070312,94.0,120470901
2026-01-27,94.68000030517578,94.68000030517578,95.05999755859375,93.5999984741211,93.5999984741211,133738564
2026-01-28,97.37999725341797,97.37999725341797,97.44000244140625,95.04000091552734,95.0999984741211,174536859
2026-01-29,97.05999755859375,97.05999755859375,98.30000305175781,96.66000366210938,96.73999786376953,128875464
2026-01-30,95.37999725341797,95.37999725341797,98.0,95.37999725341797,98.0,104094713
2026-02-02,92.86000061035156,92.86000061035156,94.91999816894531,92.0999984741211,94.91999816894531,120182281
2026-02-03,93.68000030517578,93.68000030517578,94.04000091552734,91.4000015258789,93.55999755859375,160156828
2026-02-04,92.68000030517578,92.68000030517578,93.4000015258789,91.77999877929688,92.87999725341797,77537275
2026-02-05,93.0999984741211,93.0999984741211,93.30000305175781,91.30000305175781,91.81999969482422,152333124
2026-02-06,92.5,92.5,93.05999755859375,91.31999969482422,91.5,95743605
2026-02-09,93.94000244140625,93.94000244140625,94.33999633789062,93.5,93.9800033569336,129295813
2026-02-10,94.80000305175781,94.80000305175781,95.45999908447266,94.31999969482422,94.5199966430664,87716082
2026-02-11,94.94000244140625,94.94000244140625,95.23999786376953,94.4800033569336,95.0,66381547
2026-02-12,94.0199966430664,94.0199966430664,94.76000213623047,93.68000030517578,94.76000213623047,77952782
2026-02-13,92.5,92.5,93.22000122070312,91.9800033569336,93.0999984741211,144421269
2026-02-16,93.05999755859375,93.05999755859375,93.05999755859375,93.05999755859375,93.05999755859375,0
2026-02-20,91.72000122070312,91.72000122070312,93.19999694824219,91.5999984741211,93.08000183105469,82057183
2026-02-23,94.22000122070312,94.22000122070312,94.66000366210938,93.0199966430664,93.31999969482422,74743978
2026-02-24,92.27999877929688,92.27999877929688,93.5199966430664,91.91999816894531,93.5199966430664,40586383
2026-02-25,92.83999633789062,92.83999633789062,93.26000213623047,92.31999969482422,93.0199966430664,96826634
2026-02-26,90.13999938964844,90.13999938964844,93.19999694824219,90.13999938964844,93.19999694824219,56046270
2026-02-27,90.91999816894531,90.91999816894531,91.08000183105469,89.9800033569336,90.27999877929688,59283073
2026-03-02,88.95999908447266,88.95999908447266,90.08000183105469,88.33999633789062,89.5199966430664,91010909
2026-03-03,88.08000183105469,88.08000183105469,89.55999755859375,87.91999816894531,89.37999725341797,142979363
2026-03-04,86.94000244140625,86.94000244140625,87.4800033569336,85.62000274658203,87.27999877929688,61629391
2026-03-05,86.41999816894531,86.41999816894531,88.05999755859375,86.26000213623047,87.91999816894531,192697788
2026-03-06,88.27999877929688,88.27999877929688,88.4800033569336,86.4800033569336,86.55999755859375,95549555
2026-03-09,87.72000122070312,87.72000122070312,88.0,85.94000244140625,86.58000183105469,171538003
2026-03-10,89.27999877929688,89.27999877929688,89.27999877929688,88.04000091552734,88.30000305175781,174600378
2026-03-11,88.83999633789062,88.83999633789062,89.9000015258789,88.83999633789062,89.4800033569336,80205699
2026-03-12,89.16000366210938,89.16000366210938,89.5,88.22000122070312,88.5999984741211,68554794
2026-03-13,88.69999694824219,88.69999694824219,89.37999725341797,88.45999908447266,88.45999908447266,94952374
2026-03-16,90.26000213623047,90.26000213623047,90.31999969482422,88.31999969482422,88.91999816894531,118231640
2026-03-17,90.4000015258789,90.4000015258789,91.72000122070312,90.23999786376953,90.41999816894531,114608383
2026-03-18,90.4800033569336,90.4800033569336,90.83999633789062,89.73999786376953,90.30000305175781,78775504
2026-03-19,89.0199966430664,89.0199966430664,89.76000213623047,88.81999969482422,88.81999969482422,139737334
2026-03-20,87.80000305175781,87.80000305175781,89.12000274658203,87.31999969482422,88.58000183105469,147839339
2026-03-23,85.0999984741211,85.0999984741211,86.4000015258789,84.44000244140625,86.4000015258789,171113614
2026-03-24,86.9800033569336,86.9800033569336,87.04000091552734,85.22000122070312,86.04000091552734,181615600
2026-03-25,87.91999816894531,87.91999816894531,88.0999984741211,86.5999984741211,87.54000091552734,136955844
2026-03-26,85.77999877929688,85.77999877929688,87.5999984741211,85.5999984741211,87.5999984741211,64587466
2026-03-27,86.44000244140625,86.44000244140625,87.12000274658203,85.55999755859375,85.76000213623047,206603864
2026-03-30,85.5,85.5,86.22000122070312,84.83999633789062,85.0,171791963
2026-03-31,85.5199966430664,85.5199966430664,86.69999694824219,85.04000091552734,85.26000213623047,105152659
2026-04-01,86.9000015258789,86.9000015258789,87.69999694824219,86.80000305175781,87.0199966430664,120244200
2026-04-02,86.58000183105469,86.58000183105469,87.0,85.77999877929688,86.5,148399900
