,2018,2019,2020,2021,2022,2023,2024,2025,2026
00001,0.0,0.0,0.0,0.0,0.0,0.0,0.0,0.0,0.0
00002,0.0,0.0,0.0,0.0,0.0,0.0,0.0,0.0,0.0
00003,0.0,0.0,0.0,0.0,0.0,0.0,0.0,0.0,0.0
00004,0.0,0.0,0.0,0.0,0.0,0.0,0.0,0.0,0.0
00005,0.0,0.0,0.0,0.0,0.0,0.0,0.0,0.0,0.0
00006,0.0,0.0,0.0,0.0,0.0,0.0,0.0,0.0,0.0
00008,0.0,0.0,0.0,0.0,0.0,0.0,0.0,0.0,0.0
00010,0.0,0.0,0.0,0.0,0.0,0.0,0.0,0.0,0.0
00012,0.0,0.0,0.0,0.0,0.0,0.0,0.0,0.0,0.0
00013,0.0,0.0,0.0,0.0,0.0,0.0,0.0,0.0,0.0
00014,0.0,0.0,0.0,0.0,0.0,0.0,0.0,0.0,0.0
00016,0.0,0.0,0.0,0.0,0.0,0.0,0.0,0.0,0.0
00017,0.0,0.0,0.0,0.0,0.0,0.0,0.0,0.0,0.0
00019,0.0,0.0,0.0,0.0,0.0,0.0,0.0,0.0,0.0
00020,0.0,0.0,0.0,0.0,0.0,0.0,-0.005855123594120897,0.0,0.0
00023,0.0,0.0,0.0,0.0,0.0,0.0,0.0,0.0,0.0
00027,0.0,0.0,0.0,0.0,0.0,0.0,0.0,0.0,0.0
00035,0.0,0.0,0.0,0.0,0.0,0.0,0.0,0.0,0.0
00038,0.0,-0.019119140039331496,-0.0514660957456424,0.0,0.0,0.0,0.0,0.0,0.0
00041,0.0,0.0,0.0,0.0,0.0,0.0,0.0,0.0,0.0
00042,0.0,0.0,0.0,0.0,0.0,0.0,0.0,0.0,0.0
00045,0.0,0.0,0.0,0.0,0.0,0.0,0.0,0.0,0.0
00059,0.0,0.0,0.0,0.0,0.0,0.0,0.0,0.0,0.0
00066,0.0,0.0,0.0,0.0,0.0,0.0,0.0,0.0,0.0
00069,0.0,0.0,0.0,0.0,0.0,0.0,0.0,0.0,0.0
00078,0.0,0.0,0.0,0.0,0.0,0.0,0.0,0.0,0.0
00081,0.006558259467822403,0.015402162614158001,0.0,0.0,0.0,0.0,0.0,0.0,0.0
00083,0.0,0.0,0.0,0.0,0.0,0.0,0.0,0.0,0.0
00086,0.0,0.0,0.0,0.0,0.0,0.0,0.0,0.0,0.0
00087,0.0,0.0,0.0,0.0,0.0,0.0,0.0,0.0,0.0
00095,0.0,0.0,0.0,0.0,0.0,0.0,0.0,0.0,0.0
00101,0.0,0.0,0.0,0.0,0.0,0.0,0.0,0.0,0.0
00107,0.0,0.0,0.0020309075859072,0.0013809520779265003,-0.03259928629789887,0.0011792617107608935,0.0,0.0,0.0
00116,0.0,0.0,0.0,0.0,0.0,0.0,0.0,0.0,0.0
00119,0.0,0.0,0.0,0.0,0.0,0.0,0.0,0.0,0.0
00120,0.0,0.0,0.0,0.0,0.0,0.0,0.0,0.0,0.0
00123,0.0,0.0,0.0,0.0,0.0,0.0,0.0,0.0,0.0
00124,0.0,0.0,0.0,0.0,0.0,0.0,0.0,0.0,0.0
00127,0.0,0.0,0.0,0.0,0.0,0.0,0.0,0.0,0.0
00135,0.0,0.0,0.28910933300523134,0.0,0.0,0.0,0.0,0.0,0.0
00136,0.0,0.0,0.0,0.0,0.0,0.0,0.0,0.0,0.0
00142,0.0,0.0,-0.0023360704179257053,0.0,0.0,0.0,0.0,0.0,0.0
00144,0.0,0.0,0.0,0.0,0.0,0.0,0.0,0.0,0.0
00148,0.0,0.0,0.0,0.0,0.0,0.0,0.0,0.0,0.0
00151,0.0,0.0,0.0,0.0,0.0,0.0,0.0,0.0,0.0
00152,0.0,0.0,0.0,0.0,0.0,0.0,0.0,0.0,0.0
00163,0.0,0.0,0.0,0.0,0.0,0.0,0.0,0.0,0.0
00165,0.0,0.0,0.0,0.0,0.0,0.0,0.0,0.0,0.0
00168,0.0,0.0,0.0,0.0,0.0,0.0,0.0,0.0,0.0
00173,0.0,0.0,0.0,0.0,0.0,0.0,0.0,0.0,0.0
00175,0.0,0.0,0.0,0.0,0.0,0.0,0.0,0.0,0.0
00177,0.0,0.0,0.0,0.0,0.0,0.0,0.0,0.0,0.0
00178,0.0,0.0,0.0,0.0,0.0,0.0,0.0,0.0,0.0
00179,0.0,0.0,0.0,0.0,0.0,0.0,0.0,0.0,0.0
00185,0.0,0.0,0.0,0.0,0.0,0.0,0.0,0.0,0.0
00187,0.0,0.0,0.0,0.0,0.0,0.0,0.0,0.0,0.0
00189,0.0,0.0,0.0,0.0,0.0,0.0,0.0,0.0,0.0
00200,0.0,0.0,0.0,0.0,0.0,0.0,0.0,0.0,0.0
00215,-0.04069485909021089,-0.0092116223952781,-0.0186537799991482,0.058031692691741896,0.0011839869527148026,0.0,-0.004557065251829175,0.0005492343254393836,0.0
00220,0.0,0.0,0.0,0.0,0.0,0.0,0.0,0.0,0.0
00241,0.0,0.0,0.0,0.0,0.0,0.0,0.0,0.0,0.0
00242,0.0,0.0,0.0,0.0,0.0,0.0,0.0,0.0,0.0
00245,0.0,0.0,0.0,0.0,0.0,0.0,0.0,0.0,0.0
00256,0.0,0.0,0.0,0.0,0.0,0.0,0.0,0.0,0.0
00257,0.0,0.0,0.0,0.0,0.0,0.0,0.0,0.0,0.0
00267,0.0,0.0,0.0,0.0,0.0,0.0,0.0,0.0,0.0
00268,0.0,0.0,0.0,0.0,0.0,0.0,0.0,0.0,0.0
00270,0.0,0.0,0.0,0.0,0.0,0.0,0.0,0.0,0.0
00272,0.0,0.0102647407621882,0.0,0.005311456267280804,-0.07801980275980629,-0.003216002265942401,0.0,0.0,0.0
00279,0.0,0.0,0.0,0.0,0.0,0.0,0.0,0.0,0.0
00285,0.0,0.0,0.0,0.0,0.0,0.0,0.0,0.0,0.0
00288,0.0,0.0,0.0,0.0,0.0,0.0,0.0,0.0,0.0
00290,0.0,0.0,0.0,0.0,0.0,0.0,0.0,0.0,0.0
00291,0.0,0.0,0.0,0.0,0.0,0.0,0.0,0.0,0.0
00293,0.0,0.0,0.0,0.0,0.0,0.0,0.0,0.0,0.0
00295,0.0,0.0,0.0,0.0,0.0,0.0,0.0,0.0,0.0
00297,0.0,0.0,0.0,0.0401583593219305,0.041734611858059295,0.0004525467756193049,-0.0170610398335577,0.015396689605508398,0.0
00299,0.0,0.0,0.0,0.0,0.0,0.0,0.0,0.0,0.0
00300,0.0,0.0,0.0,0.0,0.0,0.0,0.0,0.0,0.0
00302,0.0,0.0,0.0,0.0,0.0,0.0,0.0,0.0,0.0
00303,0.0,0.0,0.0,0.0,0.0,0.0,0.0,0.0,0.0
00308,0.0,0.0,0.0,0.0,0.0,0.0,0.0,0.0,0.0
00314,0.0,0.0,0.0,0.0,0.0,0.0,0.0,0.0,0.0
00315,0.0,0.0,0.0,0.0,0.0,0.0,0.0,0.0,0.0
00316,0.0,0.0,0.0,0.0,0.0,0.0,0.0,0.0,0.0
00317,0.0,0.0,0.0,0.0,0.0,0.0,0.0,0.0,0.0
00321,0.0,0.0812423052488493,0.0,-0.0157978895622506,0.0,0.0,-0.0245641506914013,-0.008008685781972209,0.0
00322,0.0,0.0,0.0,0.0,0.0,0.0,0.0,0.0,0.0
00323,0.0,0.0,0.0,0.0,0.0,0.0,0.0,0.0,0.0
00325,0.0,0.0,0.0,0.0,0.0,0.0,0.0,0.0,0.0
00327,0.0,0.0006720382408110965,0.039939002452304105,0.0,0.0,0.0,0.0,0.0,0.0
00330,0.0,0.0,0.0,0.0,0.0,0.0,0.0,0.0,0.0
00336,0.0,0.0,0.0,0.0,0.0,0.0,0.0,0.0,0.0
00337,-0.0224801986832645,0.0,0.0,0.0,0.0,0.0,0.0,0.0,0.0
00338,0.0,0.0,0.0,0.0,0.0,0.0,0.0,0.0,0.0201981417809096
00341,0.0,0.0,0.0,0.0,0.0,0.0,0.0,0.0,0.0
00345,0.0,0.0,0.0,0.0,0.0,0.0,0.0,0.0,0.0
00347,0.0,0.0,0.0,0.0,0.0,0.0,0.0,0.0,0.0
00354,0.0,0.0,0.0,0.0,0.0,0.0,0.0,0.0,0.0
00358,0.0,0.0,0.0,0.0,0.0,0.0,0.0,0.0,0.0
00363,0.0,0.0,0.0,0.0,0.0,0.0,0.0,0.0,0.0
00368,0.0,0.0,0.0,0.0,0.0,0.0,0.0,0.0,0.0
00371,0.0,0.0,0.0,0.0,0.0,-0.0075590261431959,0.0,0.0,0.0
00384,0.0,0.0,0.0,0.0,0.0,0.0,0.0,0.0,0.0
00386,0.0,0.0,0.0,0.0,0.0,0.0,0.0,0.0,0.0
00388,0.0,0.0,0.0,0.0,0.0,0.0,0.0,0.0,0.0
00390,0.0,0.0,0.0,0.0,0.0,0.0,0.0,0.0,0.0
00392,0.0,0.0,0.0,0.0,0.0,0.0,0.0,0.0,0.0
00400,0.0,0.0,0.0,0.0,0.0,0.0,0.0,0.0,0.0
00405,0.0,0.0,0.0,0.0,0.0,-0.0142955193304549,-0.0033578629556422004,0.0030297865317706544,0.0
00410,0.0,0.0,0.0,0.0,0.0,0.0,0.0,0.0,0.0
00412,0.0,0.0,0.0,0.0,0.0,0.0,0.0,0.0,0.0
00419,0.0,0.0,0.0,0.0,0.0,0.0,0.0,0.0,0.0
00425,0.0,0.0,0.0,0.0,0.0,0.0,0.0,0.0,0.0
00432,0.0,0.0,0.0,0.0,0.0,0.0,0.0,0.0,0.0
00439,0.0,0.0,0.0,0.0,0.0,0.0,0.0,0.0,0.0
00440,0.0,0.0,0.0,0.0,0.0,0.0,0.0,0.0,0.0
00451,0.0,0.0,0.0,0.0,0.0,0.0,0.0,-0.0170887497825088,0.0
00460,0.0,0.0,0.0,0.0,0.0,0.0,0.0,0.0,0.0
00467,0.0357718578033949,0.0,0.0,0.0,-0.0397170211403323,0.020324666672795963,0.0,0.0,0.0
00468,0.0,0.0,0.0,0.0,0.02565470424562001,0.0,0.0,0.0,0.0
00470,0.0,0.0,0.0,0.0,0.0,0.0,0.0,0.0,0.0
00480,0.0,0.0,0.0,0.0,0.0,0.0,0.0,0.0,0.0
00488,0.0,0.0,0.0,0.0,0.0,0.0,0.0,0.0,0.0
00493,0.0,0.0,0.0,0.0,0.0,0.0,0.0,0.0,0.0
00496,0.0,0.0,0.0,0.0,0.0,0.0,0.0,0.0,0.0
00501,0.0,0.0,0.0,0.0,0.0,0.0,0.0,0.0,0.0
00506,0.0,0.0,0.0,0.0,0.0,0.0,0.0,0.0,0.0
00508,0.0,0.0,0.0,0.0,0.0,0.0,0.0,0.0,0.0
00511,0.0,0.0,0.0,0.0,0.0,0.0,0.0,0.0,0.0
00512,0.0,0.0,0.0,0.0,0.0,0.0,0.0,0.0,0.0
00517,-0.040641760262627856,0.0,0.0,-0.0015103917211899006,0.0546906148443874,0.03207479103782665,0.0,0.0,0.0
00520,0.0,0.0,0.0,0.0,0.0,0.0,0.0,-0.018801592050028598,-0.004788142122299137
00522,0.0,0.0,0.0,0.0,0.0,0.0,0.0,0.0,0.0
00525,0.0,0.0,0.0,0.0,0.0,0.0,0.0,0.0,0.0
00535,0.0,0.0,0.0597293579722629,0.0,-0.01196411008197477,0.0,0.0,0.0,0.0
00546,-0.06168438488468331,0.0573472183992111,-0.06433154693180229,0.010565138258030798,-0.0421720107956374,0.0,0.0,0.0,0.0
00547,0.0,0.0,0.0,0.0,0.0,0.0,0.0,0.0,0.0
00548,0.0,0.0,0.0,0.0,0.0,0.0,0.0,0.0,0.0
00551,0.0,0.0,0.0,0.0,0.0,0.0,0.0,0.0,0.0
00552,0.0,0.0,0.0,0.0,0.0,0.0,0.0,0.0,0.0
00553,0.0,0.0,0.0,0.0,0.0,0.0,0.0,0.0,0.0
00558,0.0,0.0,0.0,0.0,0.0,0.0,0.0,0.0,0.0
00563,0.0,0.0,0.0,0.0,0.0,0.0,0.0,0.0,0.0
00564,0.0,0.0,0.0,0.0,0.0,0.0,0.0,0.0,0.0
00568,0.0,0.0,0.0,0.0,0.0,0.0,0.0,0.0,0.0
00570,0.0,0.0,0.0,0.0,0.0,0.0,0.0,0.0,0.0
00576,0.0,0.0,0.0,0.0,0.0,0.0,0.0,0.0,0.0
00579,0.0157743498789223,-0.0224191320409655,0.0,0.0,0.0,0.008159197433561197,0.0,0.0,0.0
00581,0.0,0.0,0.0,0.0,0.0,0.019874568290059198,0.0,-0.022896382389047922,0.0
00582,0.0,0.0,0.0,0.0,0.0,0.0,0.0,0.0,0.0
00586,0.0,0.0,0.0,0.0,0.0,0.0,0.0,0.0,0.0
00587,0.0,0.0,0.0,0.0,0.0,0.0,0.0,0.0,0.0
00588,0.0,0.0,0.0,0.0,0.0,0.0,0.0,0.0,0.0
00590,0.0,0.0,0.0,0.0,0.0,0.0,0.0,0.0,0.0
00598,0.0,0.007366157422222399,-0.04833049604574279,0.006710996410470502,0.0736912945580151,0.001520863430141501,0.0,0.0,0.0
00604,0.0,0.0,0.0,0.0,0.0,0.0,0.0,-0.0201436911767155,0.011960057529280201
00606,0.0,0.0,0.0,0.0,0.0,0.0,0.0,0.0,0.0
00607,0.0,0.0,0.0,0.0,0.0,0.0,0.0,0.0,0.0033019327540451133
00612,0.0,0.0,0.0,0.0,0.0,0.0,0.0,0.0,0.0
00631,0.023008324672206197,-0.0403977604135061,0.0,0.0,0.0,0.0,0.0,0.0,0.0
00636,0.0,0.0,0.0,0.0,0.0,0.0,0.0,0.0,0.0
00638,0.0,0.0,0.0,0.0,0.0,0.0,0.0,0.0,0.0
00639,0.0,0.0,0.0,0.011265831279587902,0.1053224609478808,0.023447603545411602,0.0,0.0,0.0
00650,0.0,0.0,0.0,0.0,0.0,0.0,0.0,0.0,0.0
00656,0.0,0.0,0.0,0.0,0.0,0.0,0.0,0.0,0.0
00658,0.0,0.0,0.0,0.0,0.0,0.0,0.0,-0.0171492790084324,0.0021293913859150256
00659,0.0,0.0,0.0,0.0,0.0,0.0,0.0,0.0,0.0
00666,0.0,0.0,0.0,0.0,0.0,0.0,0.0,0.0,0.0
00667,0.0,0.0,0.0,0.0,0.0,0.0,0.0,0.0,0.0
00669,0.0,0.0,0.0,0.0,0.0,0.0,0.0,0.0,0.0
00670,0.0,0.0,0.0,0.0,0.0,0.0,0.0,0.0,0.0
00683,0.0,0.0,0.0,0.0,0.0,0.0,0.0,0.0,0.0
00686,0.0,0.0,0.0,0.0,0.0,0.0,0.0,0.0,0.0
00687,0.0,0.0,0.0,0.0,0.0,0.0,0.0,0.0,0.0
00688,0.0,0.0,0.0,0.0,0.0,0.0,0.0,0.0,0.0
00691,0.0,0.0,0.0,0.0,0.0,0.0,0.0,0.0,0.0
00694,0.0,0.0,0.0,0.0,0.0,0.0,0.0,0.0,0.0
00696,0.0,0.0,0.0,0.0,0.0,0.0,0.0,0.0,0.0
00697,0.0,0.0,-0.008184785292930099,0.0,0.03814929594493058,0.0,0.004209681821897,0.0740744978435303,0.0
00698,0.0,0.0,0.0,0.0,0.0,0.0,0.0,0.0,0.0
00699,0.0,0.0,0.0,0.0,0.0,0.0,0.0,0.0,0.0
00700,0.0,0.0,0.0,0.0,0.0,0.0,0.0,0.0,0.0
00709,0.0,0.0,0.0,0.0002996030029035016,-0.0649603183617954,0.0032312681789106994,0.0,0.0030025127884167687,0.0
00710,0.0,0.0,0.0,0.0,0.0,0.0,0.0,0.0,0.0
00718,0.0,0.0,0.0,0.0,0.0,0.0,0.0,0.0,0.0
00719,0.0,0.0,0.0,0.0,0.0,0.0,0.0,0.0,0.0
00721,0.0,0.0,0.0,0.0,0.0,0.0,0.0,0.0,0.0
00728,0.0,0.0,0.012229592007280798,0.1189237625449108,0.0409262837766413,0.0,0.0,0.0,0.0
00732,-0.00038784270530659644,-0.021970317191645102,0.0,0.0,0.0412153750891114,0.0,-0.008592538798553602,0.003281631111395667,0.0007053042282089467
00737,0.0,0.0,0.0,0.0,0.0,0.0,0.0,0.0,0.0
00743,0.0,0.0,0.0,0.0,0.0,0.0,0.0,0.0,0.0
00751,0.0,0.0,0.0,0.0,0.0,0.0,0.0,0.0,0.0
00753,0.0,0.0,0.0,0.0,0.0,0.0,0.0,0.0,0.0
00754,0.0,0.0,0.0,0.0,0.0,0.0,0.0,0.0,0.0
00762,0.0,0.0,0.0,0.0,0.0,0.0,0.0,0.0,0.0
00763,0.0,0.0,0.0,0.0,0.0,0.0,0.0,0.0,0.0
00772,0.0,0.0,0.0,0.0,0.0,0.0,0.0,0.0,0.0
00775,0.0,-0.017669943745335898,0.0,0.0,0.0,0.0,0.0,0.0,0.0012756744851984
00777,0.0,0.0,0.0,0.0,0.0,0.0,0.0,0.0,0.0
00780,0.0,0.0,0.0,0.0,0.0,0.0,0.0,0.0,0.0
00788,0.0,0.0,0.0,0.0,0.0,0.0,0.0,0.0,0.0
00799,0.0,0.0,0.0,0.0,0.0,0.0,0.0,0.0,0.0
00806,0.0,0.0,0.0,0.0,0.0,0.0,0.0,0.0,0.0
00811,0.0,0.0,0.0,0.0,0.0,0.0,0.0,0.0,0.0
00813,0.0,0.0,0.0,0.0,0.0,0.0,0.0,0.0,0.0
00816,0.0,0.0,0.0,0.0,0.0,0.0,0.0,0.0,0.0
00817,0.0,0.0,0.0,0.0,0.0,0.0,0.0,0.0,0.0
00819,0.0,0.0,0.0,0.0,0.0,0.0,0.0,0.0,0.0
00826,0.0,0.0,0.0,0.0,0.0,0.0,0.0,0.0,0.0
00829,0.0,0.0,0.0,0.0,0.0,0.0,0.0,0.0,0.0
00832,0.0,0.0,0.0,0.0,0.0,0.0,0.0,0.0,0.0
00836,0.0,0.0,0.0,0.0,0.0,0.0,0.0,0.0,0.0
00839,0.0,0.0,0.0,0.0,0.0,0.0,0.0,0.0,0.0
00845,0.0,0.0,0.0,0.0,0.0,0.0,0.0,0.0,0.0
00846,0.0,0.0,0.0,0.0,0.0,0.0,0.0,0.0,0.0
00853,0.0,0.0,0.0,0.0,0.0,0.0,0.0,0.0,0.0
00855,0.0,0.0,0.0,0.0,0.0,0.0,0.0,0.0,0.0
00856,0.0,0.0,0.0,0.0,0.0,0.0,0.0,0.0,0.0
00857,0.0,0.0,0.0,0.1116099772249646,0.0,0.0,0.0,0.0,0.0
00860,0.0,0.0,0.0,0.0,0.0,0.0,0.0,0.0,0.0
00861,0.0,0.0,0.0,0.0,0.0,0.0,0.0,0.0,0.0
00867,0.0,0.0,0.0,0.0,0.0,0.0,0.0,0.0,0.0
00868,0.0,0.0,0.0,0.0,0.0,0.0,0.0,0.0,0.0
00873,0.0,0.0,0.0,0.0,0.0,0.0,0.0,0.0,0.0
00874,0.0,0.0,0.0,0.0,0.0,0.0,0.0,0.0,0.0
00880,0.0,0.0,0.0,0.0,0.0,0.0,0.0,0.0,0.0
00881,0.0,0.0,0.0,0.0,0.0,0.0,0.0,0.0,0.0
00883,0.0,0.0,0.0,0.0,0.0,0.0,0.0,0.0,0.0
00884,0.0,0.0,0.0,0.0,0.0,0.0,0.0,0.0,0.0
00895,0.0,0.0,0.0,0.0,0.0,0.0,0.0,0.0,0.0
00902,0.0,0.0,0.0,0.0,0.0,0.0,0.0,0.0,0.0
00909,0.0,0.0,0.0,0.0,0.0,0.0,0.0,0.0,0.0
00911,0.0,0.0,0.0,0.0,0.0,0.0,0.0,0.0,0.0
00914,0.0,0.0,0.0,0.0,0.0,0.0,0.0,0.0,0.0
00916,0.0,0.0,0.0,0.0,0.0,0.0,0.0,0.0,0.0
00917,0.0,0.0,0.0,0.0,0.0,0.0,0.0,0.0,0.0
00921,0.0,0.0,0.0,0.0,0.0,0.0,0.0,0.0,0.0
00931,0.0,0.0,0.0,0.0,0.0,0.0,0.0,0.0,0.0
00933,0.0,0.0,0.0,0.08318003381144659,0.0,0.0,0.0,0.0,0.0
00934,0.0,0.0,0.0,0.0,0.0,0.0,0.0,0.0,0.0
00939,0.0,0.0,0.0,0.0,0.0,0.0,0.0,0.0,0.0
00941,0.0,0.0,0.0,0.0,0.0,0.0,0.0,0.0,0.0
00950,0.0,0.0,0.0,0.0,0.0,0.0,0.0,0.0,0.0
00951,0.0,0.0,0.0,0.0,0.0,0.0,0.0,0.0,0.0
00956,-0.0568916999997027,0.013744868446994398,0.007187932653335904,0.010820944690252902,0.0,0.0,0.0,0.0,0.0
00960,0.0,0.0,0.0,0.0,0.0,0.0,0.0,0.0,0.0
00966,0.0,0.0,0.0,0.0,0.0,0.0,0.0,0.0,0.0
00968,0.12169558559564901,0.0,0.0,0.0,0.0,0.0,0.0,0.0,0.0
00975,0.0,0.0,0.0,0.0,0.0,0.0,0.0,0.0,0.0
00976,0.0,0.0,0.0,0.0,0.0,0.0,0.0,0.0,0.0
00978,0.0308659990032381,-0.0008207024558474973,0.0467786795217555,0.0,0.0,0.0,0.0,0.0,0.0
00981,0.0,0.0,0.0,0.0,0.0,0.0,0.0,0.0,0.0
00989,0.0,0.0,0.0,0.0,0.0,0.0,0.0,0.0,0.0
00990,0.0,0.0,0.0,0.0,0.0,0.0,0.0,-0.008654717348881501,0.0
00991,0.0,0.0,0.0,0.024982412193242598,0.009269790530066095,0.002917655958955402,0.0087811201395231,0.020429992859812,0.0
00992,0.097737951994337,0.0,0.0,0.0,0.0,0.0,0.0,0.0,0.0
00995,0.0,0.0,0.0,0.0,0.0,0.0,0.0,0.0,0.0
00998,0.0,0.0,0.0,0.0,0.0,0.0,0.0,0.0,0.0
00999,0.0,0.0,0.0,0.0,0.0,0.0,0.0,0.0,0.0
01024,0.0,0.0,0.0,0.0,0.0,0.0,0.0,0.0,0.0
01028,0.0,0.0,0.0,0.0,0.0,0.0,0.0,0.0,0.0
01030,0.0,0.0,0.0,0.0,0.0,0.0,0.0,0.0,0.0
01033,0.0,0.0,0.0,0.0,0.0,0.0,0.0,0.0,0.0485310513901456
01038,0.0,0.0,0.0,0.0,0.0,0.0,0.0,0.0,0.0
01044,0.0,0.0,0.0,0.0,0.0,0.0,0.0,0.0,0.0
01052,0.0,0.0,0.0,0.0,0.0,0.0,0.0,0.0,0.0
01053,0.0,0.0,0.0,0.0,0.0,0.0,0.0,0.0,-0.020038574655886498
01055,0.0,0.0,0.0,0.0,0.0,0.0,0.0,0.0,0.0
01057,0.0,0.0,0.0,0.0,0.0,0.0,0.0,0.0,0.0
01060,0.0,0.0,0.0,0.0,0.0,0.0,0.0,-0.0213022203562394,-0.031455652384179904
01065,0.0,0.0,0.0,0.0,0.0,0.0,0.0,0.0,0.0
01066,0.0,0.0,0.0,0.0,0.0,0.0,0.0,0.0,0.0
01068,0.0,0.0,-0.0335121816701802,0.0,0.0,0.0,0.0,0.0,0.0
01070,0.0,0.0,0.0,0.0,0.0,0.0,0.0,0.0,0.0
01071,0.010723490723737898,-0.0051254492285423,-0.035115343056822505,0.1377031405619184,0.001486445139061399,0.0,0.0,0.0,0.0
01072,0.0,0.0,0.0,0.0,0.0,0.0,0.0,0.0,0.0
01083,0.0,0.0,0.0,0.0,0.0,0.0,0.0,0.0,0.0
01086,0.0,0.0,0.0,0.0,0.0,0.0,0.0,-0.0191597398305073,0.0
01088,0.0,0.0,0.0,0.0,0.0,0.0,0.0,0.0,0.0
01093,0.0,0.0,0.0,0.0,0.0,0.0,0.0,0.0,0.0
01097,0.0,0.0,0.0,0.0,0.0,0.0,0.0,0.0,0.0
01098,0.0,0.0,0.0,0.0,0.0,0.0,0.0,0.0,0.0
01099,0.0,0.0,0.0,0.0,0.0,0.0,0.0,0.0,0.0
01108,0.0,0.0,0.0,0.0,0.0,0.0,0.0,0.0,0.0
01109,0.0,0.0,0.0,0.0,0.0,0.0,0.0,0.0,0.0
01112,0.0,0.0,0.0,0.0,0.0,0.0,0.0,0.0,0.0
01113,0.0,0.0,0.0,0.0,0.0,0.0,0.0,0.0,0.0
01114,0.0,0.0,0.0,0.0,0.0,0.0,0.2211776354254413,0.1597752575220147,0.0
01115,0.0,0.0,0.0,0.0,0.0,0.0,0.0,0.0,0.0
01117,0.0,0.0,0.0,0.0,0.0,0.0,0.0,0.0012259760712695761,0.0
01119,0.0,0.0,0.0,0.0,0.0,0.0,0.0,-0.0024207484890466004,0.0
01121,0.0,0.0,0.0,0.0,0.0,0.0,0.0,0.0,0.0
01128,0.0,0.0,0.0,0.0,0.0,0.0,0.0,0.0,0.0
01137,0.0,0.0,0.0,0.0,0.0,0.0,-0.0063065499609684,-0.01018724801617564,0.0
01138,0.0,0.0,0.0,0.0,0.0,0.0,0.0,0.0,0.0
01140,0.0,0.0,0.0,0.0,0.0,0.0,0.0,0.0,0.0
01141,0.0,0.0,0.0,0.0,0.0,0.0,0.0,0.0,-0.013908229434490799
01157,-0.1050385073242775,0.1604122700670012,0.0,0.0,0.0,0.0,0.0,0.0,0.0
01164,0.0,0.0,0.0,0.0,0.0,0.0,0.0,0.0,0.0
01165,0.0,0.0,0.0,0.0,0.0,0.0,0.0,0.0,0.0
01167,0.0,0.0,0.0,0.0,0.0,0.0,0.0,0.0,0.0
01171,0.0,0.0,0.0,0.0,0.0,0.0,0.0,0.0,0.0
01176,0.0,0.0,0.0,0.0,0.0,0.0,0.0,0.0,0.0
01177,0.0,0.0,0.0,0.0,0.0,0.0,0.0,0.0,0.0
01186,0.0,0.0,0.0,0.0,0.0,0.0,0.0,0.0,0.0
01188,0.0,0.0,0.0,0.0,0.0,0.0,0.0,0.0,0.0
01193,0.0,0.0,0.0,0.0,0.0,0.0,0.0,0.0,0.0
01196,0.0,0.0,0.0,0.0,0.0,0.0,0.0,0.0,0.0
01199,0.0,0.0,0.0,0.0,0.0,0.0,0.0,0.0,0.0
01205,0.0,0.0,0.0,0.0,0.0,0.0,0.0,0.0,0.0
01208,0.0,0.0,0.0,0.0,0.0,0.0,0.0,0.0,0.0
01209,0.0,0.0,0.0,0.0,0.0,0.0,0.0,0.0,0.0
01211,0.0,0.0,0.0,0.0,0.0,0.0,0.0,0.0,0.0
01233,0.0,0.0,0.0,0.0,0.0,0.0,0.0,0.0,0.0
01234,0.0,0.0,0.0,0.0,0.0,0.0,0.0,0.0,0.0
01238,0.0,0.0,0.0,0.0,0.0,0.0,0.0,0.0,0.0
01244,0.0,0.0,0.0,0.0,0.0,0.0,0.0,0.0,0.0
01250,0.0,0.0,0.0,0.0,0.0,0.0,0.0,0.0,0.0
01253,0.0,0.0,0.0,0.0,0.0,0.0,0.0,0.0,0.0
01257,0.0,0.0,0.0,0.0,0.0,0.0,0.0,0.0,0.0
01258,0.0,0.0,0.0,-0.018590316090626897,0.0,0.0,0.0,0.0,0.0
01268,0.0,0.0,0.0,0.0,0.0,0.0,0.0,0.0,0.0
01269,0.0,0.0,0.0,0.0,0.0,0.0,0.0,0.0,0.0
01270,0.0,0.0,0.0,0.0,0.0,0.0,0.0,0.0,0.0
01274,0.0,0.0,0.0,0.0,0.0,0.0,0.0,0.0,0.0
01276,0.0,0.0,0.0,0.0,0.0,0.0,0.0,0.0,0.0
01277,0.0,0.0,0.0,0.0,0.0,0.0,-0.0027003682812153018,0.004654118582439699,0.0
01282,0.0,0.0,0.0,0.0,0.0,0.0,0.0,0.0,0.0
01286,0.0,0.0,0.0,0.0,0.0,0.0,0.0,0.0,0.0
01288,0.0,0.0,-0.0015693514048001995,-0.0032772768337747003,-0.007496334664429,0.0,0.0,0.0,0.0
01293,0.0,0.0,0.0,0.0,0.0,0.0,0.0,0.0,0.0
01299,0.0,0.0,0.0,0.0,0.0,0.0,0.0,0.0,0.0
01302,0.0,0.0,0.0,0.0,0.0,0.0,0.0,0.0,0.0
01304,0.0,0.0,0.0,0.0,0.0,0.0,0.0,0.0,0.0
01308,0.0,0.0,0.0,0.0,0.0,0.0,0.0,0.0,0.0
01310,0.0,0.0,0.0,0.0,0.0,0.0,0.0,0.0,0.0
01313,0.0,0.0,0.0,0.0,0.0,0.0,0.0,0.0,0.0
01315,0.0,0.0,0.0,0.0,0.0,0.0,0.0,0.0,0.0
01316,0.0,0.0,0.0,0.0,0.0,0.0,0.0,0.0,0.0
01317,0.0,0.0,0.0,0.0,0.0,0.0,0.0,0.0,0.0
01318,0.0,0.0,0.0,0.0,0.0,0.0,0.0,0.0,0.0
01330,0.0,0.0,0.0,0.0,0.0,0.0,0.0,0.0,0.0
01333,0.0,0.0,0.0,0.0,0.0,0.0,0.0,0.0,0.0
01336,0.0,0.0,0.0,0.0,0.0,0.0,0.0,0.0,0.0
01339,0.0,0.0,0.0,0.0,0.0,0.0,0.0,0.0,0.0
01341,0.0,0.0,0.0,0.0,0.0,0.0,0.0,0.0,0.0
01347,0.0,0.0,0.0,0.0,0.0,0.0,0.0,0.0,0.0
01349,0.0,0.0,0.0,0.0,0.0,0.0,0.0,0.0,0.0
01357,0.0,0.0,0.0,0.0,0.052137284438080606,0.1002130482240749,0.0,0.0,0.0
01359,0.0,0.0,0.0,-0.0151149896125247,0.016707172908176,-0.0034228404106977986,0.0,0.0,0.0
01361,0.0,-0.0400354239577475,0.0,0.0,0.0,0.0,0.0,0.0,0.0
01364,0.0,0.0,0.0,0.0,0.0,0.0,0.0,0.0,0.0
01368,0.0111639039093629,0.0,0.011740794580658808,0.0,0.0,0.0,0.0,0.0,0.0
01375,0.0,0.0,0.0,0.0,0.0,0.0,0.0,0.0,0.0
01378,0.0,0.0,0.0,0.0,0.0,0.0,0.0,0.0,0.0
01382,0.0,0.0,0.0,0.0,0.0,0.0,0.0128787375119001,0.0,0.0
01384,0.0,0.0,0.0,0.0,0.0,0.0,0.0,0.0,0.0
01385,0.0,0.0,0.0,0.0,0.0,0.0,0.0,0.0,0.0
01398,0.0,0.0,0.0,0.0,0.0,0.0,0.0,0.0,0.0
01405,0.0,0.0,0.0,0.0,0.0,0.0,0.0,0.0,0.0
01415,0.0,0.0,-0.021512603278369097,0.0,0.0,0.0,0.0,0.0,0.0
01428,0.0,0.0,0.0,0.0,0.0,0.0456006142424644,0.0245248208220495,0.0,0.0
01432,0.0,0.0,0.0,0.0,0.0,0.0,0.0,0.0,0.0
01448,0.0,0.0,0.0,0.0,0.0,0.0,0.0,0.0,0.0
01456,0.0,0.0,0.0,0.0,0.0,0.0,0.0,0.0,0.0
01458,0.0,0.0,0.0,0.0,0.0,0.0,0.0,0.0,0.0
01468,0.0,0.0,0.0,0.0,0.0,0.0,0.0,0.0,0.0
01475,0.0,0.0,0.0,0.0,0.0,0.0,0.0,0.0,0.0
01477,0.0,0.0,0.0,0.0,0.0,0.0,0.0,0.0,0.0
01478,0.0,0.0,0.0,0.0,0.0,0.0,0.0,0.0,0.0
01508,0.0,0.0,0.0,0.0,0.0,0.0,-0.0219610226178912,0.0147429831417211,0.0
01513,0.0,0.0,0.0,0.0,0.0,0.0,0.0,0.0,0.0
01515,0.0,0.0,0.0,0.0,0.0,0.0,0.0,0.0,0.0
01516,0.0,0.0,0.0,0.0,0.17026481465048582,-0.0247318875131455,0.0,0.0,0.0
01519,0.0,0.0,0.0,0.0,0.0,0.0,0.0,0.0,0.0
01521,0.0,0.0,0.0,0.0,0.0,0.0,0.0,0.0,0.0
01528,0.0,0.0,0.0,0.0,0.0,0.0,0.0,-0.0082578027437178,0.015142019346118333
01530,0.0,0.0,0.0,0.0,0.0,0.0,0.0,0.0,0.0
01541,0.0,0.0,0.0,0.0,0.0,0.0,0.0,0.0,0.0
01548,0.0,0.0,0.0,0.0,0.0,0.0,0.0,0.0,0.0
01551,0.0,0.0,0.0,0.0,0.0,0.0,0.0,0.0,0.0
01563,0.0,0.0,0.0,0.0,0.0,0.0,0.0,0.0,0.0
01569,0.0,0.0,0.0,0.0,0.0,0.0,0.0,0.0,0.0
01578,0.0,0.0,0.0,0.0,0.0,0.0,0.0,0.0,0.0
01579,0.0,0.0,0.0,0.0,0.0,0.0,0.0,0.0,0.0
01583,0.0,0.0,0.0,0.0,0.0,0.0,0.0,0.0,0.0
01585,-0.05316190798803411,0.004281712742394301,0.0,0.0,0.0,0.0,0.0,0.0,0.0
01600,0.0,0.0,0.0,0.0,0.0,0.0,0.0,0.0,0.0
01606,0.0,0.0,0.0,0.0,0.0,0.0031961985478963003,0.0,0.007502191134588901,0.0
01608,0.0,0.0,0.0,0.0,0.0,0.0,0.0,0.0,0.0
01610,0.0,0.038858010491256895,0.0,0.0,0.0,0.0,0.0,0.0,0.0
01618,0.0,0.0,0.013705347783141402,0.0,0.0,0.0,0.0,0.0,0.0
01622,0.0,0.0,0.0,0.0,0.0,0.0,0.0,0.0,0.0
01628,0.0,0.0,0.0,0.0,0.0,0.0,0.0,0.0,0.0
01635,0.0,0.0,0.0,0.0,0.0,0.0,0.0,0.0,0.0
01636,0.0,0.0,0.0,0.0,0.0,0.0,0.0,0.0,0.0
01638,0.0,0.0,0.0,0.0,0.0,0.0,0.0,0.0,0.0
01658,0.0,0.0,0.0,0.0,0.0,0.0,0.0,0.0,0.0
01661,0.0,0.0,0.0,0.0,0.0,0.0,0.0,0.0,0.0
01666,0.0,0.0,0.0,0.0,0.0,0.0,0.0,0.0,0.0
01668,0.0,0.012801258866680602,0.0,0.0,0.0,0.0,0.0,0.0,0.0
01675,0.0,0.0,0.0,0.0,0.0,0.0,0.0,0.0,0.0
01680,0.0,0.0,0.0,0.0,0.0,0.0,0.0,0.0,0.0
01681,-0.013669093819380501,0.0584484683682205,0.0758485184520814,0.0486599107746644,0.0,0.0,0.0,0.0,0.0
01685,0.0,0.0,0.0,0.0,0.0,0.0,0.0,0.0,-0.0301327501256795
01686,0.0,0.0,0.0,0.0,0.0,0.0,0.0,0.0,0.0
01691,0.0,0.0,0.0,0.0,0.0,0.0,0.0,0.0,0.0
01709,0.0,0.0,0.0,0.0,0.0,0.0,0.0,0.0,0.0
01717,0.0,0.0,0.0,0.0,0.0,0.0,0.0,0.0,0.0
01725,0.0,0.0,0.0,0.0,0.0,0.0,0.0,-0.0466437560184466,0.0
01728,0.0,0.0,0.0,0.0,0.0,0.0,0.0,0.0,0.0
01729,0.0,0.0,0.0,0.0,0.0,0.0,0.0,0.0,0.0
01735,0.0,0.0,0.0,-0.0029315336225226004,0.0,0.0,0.0,0.0,0.0
01755,0.0,0.0,0.0,0.0,0.0,0.0,0.0,0.0,0.0
01765,0.0,0.0,0.0,0.0,0.0,0.0,0.0,0.0,0.0
01766,0.0,0.0,0.0,0.0,0.0,0.0,0.0,0.0,0.0
01769,0.0,0.0,0.0,0.0,0.0,0.0,0.0,0.0,0.0
01772,0.0,0.0,0.0,0.0,0.0,0.0,0.0,0.0,0.0
01773,0.0,0.049728742811687994,0.0,0.0,-0.0056101848049704,0.0,0.0,-0.006777081121855301,0.0
01776,0.0,0.0,0.0,0.0,0.0,0.0,0.0,0.0,0.0
01777,0.0,0.0,0.0,0.0,0.0,0.0,0.0,0.0,0.0
01778,0.0,0.0,0.0,0.0,0.0,0.0,0.0,0.0,0.0
01783,0.0,0.0,0.0,0.0,0.0,0.0,0.1089096458429953,0.0,0.0
01787,0.0,0.0,0.0,0.0,0.0,0.0,0.0,0.0,0.0
01788,0.0154331762110373,0.0189115065938173,0.0182397005202569,0.0,0.0,0.0,0.0,0.3558542776389847,0.0
01789,0.0,0.0,0.0,0.0,0.0,0.0,0.0,0.0,0.0
01797,0.0,0.0,0.0,0.0,0.0,0.0,0.0,0.0,0.0
01798,0.0,0.0,-0.005518996128454595,0.0,0.0,0.0,0.0,0.0,0.0
01799,0.0,0.0,0.0,0.0,0.0,0.0,0.0,0.0,0.0
01800,0.0,0.0,0.0,0.0,0.0,0.0,0.0,0.0,0.0
01801,0.0,0.0,0.0,0.0,0.0,0.0,0.0,0.0,0.0
01810,0.0,0.0,0.0,0.0,0.0,0.0,0.0,0.0,0.0
01811,0.0,0.0,-0.0302838503737711,0.0,0.0,0.0,0.0,0.0,0.0
01812,0.0,0.0,0.0,0.0,0.0,0.0,0.0,0.0,-0.006543321416668301
01813,0.0,0.0,0.0,0.0,0.0,0.0,0.0,0.0,0.0
01816,0.0,0.0,0.0,0.0,0.0,0.0,0.0,0.0,0.0
01817,0.0,0.0,0.0,0.0,0.0,0.0,0.0,0.0,0.0
01818,0.0,0.0,0.0,0.0,0.0,0.0,0.0,0.0,0.0
01828,0.0,0.0,0.0,0.0,0.0,0.0,0.0,0.0,0.0
01833,0.0,0.0,0.0,0.0,0.0,0.0,0.0,0.0,0.0
01836,0.0,0.0,0.0,0.0,0.0,0.0,0.0,0.0,0.0
01848,0.0,0.0,0.0,0.0,0.0,0.0,0.0,0.0,0.0
01855,0.0,0.0,0.0,-0.018266494007877304,0.0,0.0,0.0,0.0,0.0
01858,0.0,0.0,0.0,0.0,0.0,0.0,0.0,0.0,0.0
01860,0.0,0.0,0.0,0.0,0.0,0.0,0.0,0.0,0.0
01873,0.0,0.0,0.0,0.0,0.0,0.0,0.0,0.0,0.0
01876,0.0,0.0,0.0,0.0,0.0,0.0,0.0,0.0,0.0
01877,0.0,0.0,0.0,0.0,0.0,0.0,0.0,0.0,0.0
01880,0.0,0.0,0.0,0.0,0.0,0.0,0.0,0.0,0.0
01881,0.0,0.0,0.0,0.0,0.0,0.0,0.0,0.0,0.0
01882,0.0,0.0,0.0,0.0,0.0,0.0,0.0,0.0,0.0
01883,0.0634209827700942,0.0197586296773605,0.0,0.0,0.0,0.0,0.0,0.0,0.0
01888,0.0,0.0,0.0,0.0,0.0,0.0,0.0,0.0,0.0
01890,0.0,0.0,0.0,0.0,0.0,0.0,0.014164861792378601,-0.008152527348225434,-7.762385982127624e-06
01896,0.0,0.0,0.0,0.0,0.0,0.0,0.0,0.0,0.0
01898,-0.1177366735360778,-0.011462108398036503,0.0,0.1756445965369906,0.0,0.0,0.0,0.0,0.0
01905,0.0,0.019814190930580095,-0.043275204945567705,0.0394063816518883,0.0,0.0,-0.0349406952133778,-0.016872207319987252,0.0
01907,0.0,0.0,0.0,0.0,0.0,0.0,0.0,0.0,0.0
01908,0.0,0.0,0.0,0.0,0.0,0.0,0.0,0.0,0.0
01910,0.0,0.0,0.0,0.0,0.0,0.0,0.0,0.0,0.0
01911,0.0,0.0,0.0,0.0,0.0,0.0,0.0,0.0,0.0
01916,0.0,0.0,0.0,0.0,0.0,0.0,0.0,-0.0062606508563485,0.0
01918,0.0,0.0,0.0,0.0,0.0,0.0,0.0,0.0012976742803105003,-0.0296615383968423
01919,0.0,0.0,0.0,0.0,0.0,0.0,0.0,0.0,0.0
01921,0.0,0.0,0.0,0.0,0.0,0.0,0.0,0.0,0.0
01928,0.0,0.0,0.0,0.0,0.0,0.0,0.0,0.0,0.0
01929,0.0,0.0,0.0,0.0,0.0,0.0,0.0,0.0,0.0
01942,0.0,0.0,0.0,0.0,0.0,0.0,0.0,0.0,0.0
01951,0.0,0.0,0.0,0.0,0.0,0.0,0.0,0.0,0.0
01952,0.0,0.0,0.0,0.0,0.0,0.0,0.0,0.0,0.0
01958,0.0,0.0,0.0,0.0,0.0,0.0,0.0,0.0,0.0
01963,0.0,0.0,0.0,0.0,0.0,0.0,0.0,0.0,0.0
01966,0.0,0.0,0.0,0.0,0.0,0.0,0.0,0.0,0.0
01969,0.0,0.0,0.0,0.0,0.0,0.0,0.0,0.0,0.0
01970,0.0,0.0,0.0,0.0,0.0,0.0,0.0,0.0,0.0
01972,0.0,0.0,0.0,0.0,0.0,0.0,0.0,0.0,0.0
01980,0.0,0.0,0.0,-0.025054067501209303,0.0140587582170601,0.0,0.0,0.0,0.0
01981,0.0,0.0,0.0,0.0,0.018283225586028296,0.0,0.0114551115321583,0.0,0.0
01988,0.0,0.0,0.0,0.0,0.0,-0.0061291390085569004,0.0,0.0,0.0
01989,0.0,0.0,0.0,0.0,0.0,0.0,0.0,0.0,0.0
01995,0.0,0.0,0.0,0.0,0.0,0.030610802876098794,0.09591510509990901,0.0,0.0
01996,0.0,0.0,0.0,0.0,0.0,0.0,0.0,0.0,0.0
01997,0.0,0.0,0.0,0.0,0.0,0.0,0.0,0.0,0.0
01999,0.0,0.0,0.0,0.0,0.0,0.0,0.0,0.0,0.0
02001,0.0,0.0,0.0,0.0,0.0,0.0,-0.0002687846648731,-0.007524927877654999,0.0
02003,0.0,0.0,0.0,0.0,0.0,0.0,0.0,0.0,0.0
02005,0.0,0.0,0.0,0.0,0.0,0.0,0.0,0.0,0.0
02007,0.0,0.0,0.0,0.0,0.0,0.0,0.0,0.0,0.0
02008,0.0,0.0,0.0,0.0,0.0,0.0,0.0,0.0,0.0
02009,0.0,0.0,0.0,0.0079309906554151,0.030792108383510302,-0.004320603492812206,0.0,-0.0197674054631767,-0.0015139761753643032
02013,0.0,0.0,0.0,0.0,0.0,0.0,0.0,0.0,0.0
02015,0.0,0.0,0.0,0.0,0.0,0.0,0.0,0.0,0.0
02016,0.0,0.0,0.0,0.0,0.0,-0.0038311655650559006,0.0007787239821416003,0.0,0.0
02018,0.0,0.0,0.0,0.0,0.0,0.0,0.0,0.0,0.0
02020,0.0,0.0,0.0,0.0,0.0,0.0,0.0,0.0,0.0
02038,0.0,0.0,0.0,0.0,0.0,0.0,0.0,0.0,0.0
02039,0.0,0.0,0.0,0.0,0.0,0.0,0.0,0.0,0.0
02048,0.0,0.0,0.0,0.0,0.0,0.0,0.0,0.0,0.0
02050,0.0,0.0,0.0,0.0,0.0,0.0,0.0,0.0,0.0
02051,0.0,0.0,0.0,0.0,0.0,0.0,0.0,0.0,0.0
02057,0.0,0.0,0.0,0.0,0.0,0.0,0.0,0.0,0.0
02068,0.0,0.0,0.0,0.0,0.0,0.0,0.0,0.0,0.0
02096,0.0,0.0,0.0,0.0,0.0,0.0,0.0,0.0,0.0
02097,0.0,0.0,0.0,0.0,0.0,0.0,0.0,0.0,0.0
02098,0.0,0.0,0.0,0.0,0.0,0.0,0.0,0.0,0.0
02099,0.0,0.0,0.0,0.0,0.0,0.0,0.0,0.0,0.0
02105,0.0,0.0,0.0,0.0,0.0,0.0,0.0,0.0,0.0
02111,0.0,0.0,0.0,0.0,0.0,0.0,0.0,0.0,0.0
02121,0.0,0.0,0.0,0.0,0.0,0.0,0.0,0.0,0.0
02126,0.0,0.0,0.0,0.0,0.0,0.0,0.0,0.0,0.0
02128,0.0,0.0,0.0,0.0,0.0,0.0,0.0,0.0,0.0
02136,0.0,0.0,0.0,0.0,0.0,0.0,0.0,0.0,0.0
02137,0.0,0.0,0.0,0.0,0.0,0.0,0.0,0.0,0.0
02138,0.0,0.0,0.0,0.0,0.0,0.0,0.0,0.0,0.0
02142,0.0,0.0,0.0,0.0,0.0,0.0,0.0,0.0,0.0
02145,0.0,0.0,0.0,0.0,0.0,0.0,0.0,0.0,0.0
02150,0.0,0.0,0.0,0.0,0.0,0.0,0.0,0.0,0.0
02155,0.0,0.0,0.0,0.0,0.0,0.0,0.0,0.0,0.0
02156,0.0,0.0,0.0,0.0,0.0,0.0,0.0,0.0,0.0
02157,0.0,0.0,0.0,0.0,0.0,0.0,0.0,0.0,0.0
02158,0.0,0.0,0.0,0.0,0.0,0.0,0.0,0.0,0.0
02160,0.0,0.0,0.0,0.0,0.0,0.0,0.0,0.0,0.0
02162,0.0,0.0,0.0,0.0,0.0,0.0,0.0,0.0,0.0
02168,0.0,0.0,0.0,0.0,0.0,0.0,0.0,0.0,0.0
02169,0.0,0.0,0.0,0.0,0.0150594878343431,0.010158280578921467,0.0,0.0,0.0
02171,0.0,0.0,0.0,0.0,0.0,0.0,0.0,0.0,0.0
02172,0.0,0.0,0.0,0.0,0.0,0.0,0.0,0.0,0.0
02186,0.0,0.0,0.0,0.0,0.0,0.0,0.0,0.0,0.0
02192,0.0,0.0,0.0,0.0,0.0,0.0,0.0,0.0,0.0
02196,0.0,0.0,0.0,0.0,0.0,0.0,0.0,0.0,0.0
02197,0.0,0.0,0.0,0.0,0.0,0.0,0.0,0.0,0.0
02199,0.0,0.0,0.0,0.0,0.0,0.0,0.0,0.0,0.0
02202,0.0,0.0,0.0,0.0,0.0,0.0,0.0,0.0,0.0
02208,0.0,0.0,0.0,0.0,0.0,0.0,0.0,0.0,0.0
02218,0.0,0.0,0.0,0.0,0.0,0.0,0.0,0.0,0.0
02228,0.0,0.0,0.0,0.0,0.0,0.0,0.0,0.0,0.0
02232,0.0,0.0,-0.0008630671734381947,0.030403213428016,0.0,0.0,0.0,0.0,0.0
02233,0.009854520027553396,-0.0174928733413238,-0.0217264248705644,-0.0090785494279849,-0.04536869065009578,-0.0363396055494635,0.0,0.0,0.0
02238,0.0,0.0,0.0,0.0,0.0,0.0,0.0,0.0,0.0
02252,0.0,0.0,0.0,0.0,0.0,0.0,0.0,0.0,0.0
02255,-0.0274711050473903,0.0,0.0,0.085058297128802,0.0989403373127759,0.0,0.0,0.012927381780093812,0.0
02257,0.0,0.0,0.0,0.0,0.0,0.0,0.0,0.0,0.0
02259,0.0,0.0,0.0,0.0,0.0,0.0,0.0,0.0,0.0
02268,0.0,0.0,0.0,0.0,0.0,0.0,0.0,0.0,0.0
02269,0.0,0.0,0.0,0.0,0.0,0.0,0.0,0.0,0.0
02273,0.0,0.0,0.0,0.0,0.0,0.0,0.0,0.0,0.0
02276,0.0,0.0,0.0,0.0,0.0,0.0,0.0,0.0,0.0
02279,0.0,0.0,0.0,0.0,0.0,0.0,0.0,0.0,0.0
02280,0.0,0.0,0.0,0.0,0.0,0.0,0.0,0.0,0.0
02282,0.0,0.0,0.0,0.0,0.0,0.0,0.0,0.0,0.0
02285,0.0,0.0,0.0,0.0,0.0,0.0,0.0,0.0,0.0
02291,0.0,0.0,0.0,0.0,0.0,0.0,0.0,0.0,0.0
02298,0.0,0.0,0.0,0.0,0.0,0.0,0.0,0.0,0.0
02313,0.0,0.0,0.0,0.0,0.0,0.0,0.0,0.0,0.0
02314,0.0,0.0,0.0,0.0,0.0,0.0,0.0,0.0,0.0
02315,0.0,0.0,0.0,0.0,0.0,0.0,0.0,0.0,0.0
02318,0.0,0.0,0.0,0.0,0.0,0.0,0.0,0.0,0.0
02319,0.0,0.0,0.0,0.0,0.0,0.0,0.0,0.0,0.0
02326,0.0,0.0,0.0,0.0,0.0,0.0,0.0,0.0,0.0
02328,0.0,0.0,0.0,0.0,0.0,0.0,0.0,0.0,0.0
02329,0.0,0.0,0.0,0.0,0.0,0.0,0.0,0.0,0.0
02331,0.0,0.0,0.0,0.0,0.0,0.0,0.0,0.0,0.0
02333,0.0,0.0,0.0,0.0,0.0,0.0,0.0,0.0,0.0
02338,0.0,0.0,0.0,0.0,0.0,0.0,0.0,0.0,0.0
02342,0.0,0.0,0.0,0.0,0.0,0.0,0.0,0.0,0.0
02343,0.0,0.0,0.0,0.0482577669702055,0.0021862090975521,0.0,0.0,0.0,0.0
02356,0.0,0.0,0.0,0.0,0.0,0.0,0.0,0.0,0.0
02357,0.0,0.0,0.0,0.0,0.0,0.0,0.0,0.0,0.0
02359,0.0,0.0,0.0,0.0,0.0,0.0,0.0,0.0,0.0
02362,0.0,0.0,0.0,0.0,0.0,0.0,0.0,0.0,0.0
02363,0.0,0.0,0.0,0.0,0.0,0.0,0.0,0.0,0.0
02367,0.0,0.0,0.0,0.0,0.0,0.0,0.0,0.0,0.0
02369,0.0,0.0,0.0,0.0,0.0,0.0,0.0,-0.005730553766255011,0.0
02378,0.0,0.0,0.0,0.0,0.0,0.0,0.0,0.0,0.0
02380,0.021348406380604097,-0.0299263338869111,-0.05744349015101583,0.0936730272101489,0.0,0.0,0.0,0.0,0.0
02382,0.0,0.0,0.0,0.0,0.0,0.0,0.0,0.0,0.0
02386,0.0,0.0,0.0419254266761535,0.0,0.0,0.0,0.0,0.0,0.0
02388,0.0,0.0,0.0,0.0,0.0,0.0,0.0,0.0,0.0
02400,0.0,0.0,0.0,0.0,0.0,0.0,0.0,0.0,0.0
02402,0.0,0.0,0.0,0.0,0.0,0.0,0.0,0.0,0.0
02407,0.0,0.0,0.0,0.0,0.0,0.0,0.0,0.0,0.0
02410,0.0,0.0,0.0,0.0,0.0,0.0,0.0,0.0,0.0
02411,0.0,0.0,0.0,0.0,0.0,0.0,0.0,0.0,0.0
02415,0.0,0.0,0.0,0.0,0.0,0.0,0.0,0.0,0.0
02416,0.0,0.0,0.0,0.0,0.0,0.0,0.0,0.0,0.0
02419,0.0,0.0,0.0,0.0,0.0,0.0,0.0,0.0,0.0
02423,0.0,0.0,0.0,0.0,0.0,0.0,0.0,0.0,0.0
02429,0.0,0.0,0.0,0.0,0.0,0.0,0.0,0.0,0.0
02431,0.0,0.0,0.0,0.0,0.0,0.0,0.0,0.0,0.0
02432,0.0,0.0,0.0,0.0,0.0,0.0,0.0,0.0,0.0
02443,0.0,0.0,0.0,0.0,0.0,0.0,0.0,0.0,0.0
02453,0.0,0.0,0.0,0.0,0.0,0.0,0.0,0.0,0.0
02460,0.0,0.0,0.0,0.0,0.0,0.0,0.0,0.0,0.0
02465,0.0,0.0,0.0,0.0,0.0,0.0,0.0,0.0,0.0
02469,0.0,0.0,0.0,0.0,0.0,0.0,0.0,0.0,0.0
02473,0.0,0.0,0.0,0.0,0.0,0.0,0.03675353423747783,0.0,-0.0451843785463251
02477,0.0,0.0,0.0,0.0,0.0,0.0,0.0698440223792657,0.0,0.0
02487,0.0,0.0,0.0,0.0,0.0,0.0,0.0,0.0,0.0
02498,0.0,0.0,0.0,0.0,0.0,0.0,0.0,0.0,0.0
02500,0.0,0.0,0.0,0.0,0.0,0.0,0.0,0.0,0.0
02506,0.0,0.0,0.0,0.0,0.0,0.0,0.0,0.0,0.0
02507,0.0,0.0,0.0,0.0,0.0,0.0,0.0,0.0,0.0
02510,0.0,0.0,0.0,0.0,0.0,0.0,0.0,0.0,0.0
02511,0.0,0.0,0.0,0.0,0.0,0.0,0.0,0.0,0.0
02517,0.0,0.0,0.0,0.0,0.0,0.0,0.0,0.0,0.0
02522,0.0,0.0,0.0,0.0,0.0,0.0,0.0,0.0,0.0
02533,0.0,0.0,0.0,0.0,0.0,0.0,0.0,0.0,0.0
02550,0.0,0.0,0.0,0.0,0.0,0.0,0.0,0.0,0.0
02555,0.0,0.0,0.0,0.0,0.0,0.0,0.0,0.0,0.0
02556,0.0,0.0,0.0,0.0,0.0,0.0,0.0,0.0,0.0
02562,0.0,0.0,0.0,0.0,0.0,0.0,0.0,0.0,0.0
02565,0.0,0.0,0.0,0.0,0.0,0.0,0.0,0.0,0.0
02570,0.0,0.0,0.0,0.0,0.0,0.0,0.0,0.0,0.0
02575,0.0,0.0,0.0,0.0,0.0,0.0,0.0,0.0,0.0
02577,0.0,0.0,0.0,0.0,0.0,0.0,0.0,0.0,0.0
02579,0.0,0.0,0.0,0.0,0.0,0.0,0.0,0.0,0.0
02580,0.0,0.0,0.0,0.0,0.0,0.0,0.0,0.0,0.0
02582,0.0,0.0,0.0,0.0,0.0,0.0,0.0,0.0,0.0
02583,0.0,0.0,0.0,0.0,0.0,0.0,0.0,0.0,0.0
02586,0.0,0.0,0.0,0.0,0.0,0.0,0.0,0.0,0.0
02587,0.0,0.0,0.0,0.0,0.0,0.0,0.0,0.0,0.0
02588,0.0,0.0,0.0,0.0,0.0,0.0,0.0,0.0,0.0
02589,0.0,0.0,0.0,0.0,0.0,0.0,0.0,0.0,0.0
02590,0.0,0.0,0.0,0.0,0.0,0.0,0.0,0.0,0.0
02591,0.0,0.0,0.0,0.0,0.0,0.0,0.0,0.0,0.0
02595,0.0,0.0,0.0,0.0,0.0,0.0,0.0,0.0,0.0
02600,0.0,0.0,0.0,0.0,0.0,0.0,0.0,0.0,0.0
02601,0.0,0.0,0.0,0.0,0.0,0.0,0.0,0.0,0.0
02602,0.0,0.0,0.0,0.0,0.0,0.0,0.0,0.0,0.0
02603,0.0,0.0,0.0,0.0,0.0,0.0,0.0,0.0,0.0
02607,0.0,0.0,0.0,0.0,0.0,0.0,0.0,0.0,0.0
02609,0.0,0.0,0.0,0.0,0.0,0.0,0.0,0.0,0.0
02610,0.0,0.0,0.0,0.0,0.0,0.0,0.0,0.0,0.0
02611,0.0,0.0,0.0,0.0,0.0,0.0,0.0,0.0,0.0
02616,0.0,0.0,0.0,0.0,0.0,0.0,0.0,0.0,0.0
02617,0.0,0.0,0.0,0.0,0.0,0.0,0.0,0.0,0.0
02618,0.0,0.0,0.0,0.0,0.0,0.0,0.0,0.0,0.0
02627,0.0,0.0,0.0,0.0,0.0,0.0,0.0,0.0,0.0
02628,0.0,0.0,0.0,0.0,0.0,0.0,0.0,0.0,0.0
02629,0.0,0.0,0.0,0.0,0.0,0.0,0.0,0.0,0.0
02631,0.0,0.0,0.0,0.0,0.0,0.0,0.0,0.0,0.0
02637,0.0,0.0,0.0,0.0,0.0,0.0,0.0,0.0,0.0
02643,0.0,0.0,0.0,0.0,0.0,0.0,0.0,0.0,0.0
02648,0.0,0.0,0.0,0.0,0.0,0.0,0.0,0.0,0.0
02652,0.0,0.0,0.0,0.0,0.0,0.0,0.0,0.0,0.0
02655,0.0,0.0,0.0,0.0,0.0,0.0,0.0,0.0,0.0
02656,0.0,0.0,0.0,0.0,0.0,0.0,0.0,0.0,0.0
02659,0.0,0.0,0.0,0.0,0.0,0.0,0.0,0.0,0.0
02661,0.0,0.0,0.0,0.0,0.0,0.0,0.0,0.0,0.0
02665,0.0,0.0,0.0,0.0,0.0,0.0,0.0,0.0,0.0
02666,0.0,0.0,0.0,0.0,0.0,0.0,0.0,0.0,0.0
02669,0.0,0.0,0.0,0.0,0.0,0.0,0.0,0.0,0.0
02676,0.0,0.0,0.0,0.0,0.0,0.0,0.0,0.0,0.0
02678,0.0,0.0,0.0,0.0,0.0,0.0,0.0,0.0,0.0
02685,0.0,0.0,0.0,0.0,0.0,0.0,0.0,0.0,0.0
02687,0.0,0.0,0.0,0.0,0.0,0.0,0.0,0.0,0.0
02688,0.0,0.0,0.0,0.0,0.0,0.0,0.0,0.0,0.0
02689,0.0,0.0,0.0,0.0,0.0,0.0,0.0,0.0,0.0
02691,0.0,0.0,0.0,0.0,0.0,0.0,0.0,0.0,0.0
02692,0.0,0.0,0.0,0.0,0.0,0.0,0.0,0.0,0.0
02698,0.0,0.0,0.0,0.0,0.0,0.0,0.0,0.0,0.0
02701,0.0,0.0,0.0,0.0,0.0,0.0,0.0,0.0,0.0
02714,0.0,0.0,0.0,0.0,0.0,0.0,0.0,0.0,0.0
02727,0.0,0.0,0.0,0.0,0.0,0.0,0.0,0.0,0.0
02768,0.0,0.0,0.0,0.0,0.0,0.0,0.0,0.0,0.0
02772,0.0,0.0,0.0,0.0,0.0,0.0,0.0,0.0,0.0
02777,0.0,0.0,0.0,0.0,0.0,0.0,0.0,0.0,0.0
02788,0.0,0.0,0.0,0.0,0.0,0.0,0.0,0.0,0.0
02798,0.0,0.0,0.0,0.0,0.0,0.0299708314127805,0.0,-0.0031010919803006014,-0.004948416246633599
02799,0.0,0.0,0.0,0.0,0.0,0.0,0.0,0.0,-0.029436370027946
02800,0.0,0.0,0.0,0.0,0.0,0.0,0.0,0.0,0.0
02801,0.0,0.0,0.0,0.0,0.0,0.0,0.0,0.0,0.0
02825,0.0,0.0,0.0,0.0,0.0,0.0,0.0,0.0,0.0
02828,0.0,0.0,0.0,0.0,0.0,0.0,0.0,0.0,0.0
02837,0.0,0.0,0.0,0.0,0.0,0.0,0.0,0.0,0.0
02858,0.0,0.0,0.0,0.0,-0.0402977847929613,0.010462026984551325,0.0,0.14191695786696662,0.0
02865,0.0,0.0,0.0,0.0,0.0,0.0,0.0,0.0,0.0
02866,0.011144792810471501,0.0,0.0,0.08366520155820398,0.09203348804701401,-0.0150901672153568,-0.006846755410570498,0.026108989392045305,0.005398501518740677
02869,0.0,0.0,0.0,0.0,0.0,0.0,0.0,0.0,0.0
02877,0.0,0.0,0.0,0.0,0.0,0.0,0.0,0.0,0.0
02880,0.0,0.005827657955814301,0.0,0.0,0.0,0.0,0.0,-0.0080856494989638,0.0
02882,0.0,0.0,0.0,0.0,0.0,0.0,0.0,0.0,0.0
02883,0.0,0.0,0.0,0.0,0.0,0.0,0.0,0.0,0.0
02888,0.0,0.0,0.0,0.0,0.0,0.0,0.0,0.0,0.0
02889,0.0,0.0,0.0,0.0,0.0,0.0,0.0,0.0,0.0
02899,0.04449043152738169,0.2390019598991314,0.0134003542655209,0.0,0.0,0.0,0.0,0.0,0.0
02934,0.0,0.0,0.0,0.0,0.0,0.0,0.0,0.0,0.0
03032,0.0,0.0,0.0,0.0,0.0,0.0,0.0,0.0,0.0
03033,0.0,0.0,0.0,0.0,0.0,0.0,0.0,0.0,0.0
03037,0.0,0.0,0.0,0.0,0.0,0.0,0.0,0.0,0.0
03039,0.0,0.0,0.0,0.0,0.0,0.0,0.0,0.0,0.0
03040,0.0,0.0,0.0,0.0,0.0,0.0,0.0,0.0,0.0
03067,0.0,0.0,0.0,0.0,0.0,0.0,0.0,0.0,0.0
03069,0.0,0.0,0.0,0.0,0.0,0.0,0.0,0.0,0.0
03070,0.0,0.0,0.0,0.0,0.0,0.0,0.0,0.0,0.0
03088,0.0,0.0,0.0,0.0,0.0,0.0,0.0,0.0,0.0
03110,0.0,0.0,0.0,0.0,0.0,0.0,0.0,0.0,0.0
03115,0.0,0.0,0.0,0.0,0.0,0.0,0.0,0.0,0.0
03167,0.0,0.0,0.0,0.0,0.0,0.0,0.0,0.0,0.0
03174,0.0,0.0,0.0,0.0,0.0,0.0,0.0,0.0,0.0
03200,0.0,0.0,0.0,0.0,0.0,0.0,0.0,0.0,0.0
03268,0.0,0.0,0.0,0.0,0.0,0.0,0.0,0.0,0.0
03288,0.0,0.0,0.0,0.0,0.0,0.0,0.0,0.0,0.0
03301,0.0,0.0,0.0,0.0,0.0,0.0,0.0,0.0,0.0
03306,0.0,0.0,0.0,0.0,0.0,0.0,0.0,0.0,0.0
03309,0.0,0.0,0.0,0.0,0.0,0.0,0.0,0.0,0.0
03311,0.0,0.0,0.0,0.0,0.0,0.0,0.0,0.0,0.0
03317,0.0,0.0,0.0,0.0,0.0,0.0,0.0,0.0,0.0
03319,0.0,0.0,0.0,0.0,0.0,0.0,0.0,0.0,0.0
03320,0.0,0.0,0.0,0.0,0.0,0.0,0.0,0.0,0.0
03323,0.0,0.0,0.0,0.0,0.0,0.0,0.0,0.0,0.0
03328,0.0,0.0,0.0,0.0,0.0,0.0,0.0,0.0,0.0
03329,0.0,0.0,0.0,0.0,0.0,0.0,0.0,0.0,0.0
03330,0.0,0.0,0.0,0.0,0.0,-0.023791406069772546,0.010450096523936199,0.0,0.0
03339,0.0,-0.038011707586779596,0.07045590473209727,0.0,0.02931237487674833,0.0071197904816273,0.0219282750082088,0.0,0.0
03347,0.0,0.0,0.0,0.0,0.0,0.0,0.0,0.0,0.0
03360,0.0,0.0,0.0,0.0,0.0,0.0,0.0,0.0,0.0
03368,0.0047438394869948,0.0,0.0,0.0,0.0,0.0,0.0,0.0,0.0
03369,0.0,0.0,0.0,0.0,0.0,0.03003765108583864,0.0,0.0,0.0
03377,0.0,0.0,0.0,0.0,0.0,0.0,0.0,0.0,0.0
03380,0.0,0.0,0.0,0.0,0.0,0.0,0.0,-0.0196393107622909,0.0
03382,-0.0277338966832776,0.0,0.0,0.0,0.0,0.0,0.0,0.0,0.0
03383,0.0,0.0,0.0,0.0,0.0,0.0,0.0,0.0,0.0
03389,0.0,0.0,0.0,0.0,0.0,0.0,0.0,0.0,0.0
03393,0.0,0.0,0.0129700443048016,-0.01718813692024536,0.0,0.0,0.0,0.0,0.0
03396,0.0,0.0,0.0,0.0,0.0,0.0,0.0,0.0,0.0
03403,0.0,0.0,0.0,0.0,0.0,0.0,0.0,0.0,0.0
03423,0.0,0.0,0.0,0.0,0.0,0.0,0.0,0.0,0.0
03432,0.0,0.0,0.0,0.0,0.0,0.0,0.0,0.0,0.0
03441,0.0,0.0,0.0,0.0,0.0,0.0,0.0,0.0,0.0
03442,0.0,0.0,0.0,0.0,0.0,0.0,0.0,0.0,0.0
03606,0.0,0.0,0.0,0.0,0.0,0.0,0.0,0.0,0.0
03613,0.0,0.0,0.0,0.0,0.0,0.0,0.0,0.0,0.0
03618,0.0,0.0,0.0,0.0013433786225611984,0.014016152327290704,0.002165963397321,0.0,0.0,0.0
03633,0.0,0.0,0.0,0.0,0.0,0.0,0.0,0.0,0.0
03650,0.0,0.0,0.0,0.0,0.0,0.0,0.0,0.0,0.0
03668,0.0,0.0,0.0,0.0,0.0,0.0,0.0,0.0,0.0
03669,0.0,0.0,0.0,0.0,0.0,0.0,0.0,0.0,0.0
03677,0.0,0.0,0.0,0.0,0.0,0.0,0.0,0.0,0.0
03678,0.0,0.0,0.0,0.0,0.0,0.0,0.0,0.0,0.0
03690,0.0,0.0,0.0,0.0,0.0,0.0,0.0,0.0,0.0
03692,0.0,0.0,0.0,0.0,0.0,0.0,0.0,0.0,0.0
03696,0.0,0.0,0.0,0.0,0.0,0.0,0.0,0.0,0.0
03698,0.0,0.0,0.0,0.0,0.0,0.0,0.0,0.0,0.0
03699,0.0,0.0,0.0,0.0,0.0,0.0,0.0,0.0,0.0
03709,0.0,0.0,0.0,0.0,0.0,0.0,0.0,0.0,0.0
03738,0.004869984876851401,0.0,-0.0474177536905243,0.0,0.0,0.0,0.0,0.0,0.0
03750,0.0,0.0,0.0,0.0,0.0,0.0,0.0,0.0,0.0
03759,0.0,0.0,0.0,0.0,0.0,0.0,0.0,0.0,0.0
03788,0.0,0.0,0.0,0.0,0.0,0.0,0.0,0.0,0.0
03800,0.0,0.0,0.0,0.16350208633384442,0.0,0.0,0.0065661301870514974,-0.0086189766901223,0.0
03808,0.0,0.0,0.0,0.0,0.0,0.0,0.0,0.0,0.0
03813,0.0,0.0,0.0,0.0,0.0,0.0,0.0,0.0,0.0
03818,0.0023014764087824005,-0.0265678136162729,-0.0524256321235612,0.0,0.0,0.0,0.0,0.0,0.0
03836,0.0,0.0,0.0,0.0,0.0,0.0,0.0,0.0,-0.0034994816915045997
03858,0.0,0.0,0.0,0.0,0.0,0.0,0.0,0.0,0.0
03866,0.0,0.0,0.0,0.0,0.0,0.0,0.0,0.0,0.0
03868,0.0,0.0,0.0,0.0,0.0,0.0,0.0,-0.013675605468600794,0.0
03877,0.0,0.0,0.0,-0.05307121047651689,-0.0060582504488220995,0.014328353909577506,0.011180404050176935,0.015780574607799,0.0
03883,0.0,0.0,0.0,0.0,0.0,0.0,0.0,0.0,0.0
03886,0.0,0.0,0.0,0.0,0.0,0.0,0.0,0.0,0.0
03888,0.0,0.0,0.0,0.0,0.0,0.0,0.0,0.0,0.0
03896,0.0,0.0,0.0,0.0,0.0,0.0,0.0,0.0,0.0
03898,0.0,0.0,0.0,0.0,0.0,0.0,0.0,0.0,0.0
03899,0.0,0.0,0.0,0.0,0.0,0.0,0.0,0.0,0.0
03900,0.0,0.0,0.0,0.0,0.0,0.0,0.0,0.0,0.0
03908,0.0,0.0,0.0,0.0,0.0,0.0,0.0,0.0,0.0
03913,0.0,0.0,0.0,0.0,0.0,0.0,0.0,0.0,0.0
03918,0.0,0.0,0.0,0.0,0.0,0.0,0.0,0.0,0.0
03931,0.0,0.0,0.0,0.0,0.0,0.0,0.0,0.0,0.0
03933,0.0,0.0,0.0,0.0,0.0,0.0,0.0,0.0,0.0
03939,0.0,0.0,0.0,0.0,0.0,0.0,0.0,0.0,0.0
03958,0.0,0.0,0.0,0.0,0.0,0.0,0.0,0.0,0.0
03968,0.0,0.0,0.0,0.0,0.0,0.0,0.0,0.0,0.0
03969,0.0,0.0,0.0,0.0,0.0,0.0,0.0,0.0,0.0
03986,0.0,0.0,0.0,0.0,0.0,0.0,0.0,0.0,0.0
03988,0.0,0.0169149435676067,-0.0149894356209889,0.0051257439590342,0.0,0.0,0.0,0.0,0.0
03990,0.0,0.0,0.0,0.0,0.0,0.0,0.0,0.0,0.0
03993,0.0,0.0,0.0,0.0,0.0,0.0,0.0,0.0,0.0
03996,0.0,0.0,0.0,0.0762981447620205,0.0,0.0,0.0,0.0,0.034973747782415104
03998,0.0,0.2058245037815101,0.11143679820172389,0.0,0.0,0.0,0.0,0.0,0.0
06030,0.0,0.0,0.0,0.0,0.0,0.0,0.0,0.0,0.0
06031,0.0,0.0,0.0,0.0,0.0,0.0,0.0,0.0,0.0
06049,0.0,0.0,0.0,0.0,0.0,0.0,0.0,0.0,0.0
06055,0.0,0.0,0.0,0.0,0.0,0.0,0.0,0.0,0.0
06060,0.0,0.0,0.0,0.0,0.0,0.0,0.0,0.0,0.0
06066,0.0,0.0,0.0,0.0,0.0,0.0,0.0,0.0,0.0
06068,0.0,0.0,0.0,0.0,0.0,0.0,0.0,0.0,0.0
06069,0.0,0.0,0.0,0.0,0.0,0.0,0.0,0.0,0.0
06078,0.0,0.0,0.0,0.0,0.0,0.0,0.0,0.0,0.0
06086,0.0,0.0,0.0,0.0,0.0,0.0,0.0,0.0,0.0
06088,0.0,0.0,0.0,0.0,0.0,0.0,0.0,0.0,0.0
06090,0.0,0.0,0.0,0.0,0.0,0.0,0.0,0.0,0.0
06098,0.0,0.0,0.0,0.0,0.0,0.0,0.0,0.0,0.0
06099,0.0,0.0,0.0,0.0,0.0,0.0,0.0,0.0,0.0
06100,0.0,0.0,0.0,0.0,0.0,0.0,0.0,0.0,0.0
06110,0.0,0.0,0.0,0.0,0.0,0.0,0.0,0.0,0.0
06127,0.0,0.0,0.0,0.0,0.0,0.0,0.0,0.0,0.0
06158,0.0,0.0,0.0,0.0,0.0,0.0,0.0,0.0,0.0
06160,0.0,0.0,0.0,0.0,0.0,0.0,0.0,0.0,0.0
06166,0.0,0.0,0.0,0.0,0.0,0.0,0.0,0.0,0.0
06168,0.0,0.0,0.0,0.0,0.0,0.0,0.0,0.0,0.0
06169,0.0,0.0,0.0,0.0,0.0,0.0,0.0,0.0,0.0
06178,0.0,0.0,0.0,0.0,0.0,0.0,0.0,0.0,0.0
06181,0.0,0.0,0.0,0.0,0.0,0.0,0.0,0.0,0.0
06185,0.0,0.0,0.0,0.0,0.0,0.0,0.0,0.0,0.0
06186,0.0,0.0,0.0,0.0,0.0,0.0,0.0,0.0,0.0
06196,0.0,0.0,0.0,0.0,0.0,0.0,0.0,0.0,0.0
06198,0.0,0.0,0.0,0.0,0.0,0.0,0.0,0.0,0.0
06600,0.0,0.0,0.0,0.0,0.0,0.0,0.0,0.0,0.0
06601,0.0,0.0,0.0,0.0,0.0,0.0,0.0,0.0,0.0
06603,0.0,0.0,0.0,0.0,0.0,0.0,0.0,0.0,0.0
06610,0.0,0.0,0.0,0.0,0.0,0.0,0.0,0.0,0.0
06613,0.0,0.0,0.0,0.0,0.0,0.0,0.0,0.0,0.0
06616,0.0,0.0,0.0,0.0,0.0,0.0,0.0,0.0,0.0
06618,0.0,0.0,0.0,0.0,0.0,0.0,0.0,0.0,0.0
06623,0.0,0.0,0.0,0.0,0.0,0.0,0.0,0.0,0.0
06639,0.0,0.0,0.0,0.0,0.0,0.0,0.0,0.0,0.0
06651,0.0,0.0,0.0,0.0,0.0,0.0,0.0,0.0,0.0
06655,0.0,0.0,0.0,0.0,0.0,0.0,0.0,0.0,0.0
06660,0.0,0.0,0.0,0.0,0.0,0.0,0.0,0.0,0.0
06666,0.0,0.0,0.0,0.0,0.0,0.0,0.0,-0.015001697929136101,0.0
06680,0.0,0.0,0.0,0.0,0.0,0.0,0.0,0.0,0.0
06681,0.0,0.0,0.0,0.0,0.0,0.0,0.0,0.0,0.0
06682,0.0,0.0,0.0,0.0,0.0,0.0,0.0,0.0,0.0
06683,0.0,0.0,0.0,0.0,0.0,0.0,0.0,0.0,0.0
06687,0.0,0.0,0.0,0.0,0.0,0.0,0.0,0.0,0.0
06690,0.0,0.0,0.0,0.0,0.0,0.0,0.0,0.0,0.0
06693,0.0,0.0,0.0,0.0,0.0,0.0,0.0,0.0,0.0
06698,0.0,0.0,0.0,0.0,0.0,0.0,0.0,0.0,0.0
06699,0.0,0.0,0.0,0.0,0.0,0.0,0.0,0.0,0.0
06806,0.0,0.0,0.07512816993122241,0.0,0.0,0.0,0.0,0.0,0.0
06808,0.0,0.0,0.0,0.0,0.0510837446950747,-0.022829990853069502,0.10027781680709108,-0.0140336686557644,0.0
06809,0.0,0.0,0.0,0.0,0.0,0.0,0.0,0.0,0.0
06818,0.0,0.0,0.0,0.0,0.0,0.0,0.0,0.0,0.0
06821,0.0,0.0,0.0,0.0,0.0,0.0,0.0,0.0,0.0
06826,0.0,0.0,0.0,0.0,0.0,0.0,0.0,0.0,0.0
06828,0.0,0.0,0.0,0.0,0.0,0.0,0.0,0.0,0.0
06855,0.0,0.0,0.0,0.0,0.0,0.0,0.0,0.0,0.0
06862,0.0,0.0,0.0,0.0,0.0,0.0,0.0,0.0,0.0
06865,0.0924355757109315,0.0,0.0,0.0,0.0,0.0,0.0,0.0,0.0
06869,0.0,0.0,0.0,0.0,0.0,0.0,0.0,0.0,0.0
06878,0.0,0.0,0.0,0.0,0.0,0.0,0.0,0.0,0.0
06881,0.0,0.0,0.0,0.0,0.0,0.0,0.0,0.0,0.0
06886,0.0,0.0,0.0,0.0,0.0,0.0,0.0,0.0,0.0
06887,0.0,0.0,0.0,0.0,0.0,0.0,0.0,0.0,0.0
06929,0.0,0.0,0.0,0.0,0.0,0.0,0.0,0.0,0.0
06936,0.0,0.0,0.0,0.0,0.0,0.0,0.0,0.0,0.0
06955,0.0,0.0,0.0,0.0,0.0,0.0,0.0,0.0,0.0
06963,0.0,0.0,0.0,0.0,0.0,0.0,0.0,0.0,0.0
06968,0.0,0.0,0.0,0.0,0.0,0.0,0.0,0.0,0.0
06969,0.0,0.0,0.0,0.0,0.0,0.0,0.0,0.0,0.0
06978,0.0,0.0,0.0,0.0,0.0,0.0,0.0,0.0,0.0
06979,0.0,0.0,0.0,0.0,0.0,0.0,0.0,0.0,0.0
06988,0.0,0.0,0.0,0.0,0.0,0.0,0.0,0.0,0.0
06989,0.0,0.0,0.0,0.0,0.0,0.0,0.0,0.0,0.0
06990,0.0,0.0,0.0,0.0,0.0,0.0,0.0,0.0,0.0
06993,0.0,0.0,0.0,0.0,0.0,0.0,0.0,0.0,0.0
06996,0.0,0.0,0.0,0.0,0.0,0.0,0.0,0.0,0.0
06998,0.0,0.0,0.0,0.0,0.0,0.0,0.0,0.0,0.0
07489,0.0,0.0,0.0,0.0,0.0,0.0,0.0,0.0,0.0
07618,0.0,0.0,0.0,0.0,0.0,0.0,0.0,0.0,0.0
08328,0.0,0.0,0.0,0.0,0.0,0.0,0.0,0.0,0.0
09606,0.0,0.0,0.0,0.0,0.0,0.0,0.0,0.0,0.0
09611,0.0,0.0,0.0,0.0,0.0,0.0,0.0,0.0,0.0
09618,0.0,0.0,0.0,0.0,0.0,0.0,0.0,0.0,0.0
09626,0.0,0.0,0.0,0.0,0.0,0.0,0.0,0.0,0.0
09633,0.0,0.0,0.0,0.0,0.0,0.0,0.0,0.0,0.0
09636,0.0,0.0,0.0,0.0,0.0,0.0,0.0,0.0,0.0
09658,0.0,0.0,0.0,0.0,0.0,0.0,0.0,0.0,0.0
09660,0.0,0.0,0.0,0.0,0.0,0.0,0.0,0.0,0.0
09668,0.0,0.0,0.0,0.0,0.0,0.0,0.0,0.0,0.0
09669,0.0,0.0,0.0,0.0,0.0,0.0,0.0,0.0,0.0
09676,0.0,0.0,0.0,0.0,0.0,0.0,0.0,0.0,0.0
09678,0.0,0.0,0.0,0.0,0.0,0.0,0.0,0.0,0.0
09688,0.0,0.0,0.0,0.0,0.0,0.0,0.0,0.0,0.0
09690,0.0,0.0,0.0,0.0,0.0,0.0,0.0,0.0,0.0
09696,0.0,0.0,0.0,0.0,0.0,0.0,0.0,0.0,0.0
09699,0.0,0.0,0.0,0.0,0.0,0.0,0.0,0.0,0.0
09857,0.0,0.0,0.0,0.0,0.0,0.0,0.0,0.0,0.0
09858,0.0,0.0,0.0,0.0,0.0,0.0,0.0,0.0,0.0
09860,0.0,0.0,0.0,0.0,0.0,0.0,0.0,0.0,0.0
09863,0.0,0.0,0.0,0.0,0.0,0.0,0.0,0.0,0.0
09868,0.0,0.0,0.0,0.0,0.0,0.0,0.0,0.0,0.0
09869,0.0,0.0,0.0,0.0,0.0,0.0,0.0,-0.0028499881851537004,0.0
09877,0.0,0.0,0.0,0.0,0.0,0.0,0.0,0.0,0.0
09878,0.0,0.0,0.0,0.0,0.0,0.0,0.0,0.0,0.0
09880,0.0,0.0,0.0,0.0,0.0,0.0,0.0,0.0,0.0
09885,0.0,0.0,0.0,0.0,0.0,0.0,0.0,0.0,0.0
09886,0.0,0.0,0.0,0.0,0.0,0.0,0.0,-0.0042800093090156,-0.012570956584264199
09887,0.0,0.0,0.0,0.0,0.0,0.0,0.0,0.0,0.0
09890,0.0,0.0,0.0,0.0,0.0,0.0,0.0,0.0,0.0
09896,0.0,0.0,0.0,0.0,0.0,0.0,0.0,0.0,0.0
09899,0.0,0.0,0.0,0.0,0.0,0.0,0.0,0.0,0.0
09909,0.0,0.0,0.0,0.0,0.0,0.0,0.0,0.0,0.0
09911,0.0,0.0,0.0,0.0,0.0,0.0,0.0,0.0,0.0
09922,0.0,0.0,0.0,0.0,0.0,0.0,0.0,0.0,0.0
09923,0.0,0.0,0.0,0.0,0.0,0.0,0.0,0.0,0.0
09926,0.0,0.0,0.0,0.0,0.0,0.0,0.0,0.0,0.0
09927,0.0,0.0,0.0,0.0,0.0,0.0,0.0,0.0,0.0
09928,0.0,0.0,0.0,0.0,0.0,0.0,0.0,0.0,0.0
09930,0.0,0.0,0.0,0.0,0.0,0.0,0.0,0.0,0.0
09939,0.0,0.0,0.0,0.0,0.0,0.0,0.0,0.0,0.0
09955,0.0,0.0,0.0,0.0,0.0,0.0,0.0,0.0,0.0
09959,0.0,0.0,0.0,0.0,0.0,0.0,0.0,0.0,0.0
09966,0.0,0.0,0.0,0.0,0.0,0.0,0.0,0.0,0.0
09968,0.0,0.0,0.0,0.0,0.0,0.0,0.0,0.0,0.0
09969,0.0,0.0,0.0,0.0,0.0,0.0,0.0,0.0,0.0
09973,0.0,0.0,0.0,0.0,0.0,0.0,0.0,0.0,0.0
09979,0.0,0.0,0.0,0.0,0.0,0.0,0.0,0.0,0.0
09980,0.0,0.0,0.0,0.0,0.0,0.0,0.0,0.0,0.0
09981,0.0,0.0,0.0,0.0,0.0,0.0,0.0,0.0,0.0
09983,0.0,0.0,0.0,0.0,0.0,0.0,0.0,8.506084376796243e-05,0.0
09985,0.0,0.0,0.0,0.0,0.0,0.0,0.0,0.0,0.0
09987,0.0,0.0,0.0,0.0,0.0,0.0,0.0,0.0,0.0
09988,0.0,0.0,0.0,0.0,0.0,0.0,0.0,0.0,0.0
09989,0.0,0.0,0.0,0.0,0.0,0.0,0.0,0.0,0.0
09990,0.0,0.0,0.0,0.0,0.0,0.0,0.0,0.0,0.0
09992,0.0,0.0,0.0,0.0,0.0,0.0,0.0,0.0,0.0
09993,0.0,0.0,0.0,0.0,0.0,0.0,0.0,0.0,0.0
09995,0.0,0.0,0.0,0.0,0.0,0.0,0.0,0.0,0.0
09996,0.0,0.0,0.0,0.0,0.0,0.0,0.0,0.0,0.0
99998,0.0,0.0,0.0,0.0,0.0,0.0,0.0,0.0,0.0
99999,0.0,0.0,0.0,0.0,0.0,0.0,0.0,0.0,0.0
