,total_contribution,avg_weight,turnover
1788,0.4084386609640965,0.0084701366044945,1.2358172381602466
1114,0.3809528929474573,0.0173588306329001,1.4675607077661157
3998,0.3172613019832345,0.0149847965023408,1.7484961422955978
2899,0.2968927456920346,0.0145880121677484,1.539184810813035
135,0.2891093330052315,0.0028466832414926,0.5238470659642918
2866,0.1964140507005487,0.031333283775442,3.451839442310985
728,0.1720796383288323,0.0098339465340978,1.323083260740238
2255,0.1694549111742819,0.0094169122108596,1.3441300313448656
1681,0.1692878037755872,0.0070168714456043,1.0476117940079823
3800,0.1614492398307734,0.0053727426974532,1.0566110332087266
1357,0.1523503326621553,0.0028795050794561,0.3935521136349071
1516,0.14553292713734,0.0026084645921506,0.598222637972468
639,0.1400358957728808,0.007805343718145,1.1766096074990775
1995,0.1265259079760073,0.0122817745273176,0.8528098901246112
968,0.1216955855956493,0.0053294741998548,0.4526573494152784
6808,0.1144979019933327,0.00933278982775,1.1899654327124911
2858,0.1120812000585565,0.0052424259264459,0.824026899399303
857,0.1116099772249651,0.002882751697216,0.3361489099823326
3996,0.1112718925444359,0.004169162033037,0.5040986213973071
1071,0.1096722841393517,0.016500038566147,2.0167782643775083
1783,0.108909645842996,0.0059646256227405,0.3841499350738784
697,0.108248690317427,0.0138907138073093,1.767469290888751
992,0.0977379519943367,0.0043080119419957,0.3395923896524425
6865,0.0924355757109316,0.001505018514738,0.3155352677057061
3339,0.090804637511902,0.0168016478040397,1.640106801909368
933,0.0831800338114467,0.0014004335630462,0.3427466975272854
1883,0.0831796124474549,0.0066079508309602,0.6472939421661035
297,0.0806811677275592,0.0271638595799367,2.470390581346053
978,0.0768239760691464,0.007619405319655,1.0171292626890025
6806,0.0751281699312222,0.0018536660328241,0.3420201831214599
1428,0.0701254350645148,0.0100344936350441,1.280468168402835
2477,0.0698440223792648,0.0108846197687304,0.8623471889542937
991,0.0663809716816,0.0110212033690356,1.0184365351588929
1157,0.0553737627427233,0.00438801267395,0.6228750956039402
2343,0.0504439760677572,0.0041689371578719,0.6473831469043674
1033,0.0485310513901457,0.0028363570131729,0.3779257157779246
535,0.0477652478902881,0.0042159828994725,0.6976696139421246
1898,0.0464458146028753,0.0113408546344357,1.5632159784439714
517,0.0446132538983963,0.0095190775304336,1.1123166105943438
2386,0.0419254266761534,0.0012991847556583,0.2640510306994751
598,0.0409588157751068,0.0258698785675439,2.110023073126221
327,0.0406110406931155,0.0073824754708087,1.1780750707796803
1610,0.0388580104912571,0.0014481236022265,0.2575118282732639
1773,0.0373414768848622,0.0043385925982806,0.6685643179664198
321,0.032871579213225,0.0140866337423499,0.8228770586383791
3369,0.0300376510858387,0.0008523765109911,0.227871830421925
1981,0.0297383371181872,0.0050156399683487,0.4507702672645116
2232,0.0295401462545777,0.0050853901805731,0.5197699853245762
2380,0.0276516095528259,0.0271676197011538,3.1334675728280565
468,0.0256547042456199,0.0014671111659008,0.1971489439776996
2169,0.0252177684132642,0.0020781526967017,0.2161744497134069
1368,0.0229046984900218,0.0041573540281633,0.5526187005960104
81,0.0219604220819806,0.0039676058891067,0.5213519827709003
2798,0.0219213231858456,0.0040762850741919,0.2767314666173552
338,0.0201981417809098,0.0015086165502578,0.2242642102202647
3618,0.0175254943471725,0.0091096523534041,1.231669203834719
467,0.0163795033358586,0.0067524776917621,0.9957979743218766
732,0.0142516117332112,0.0175208109270916,1.6734151182291137
1618,0.0137053477831415,0.0027083770242612,0.5072627827349213
2009,0.0131211139075725,0.0121702723724025,1.6161413942880347
1382,0.0128787375119005,0.0009177842521492,0.128463670254786
1668,0.0128012588666806,0.0013208700048418,0.2100226492146888
1606,0.0106983896824862,0.0017032160903264,0.1431523014595432
3988,0.007051251905652,0.0061935955576174,0.8076109676808503
1528,0.0068842166024007,0.0022769729490444,0.3746115457661827
1890,0.0060045720581708,0.0035344157534109,0.4346162294937875
3368,0.0047438394869945,0.0012317343350426,0.2218033329290547
607,0.0033019327540451,0.0002477492401437,0.0432433158771746
1277,0.0019537503012249,0.0038923271895874,0.6485340835599759
579,0.001514415271518,0.0024731924312482,0.4227147069278923
1117,0.0012259760712695,0.0014533218264223,0.2127585870162455
9983,8.506084376846339e-05,0.0003299377587642,0.0140676972725982
241,0.0,0.0,0.0
87,0.0,0.0,0.0
95,0.0,0.0,0.0
101,0.0,0.0,0.0
116,0.0,0.0,0.0
119,0.0,0.0,0.0
120,0.0,0.0,0.0
123,0.0,0.0,0.0
124,0.0,0.0,0.0
127,0.0,0.0,0.0
136,0.0,0.0,0.0
144,0.0,0.0,0.0
148,0.0,0.0,0.0
151,0.0,0.0,0.0
9896,0.0,0.0,0.0
295,0.0,0.0,0.0
152,0.0,0.0,0.0
163,0.0,0.0,0.0
165,0.0,0.0,0.0
168,0.0,0.0,0.0
173,0.0,0.0,0.0
175,0.0,0.0,0.0
177,0.0,0.0,0.0
178,0.0,0.0,0.0
179,0.0,0.0,0.0
185,0.0,0.0,0.0
187,0.0,0.0,0.0
189,0.0,0.0,0.0
200,0.0,0.0,0.0
220,0.0,0.0,0.0
330,0.0,0.0,0.0
336,0.0,0.0,0.0
242,0.0,0.0,0.0
245,0.0,0.0,0.0
256,0.0,0.0,0.0
257,0.0,0.0,0.0
267,0.0,0.0,0.0
268,0.0,0.0,0.0
270,0.0,0.0,0.0
279,0.0,0.0,0.0
285,0.0,0.0,0.0
288,0.0,0.0,0.0
290,0.0,0.0,0.0
291,0.0,0.0,0.0
293,0.0,0.0,0.0
390,0.0,0.0,0.0
392,0.0,0.0,0.0
400,0.0,0.0,0.0
299,0.0,0.0,0.0
300,0.0,0.0,0.0
302,0.0,0.0,0.0
303,0.0,0.0,0.0
308,0.0,0.0,0.0
314,0.0,0.0,0.0
315,0.0,0.0,0.0
316,0.0,0.0,0.0
317,0.0,0.0,0.0
322,0.0,0.0,0.0
323,0.0,0.0,0.0
325,0.0,0.0,0.0
470,0.0,0.0,0.0
480,0.0,0.0,0.0
488,0.0,0.0,0.0
493,0.0,0.0,0.0
341,0.0,0.0,0.0
345,0.0,0.0,0.0
347,0.0,0.0,0.0
354,0.0,0.0,0.0
358,0.0,0.0,0.0
363,0.0,0.0,0.0
368,0.0,0.0,0.0
384,0.0,0.0,0.0
386,0.0,0.0,0.0
388,0.0,0.0,0.0
522,0.0,0.0,0.0
525,0.0,0.0,0.0
547,0.0,0.0,0.0
548,0.0,0.0,0.0
551,0.0,0.0,0.0
552,0.0,0.0,0.0
410,0.0,0.0,0.0
412,0.0,0.0,0.0
419,0.0,0.0,0.0
425,0.0,0.0,0.0
432,0.0,0.0,0.0
439,0.0,0.0,0.0
440,0.0,0.0,0.0
460,0.0,0.0,0.0
570,0.0,0.0,0.0
576,0.0,0.0,0.0
582,0.0,0.0,0.0
586,0.0,0.0,0.0
587,0.0,0.0,0.0
588,0.0,0.0,0.0
590,0.0,0.0,0.0
496,0.0,0.0,0.0
501,0.0,0.0,0.0
506,0.0,0.0,0.0
508,0.0,0.0,0.0
511,0.0,0.0,0.0
512,0.0,0.0,0.0
636,0.0,0.0,0.0
638,0.0,0.0,0.0
650,0.0,0.0,0.0
656,0.0,0.0,0.0
659,0.0,0.0,0.0
666,0.0,0.0,0.0
667,0.0,0.0,0.0
669,0.0,0.0,0.0
670,0.0,0.0,0.0
683,0.0,0.0,0.0
553,0.0,0.0,0.0
558,0.0,0.0,0.0
563,0.0,0.0,0.0
564,0.0,0.0,0.0
568,0.0,0.0,0.0
688,0.0,0.0,0.0
691,0.0,0.0,0.0
694,0.0,0.0,0.0
696,0.0,0.0,0.0
698,0.0,0.0,0.0
699,0.0,0.0,0.0
700,0.0,0.0,0.0
710,0.0,0.0,0.0
718,0.0,0.0,0.0
719,0.0,0.0,0.0
721,0.0,0.0,0.0
606,0.0,0.0,0.0
612,0.0,0.0,0.0
737,0.0,0.0,0.0
743,0.0,0.0,0.0
751,0.0,0.0,0.0
753,0.0,0.0,0.0
754,0.0,0.0,0.0
762,0.0,0.0,0.0
763,0.0,0.0,0.0
772,0.0,0.0,0.0
777,0.0,0.0,0.0
780,0.0,0.0,0.0
788,0.0,0.0,0.0
799,0.0,0.0,0.0
806,0.0,0.0,0.0
811,0.0,0.0,0.0
686,0.0,0.0,0.0
687,0.0,0.0,0.0
860,0.0,0.0,0.0
9690,0.0,0.0,0.0
9696,0.0,0.0,0.0
9699,0.0,0.0,0.0
9857,0.0,0.0,0.0
9858,0.0,0.0,0.0
9860,0.0,0.0,0.0
9863,0.0,0.0,0.0
9868,0.0,0.0,0.0
9877,0.0,0.0,0.0
9878,0.0,0.0,0.0
9880,0.0,0.0,0.0
9885,0.0,0.0,0.0
9887,0.0,0.0,0.0
9890,0.0,0.0,0.0
917,0.0,0.0,0.0
813,0.0,0.0,0.0
816,0.0,0.0,0.0
817,0.0,0.0,0.0
819,0.0,0.0,0.0
826,0.0,0.0,0.0
829,0.0,0.0,0.0
832,0.0,0.0,0.0
836,0.0,0.0,0.0
839,0.0,0.0,0.0
845,0.0,0.0,0.0
846,0.0,0.0,0.0
853,0.0,0.0,0.0
855,0.0,0.0,0.0
856,0.0,0.0,0.0
981,0.0,0.0,0.0
861,0.0,0.0,0.0
867,0.0,0.0,0.0
868,0.0,0.0,0.0
873,0.0,0.0,0.0
874,0.0,0.0,0.0
880,0.0,0.0,0.0
881,0.0,0.0,0.0
883,0.0,0.0,0.0
884,0.0,0.0,0.0
895,0.0,0.0,0.0
902,0.0,0.0,0.0
909,0.0,0.0,0.0
911,0.0,0.0,0.0
914,0.0,0.0,0.0
916,0.0,0.0,0.0
1052,0.0,0.0,0.0
1055,0.0,0.0,0.0
921,0.0,0.0,0.0
931,0.0,0.0,0.0
934,0.0,0.0,0.0
939,0.0,0.0,0.0
941,0.0,0.0,0.0
950,0.0,0.0,0.0
951,0.0,0.0,0.0
960,0.0,0.0,0.0
966,0.0,0.0,0.0
975,0.0,0.0,0.0
976,0.0,0.0,0.0
1097,0.0,0.0,0.0
1098,0.0,0.0,0.0
1099,0.0,0.0,0.0
1108,0.0,0.0,0.0
989,0.0,0.0,0.0
995,0.0,0.0,0.0
998,0.0,0.0,0.0
999,0.0,0.0,0.0
1024,0.0,0.0,0.0
1028,0.0,0.0,0.0
1030,0.0,0.0,0.0
1038,0.0,0.0,0.0
1044,0.0,0.0,0.0
1121,0.0,0.0,0.0
1128,0.0,0.0,0.0
1138,0.0,0.0,0.0
1140,0.0,0.0,0.0
1164,0.0,0.0,0.0
1165,0.0,0.0,0.0
1057,0.0,0.0,0.0
1065,0.0,0.0,0.0
1066,0.0,0.0,0.0
1070,0.0,0.0,0.0
1072,0.0,0.0,0.0
1083,0.0,0.0,0.0
1088,0.0,0.0,0.0
1093,0.0,0.0,0.0
1193,0.0,0.0,0.0
1196,0.0,0.0,0.0
1199,0.0,0.0,0.0
1205,0.0,0.0,0.0
1208,0.0,0.0,0.0
1209,0.0,0.0,0.0
1211,0.0,0.0,0.0
1233,0.0,0.0,0.0
1234,0.0,0.0,0.0
1238,0.0,0.0,0.0
1109,0.0,0.0,0.0
1112,0.0,0.0,0.0
1113,0.0,0.0,0.0
1115,0.0,0.0,0.0
1268,0.0,0.0,0.0
1269,0.0,0.0,0.0
1270,0.0,0.0,0.0
1274,0.0,0.0,0.0
1276,0.0,0.0,0.0
1282,0.0,0.0,0.0
1286,0.0,0.0,0.0
1293,0.0,0.0,0.0
1299,0.0,0.0,0.0
1167,0.0,0.0,0.0
1171,0.0,0.0,0.0
1176,0.0,0.0,0.0
1177,0.0,0.0,0.0
1186,0.0,0.0,0.0
1188,0.0,0.0,0.0
1313,0.0,0.0,0.0
1315,0.0,0.0,0.0
1316,0.0,0.0,0.0
1317,0.0,0.0,0.0
1318,0.0,0.0,0.0
1330,0.0,0.0,0.0
1336,0.0,0.0,0.0
1339,0.0,0.0,0.0
1341,0.0,0.0,0.0
1347,0.0,0.0,0.0
1349,0.0,0.0,0.0
1244,0.0,0.0,0.0
1250,0.0,0.0,0.0
1253,0.0,0.0,0.0
1257,0.0,0.0,0.0
1364,0.0,0.0,0.0
1375,0.0,0.0,0.0
1378,0.0,0.0,0.0
1384,0.0,0.0,0.0
1385,0.0,0.0,0.0
1398,0.0,0.0,0.0
1405,0.0,0.0,0.0
1432,0.0,0.0,0.0
1448,0.0,0.0,0.0
1302,0.0,0.0,0.0
1304,0.0,0.0,0.0
1308,0.0,0.0,0.0
1310,0.0,0.0,0.0
7618,0.0,0.0,0.0
8328,0.0,0.0,0.0
9606,0.0,0.0,0.0
9611,0.0,0.0,0.0
9618,0.0,0.0,0.0
9626,0.0,0.0,0.0
9633,0.0,0.0,0.0
9636,0.0,0.0,0.0
9658,0.0,0.0,0.0
9660,0.0,0.0,0.0
9668,0.0,0.0,0.0
9669,0.0,0.0,0.0
9676,0.0,0.0,0.0
9678,0.0,0.0,0.0
9688,0.0,0.0,0.0
1456,0.0,0.0,0.0
1458,0.0,0.0,0.0
1468,0.0,0.0,0.0
1475,0.0,0.0,0.0
1477,0.0,0.0,0.0
1478,0.0,0.0,0.0
1513,0.0,0.0,0.0
1515,0.0,0.0,0.0
1519,0.0,0.0,0.0
1521,0.0,0.0,0.0
1530,0.0,0.0,0.0
1541,0.0,0.0,0.0
1548,0.0,0.0,0.0
7489,0.0,0.0,0.0
1729,0.0,0.0,0.0
1551,0.0,0.0,0.0
1563,0.0,0.0,0.0
1569,0.0,0.0,0.0
1578,0.0,0.0,0.0
1579,0.0,0.0,0.0
1583,0.0,0.0,0.0
1600,0.0,0.0,0.0
1608,0.0,0.0,0.0
1622,0.0,0.0,0.0
1628,0.0,0.0,0.0
1635,0.0,0.0,0.0
1636,0.0,0.0,0.0
1789,0.0,0.0,0.0
1797,0.0,0.0,0.0
1638,0.0,0.0,0.0
1658,0.0,0.0,0.0
1661,0.0,0.0,0.0
1666,0.0,0.0,0.0
1675,0.0,0.0,0.0
1680,0.0,0.0,0.0
1686,0.0,0.0,0.0
1691,0.0,0.0,0.0
1709,0.0,0.0,0.0
1717,0.0,0.0,0.0
1728,0.0,0.0,0.0
1828,0.0,0.0,0.0
1833,0.0,0.0,0.0
1836,0.0,0.0,0.0
1848,0.0,0.0,0.0
1858,0.0,0.0,0.0
1755,0.0,0.0,0.0
1765,0.0,0.0,0.0
1766,0.0,0.0,0.0
1769,0.0,0.0,0.0
1772,0.0,0.0,0.0
1776,0.0,0.0,0.0
1777,0.0,0.0,0.0
1778,0.0,0.0,0.0
1787,0.0,0.0,0.0
1333,0.0,0.0,0.0
1,0.0,0.0,0.0
1896,0.0,0.0,0.0
2,0.0,0.0,0.0
1907,0.0,0.0,0.0
1908,0.0,0.0,0.0
1910,0.0,0.0,0.0
1799,0.0,0.0,0.0
1800,0.0,0.0,0.0
1801,0.0,0.0,0.0
1810,0.0,0.0,0.0
1813,0.0,0.0,0.0
1816,0.0,0.0,0.0
1817,0.0,0.0,0.0
1818,0.0,0.0,0.0
1942,0.0,0.0,0.0
1951,0.0,0.0,0.0
1952,0.0,0.0,0.0
1958,0.0,0.0,0.0
1963,0.0,0.0,0.0
1966,0.0,0.0,0.0
1969,0.0,0.0,0.0
1970,0.0,0.0,0.0
1972,0.0,0.0,0.0
1860,0.0,0.0,0.0
1873,0.0,0.0,0.0
1876,0.0,0.0,0.0
1877,0.0,0.0,0.0
1880,0.0,0.0,0.0
1881,0.0,0.0,0.0
1882,0.0,0.0,0.0
3,0.0,0.0,0.0
1996,0.0,0.0,0.0
1997,0.0,0.0,0.0
1999,0.0,0.0,0.0
2003,0.0,0.0,0.0
2005,0.0,0.0,0.0
2007,0.0,0.0,0.0
2008,0.0,0.0,0.0
4,0.0,0.0,0.0
2013,0.0,0.0,0.0
2015,0.0,0.0,0.0
1911,0.0,0.0,0.0
1919,0.0,0.0,0.0
1921,0.0,0.0,0.0
1928,0.0,0.0,0.0
1929,0.0,0.0,0.0
2020,0.0,0.0,0.0
2038,0.0,0.0,0.0
2039,0.0,0.0,0.0
2048,0.0,0.0,0.0
2050,0.0,0.0,0.0
2051,0.0,0.0,0.0
2057,0.0,0.0,0.0
2068,0.0,0.0,0.0
2096,0.0,0.0,0.0
2097,0.0,0.0,0.0
2098,0.0,0.0,0.0
2099,0.0,0.0,0.0
2105,0.0,0.0,0.0
2111,0.0,0.0,0.0
5,0.0,0.0,0.0
1989,0.0,0.0,0.0
6887,0.0,0.0,0.0
6929,0.0,0.0,0.0
6936,0.0,0.0,0.0
6955,0.0,0.0,0.0
6963,0.0,0.0,0.0
6968,0.0,0.0,0.0
6969,0.0,0.0,0.0
6978,0.0,0.0,0.0
6979,0.0,0.0,0.0
6988,0.0,0.0,0.0
6989,0.0,0.0,0.0
6990,0.0,0.0,0.0
6993,0.0,0.0,0.0
6996,0.0,0.0,0.0
6998,0.0,0.0,0.0
2018,0.0,0.0,0.0
2126,0.0,0.0,0.0
2128,0.0,0.0,0.0
2136,0.0,0.0,0.0
2137,0.0,0.0,0.0
2138,0.0,0.0,0.0
2142,0.0,0.0,0.0
2145,0.0,0.0,0.0
2150,0.0,0.0,0.0
2155,0.0,0.0,0.0
2156,0.0,0.0,0.0
2157,0.0,0.0,0.0
2158,0.0,0.0,0.0
2160,0.0,0.0,0.0
2162,0.0,0.0,0.0
2168,0.0,0.0,0.0
6886,0.0,0.0,0.0
6,0.0,0.0,0.0
2171,0.0,0.0,0.0
2172,0.0,0.0,0.0
2186,0.0,0.0,0.0
2192,0.0,0.0,0.0
2196,0.0,0.0,0.0
2197,0.0,0.0,0.0
2199,0.0,0.0,0.0
2202,0.0,0.0,0.0
2208,0.0,0.0,0.0
2218,0.0,0.0,0.0
2228,0.0,0.0,0.0
1888,0.0,0.0,0.0
2238,0.0,0.0,0.0
2252,0.0,0.0,0.0
2121,0.0,0.0,0.0
8,0.0,0.0,0.0
2257,0.0,0.0,0.0
2259,0.0,0.0,0.0
2268,0.0,0.0,0.0
2269,0.0,0.0,0.0
2273,0.0,0.0,0.0
2276,0.0,0.0,0.0
2279,0.0,0.0,0.0
2280,0.0,0.0,0.0
2282,0.0,0.0,0.0
2285,0.0,0.0,0.0
2291,0.0,0.0,0.0
2298,0.0,0.0,0.0
2313,0.0,0.0,0.0
2314,0.0,0.0,0.0
2315,0.0,0.0,0.0
2318,0.0,0.0,0.0
2319,0.0,0.0,0.0
2326,0.0,0.0,0.0
2328,0.0,0.0,0.0
2329,0.0,0.0,0.0
2331,0.0,0.0,0.0
2333,0.0,0.0,0.0
2338,0.0,0.0,0.0
2342,0.0,0.0,0.0
10,0.0,0.0,0.0
2356,0.0,0.0,0.0
2357,0.0,0.0,0.0
2359,0.0,0.0,0.0
2362,0.0,0.0,0.0
2363,0.0,0.0,0.0
2367,0.0,0.0,0.0
2511,0.0,0.0,0.0
2378,0.0,0.0,0.0
12,0.0,0.0,0.0
2382,0.0,0.0,0.0
13,0.0,0.0,0.0
2388,0.0,0.0,0.0
2400,0.0,0.0,0.0
2402,0.0,0.0,0.0
2407,0.0,0.0,0.0
2410,0.0,0.0,0.0
2411,0.0,0.0,0.0
2415,0.0,0.0,0.0
2416,0.0,0.0,0.0
2419,0.0,0.0,0.0
2423,0.0,0.0,0.0
2429,0.0,0.0,0.0
2583,0.0,0.0,0.0
2586,0.0,0.0,0.0
2431,0.0,0.0,0.0
2432,0.0,0.0,0.0
2443,0.0,0.0,0.0
2453,0.0,0.0,0.0
2460,0.0,0.0,0.0
2465,0.0,0.0,0.0
2469,0.0,0.0,0.0
14,0.0,0.0,0.0
2487,0.0,0.0,0.0
2498,0.0,0.0,0.0
2500,0.0,0.0,0.0
2506,0.0,0.0,0.0
2507,0.0,0.0,0.0
2510,0.0,0.0,0.0
2616,0.0,0.0,0.0
2617,0.0,0.0,0.0
2517,0.0,0.0,0.0
2522,0.0,0.0,0.0
2533,0.0,0.0,0.0
2550,0.0,0.0,0.0
2555,0.0,0.0,0.0
2556,0.0,0.0,0.0
2562,0.0,0.0,0.0
2565,0.0,0.0,0.0
2570,0.0,0.0,0.0
2575,0.0,0.0,0.0
2577,0.0,0.0,0.0
2579,0.0,0.0,0.0
2580,0.0,0.0,0.0
2582,0.0,0.0,0.0
2666,0.0,0.0,0.0
2669,0.0,0.0,0.0
2587,0.0,0.0,0.0
2588,0.0,0.0,0.0
2589,0.0,0.0,0.0
2590,0.0,0.0,0.0
2591,0.0,0.0,0.0
2595,0.0,0.0,0.0
2600,0.0,0.0,0.0
2601,0.0,0.0,0.0
2602,0.0,0.0,0.0
2603,0.0,0.0,0.0
2607,0.0,0.0,0.0
2609,0.0,0.0,0.0
2610,0.0,0.0,0.0
2611,0.0,0.0,0.0
2777,0.0,0.0,0.0
2788,0.0,0.0,0.0
2618,0.0,0.0,0.0
2627,0.0,0.0,0.0
2628,0.0,0.0,0.0
2629,0.0,0.0,0.0
2631,0.0,0.0,0.0
2637,0.0,0.0,0.0
2643,0.0,0.0,0.0
2648,0.0,0.0,0.0
2652,0.0,0.0,0.0
2655,0.0,0.0,0.0
2656,0.0,0.0,0.0
2659,0.0,0.0,0.0
2661,0.0,0.0,0.0
2665,0.0,0.0,0.0
2883,0.0,0.0,0.0
2888,0.0,0.0,0.0
2676,0.0,0.0,0.0
2678,0.0,0.0,0.0
2685,0.0,0.0,0.0
2687,0.0,0.0,0.0
2688,0.0,0.0,0.0
2689,0.0,0.0,0.0
2691,0.0,0.0,0.0
2692,0.0,0.0,0.0
2698,0.0,0.0,0.0
2701,0.0,0.0,0.0
2714,0.0,0.0,0.0
2727,0.0,0.0,0.0
2768,0.0,0.0,0.0
2772,0.0,0.0,0.0
3110,0.0,0.0,0.0
3115,0.0,0.0,0.0
3167,0.0,0.0,0.0
3174,0.0,0.0,0.0
6698,0.0,0.0,0.0
2800,0.0,0.0,0.0
2801,0.0,0.0,0.0
2825,0.0,0.0,0.0
2828,0.0,0.0,0.0
2837,0.0,0.0,0.0
19,0.0,0.0,0.0
2865,0.0,0.0,0.0
23,0.0,0.0,0.0
2869,0.0,0.0,0.0
2877,0.0,0.0,0.0
2882,0.0,0.0,0.0
3328,0.0,0.0,0.0
3329,0.0,0.0,0.0
27,0.0,0.0,0.0
3347,0.0,0.0,0.0
2889,0.0,0.0,0.0
35,0.0,0.0,0.0
2934,0.0,0.0,0.0
3032,0.0,0.0,0.0
3033,0.0,0.0,0.0
3037,0.0,0.0,0.0
3039,0.0,0.0,0.0
3040,0.0,0.0,0.0
3067,0.0,0.0,0.0
3069,0.0,0.0,0.0
3070,0.0,0.0,0.0
3088,0.0,0.0,0.0
3423,0.0,0.0,0.0
3432,0.0,0.0,0.0
3441,0.0,0.0,0.0
3442,0.0,0.0,0.0
3606,0.0,0.0,0.0
3200,0.0,0.0,0.0
3268,0.0,0.0,0.0
3288,0.0,0.0,0.0
3301,0.0,0.0,0.0
3306,0.0,0.0,0.0
3309,0.0,0.0,0.0
3311,0.0,0.0,0.0
3317,0.0,0.0,0.0
3319,0.0,0.0,0.0
3320,0.0,0.0,0.0
3323,0.0,0.0,0.0
3678,0.0,0.0,0.0
3690,0.0,0.0,0.0
3692,0.0,0.0,0.0
3696,0.0,0.0,0.0
3698,0.0,0.0,0.0
3699,0.0,0.0,0.0
3709,0.0,0.0,0.0
3750,0.0,0.0,0.0
3360,0.0,0.0,0.0
41,0.0,0.0,0.0
42,0.0,0.0,0.0
3377,0.0,0.0,0.0
3383,0.0,0.0,0.0
3389,0.0,0.0,0.0
3396,0.0,0.0,0.0
3403,0.0,0.0,0.0
3808,0.0,0.0,0.0
3813,0.0,0.0,0.0
3858,0.0,0.0,0.0
3866,0.0,0.0,0.0
3883,0.0,0.0,0.0
3886,0.0,0.0,0.0
3888,0.0,0.0,0.0
3896,0.0,0.0,0.0
3898,0.0,0.0,0.0
3613,0.0,0.0,0.0
45,0.0,0.0,0.0
3633,0.0,0.0,0.0
3650,0.0,0.0,0.0
3668,0.0,0.0,0.0
3669,0.0,0.0,0.0
3677,0.0,0.0,0.0
3913,0.0,0.0,0.0
3918,0.0,0.0,0.0
3931,0.0,0.0,0.0
3933,0.0,0.0,0.0
3939,0.0,0.0,0.0
3958,0.0,0.0,0.0
3968,0.0,0.0,0.0
3969,0.0,0.0,0.0
3986,0.0,0.0,0.0
59,0.0,0.0,0.0
3990,0.0,0.0,0.0
3993,0.0,0.0,0.0
66,0.0,0.0,0.0
3759,0.0,0.0,0.0
3788,0.0,0.0,0.0
69,0.0,0.0,0.0
6049,0.0,0.0,0.0
6055,0.0,0.0,0.0
6060,0.0,0.0,0.0
6066,0.0,0.0,0.0
6068,0.0,0.0,0.0
6069,0.0,0.0,0.0
6078,0.0,0.0,0.0
6086,0.0,0.0,0.0
6088,0.0,0.0,0.0
6090,0.0,0.0,0.0
6098,0.0,0.0,0.0
6099,0.0,0.0,0.0
6100,0.0,0.0,0.0
3899,0.0,0.0,0.0
3900,0.0,0.0,0.0
3908,0.0,0.0,0.0
6160,0.0,0.0,0.0
6166,0.0,0.0,0.0
6168,0.0,0.0,0.0
6169,0.0,0.0,0.0
6178,0.0,0.0,0.0
6181,0.0,0.0,0.0
6185,0.0,0.0,0.0
6186,0.0,0.0,0.0
6196,0.0,0.0,0.0
6198,0.0,0.0,0.0
6600,0.0,0.0,0.0
6601,0.0,0.0,0.0
6603,0.0,0.0,0.0
78,0.0,0.0,0.0
6030,0.0,0.0,0.0
6031,0.0,0.0,0.0
6616,0.0,0.0,0.0
6618,0.0,0.0,0.0
6623,0.0,0.0,0.0
6639,0.0,0.0,0.0
6651,0.0,0.0,0.0
6655,0.0,0.0,0.0
6660,0.0,0.0,0.0
6680,0.0,0.0,0.0
6681,0.0,0.0,0.0
6682,0.0,0.0,0.0
6683,0.0,0.0,0.0
6687,0.0,0.0,0.0
6690,0.0,0.0,0.0
6110,0.0,0.0,0.0
6127,0.0,0.0,0.0
6158,0.0,0.0,0.0
6699,0.0,0.0,0.0
83,0.0,0.0,0.0
86,0.0,0.0,0.0
6809,0.0,0.0,0.0
6818,0.0,0.0,0.0
6821,0.0,0.0,0.0
6826,0.0,0.0,0.0
6828,0.0,0.0,0.0
6855,0.0,0.0,0.0
6862,0.0,0.0,0.0
9973,0.0,0.0,0.0
6869,0.0,0.0,0.0
6878,0.0,0.0,0.0
6881,0.0,0.0,0.0
6610,0.0,0.0,0.0
6613,0.0,0.0,0.0
9899,0.0,0.0,0.0
9909,0.0,0.0,0.0
9911,0.0,0.0,0.0
9922,0.0,0.0,0.0
9923,0.0,0.0,0.0
9926,0.0,0.0,0.0
9927,0.0,0.0,0.0
9928,0.0,0.0,0.0
9930,0.0,0.0,0.0
9939,0.0,0.0,0.0
9955,0.0,0.0,0.0
9959,0.0,0.0,0.0
9966,0.0,0.0,0.0
9968,0.0,0.0,0.0
9969,0.0,0.0,0.0
16,0.0,0.0,0.0
9980,0.0,0.0,0.0
9981,0.0,0.0,0.0
9979,0.0,0.0,0.0
9985,0.0,0.0,0.0
9987,0.0,0.0,0.0
9988,0.0,0.0,0.0
9989,0.0,0.0,0.0
9990,0.0,0.0,0.0
9992,0.0,0.0,0.0
9993,0.0,0.0,0.0
9995,0.0,0.0,0.0
9996,0.0,0.0,0.0
99998,0.0,0.0,0.0
17,0.0,0.0,0.0
6693,0.0,0.0,0.0
99999,0.0,0.0,0.0
1359,-0.0018306571150469,0.0055645471506281,0.7115888887920682
2880,-0.0022579915431491,0.0062301322874896,0.6594241994310748
142,-0.0023360704179257,0.0027693480486974,0.4244632882155293
1119,-0.0024207484890467,0.0017225801319835,0.2490582105201716
9869,-0.0028499881851535,0.0003615644472494,0.1243617866070292
1735,-0.0029315336225225,0.0012850600791557,0.1905586986841926
581,-0.003021814098989,0.0031816793394614,0.4192070437995575
2016,-0.0030524415829143,0.0014152182371239,0.2053775526274375
3836,-0.0034994816915046,0.0001658114411079,0.0303256966685977
3393,-0.0042180926154437,0.0048541100185006,0.6605839065864179
1798,-0.0055189961284547,0.0029455146296515,0.497970699208594
2369,-0.0057305537662546,0.0005739486110305,0.0767805778113042
20,-0.0058551235941208,0.0011408823793055,0.2469393844705468
1988,-0.0061291390085572,0.0013185967568179,0.1986618385587464
1916,-0.0062606508563487,0.0002286837224828,0.0710907529881949
1812,-0.0065433214166684,0.0003486388105283,0.0511203952564856
1508,-0.0072180394761701,0.0039207976676145,0.6918609972621219
371,-0.0075590261431958,0.0013252609989014,0.1974600072360676
2001,-0.0077937125425281,0.0060061531349968,0.3236240017461348
604,-0.0081836336474351,0.0029527697395047,0.4859108959373083
2473,-0.0084308443088474,0.0078917593816232,0.6772813126761427
990,-0.0086547173488817,0.0013942642180116,0.2326162783726715
1980,-0.0109953092841493,0.002609737919598,0.1907700183214121
1288,-0.0123429629030046,0.0052877547280382,0.6602918557215178
3330,-0.013341309545837,0.0053926691162419,0.618683766973594
215,-0.0133524127665697,0.0186691807558773,2.2755137820967226
3868,-0.0136756054686006,0.0036592393884115,0.2846722120550354
1141,-0.0139082294344907,0.0014093999382815,0.1327419811283448
405,-0.0146235957543266,0.002682273277646,0.3704495690105009
6666,-0.015001697929136,0.000225988503339,0.129323940151043
658,-0.0150198876225172,0.0014314826870066,0.1561732806188707
775,-0.0163942692601374,0.0028521784765713,0.4026544318928323
1137,-0.0164937979771443,0.0049973237186271,0.3993084282446411
9886,-0.0168509658932797,0.0031794001453219,0.1671573525560847
451,-0.0170887497825087,0.0018497211576897,0.2237824639257091
631,-0.0173894357413002,0.0012982162227774,0.2304911871787288
3877,-0.0178401283577862,0.019797878084266,2.2422389397224465
1855,-0.0182664940078776,0.0015667078501489,0.2267260976486034
1258,-0.0185903160906271,0.0009476501114812,0.1940665551585798
1086,-0.0191597398305068,0.0037407282488222,0.5296066636703185
3380,-0.0196393107622911,0.001570583845772,0.2190909430595032
1053,-0.0200385746558866,0.0016426288980679,0.2460666186651611
1415,-0.0215126032783694,0.0012539079420691,0.2934141836005864
337,-0.0224801986832647,0.0013558732818744,0.2185273850711519
520,-0.0235897341723289,0.003077580670971,0.1610020979625413
956,-0.0251379542091205,0.0222386779580354,2.995091931940964
3382,-0.0277338966832779,0.0032505887408639,0.4922329170334072
107,-0.0280081649233042,0.0055379169746617,0.822364275344132
1918,-0.0283638641165319,0.0014022879097565,0.2611758043812962
2799,-0.0294363700279465,0.0018824486435381,0.2468459845436293
1685,-0.0301327501256797,0.000863468156474,0.0788731011906254
1811,-0.030283850373771,0.0026357524165556,0.5248287066431383
1068,-0.0335121816701805,0.0010293767299185,0.1559422295548775
1905,-0.0358675348964642,0.0198683538197483,1.6273769355169247
1361,-0.0400354239577475,0.0034705091553307,0.323123753396659
3738,-0.0425477688136729,0.0094410600828031,0.8766383953410257
1725,-0.0466437560184476,0.0012822420716368,0.1497188837316155
1585,-0.04888019524564,0.008184021139726,1.1656677110630045
1060,-0.0527578727404194,0.0027638602630415,0.4919866490628479
709,-0.0584269343915647,0.00889166008975,1.0581106065503083
272,-0.0656596079962807,0.0288780596114521,2.3747325208781582
38,-0.0705852357849745,0.0021651326686009,0.3918165836892275
3818,-0.0766919693310528,0.0054283134265944,0.9645726442901698
546,-0.10027558595488,0.0178067144862465,2.531662186434258
2233,-0.1201516238118797,0.0314223761889116,3.375807339278619
