trade_date,available_cash,holding_market_value,stamp_tax,broker_commission,total_assets,nav,transaction_cost,return,nav_peak_to_date,nav_drawdown_to_date
2011-04-21,100000.0,0.0,0.0,0.0,100000.0,1.0,0.0,,1.0,0.0
2011-04-22,100000.0,0.0,0.0,0.0,100000.0,1.0,0.0,0.0,1.0,0.0
2011-04-25,100000.0,0.0,0.0,0.0,100000.0,1.0,0.0,0.0,1.0,0.0
2011-04-26,100000.0,0.0,0.0,0.0,100000.0,1.0,0.0,0.0,1.0,0.0
2011-04-27,100000.0,0.0,0.0,0.0,100000.0,1.0,0.0,0.0,1.0,0.0
2011-04-28,100000.0,0.0,0.0,0.0,100000.0,1.0,0.0,0.0,1.0,0.0
2011-04-29,100000.0,0.0,0.0,0.0,100000.0,1.0,0.0,0.0,1.0,0.0
2011-05-03,100000.0,0.0,0.0,0.0,100000.0,1.0,0.0,0.0,1.0,0.0
2011-05-04,100000.0,0.0,0.0,0.0,100000.0,1.0,0.0,0.0,1.0,0.0
2011-05-05,100000.0,0.0,0.0,0.0,100000.0,1.0,0.0,0.0,1.0,0.0
2011-05-06,100000.0,0.0,0.0,0.0,100000.0,1.0,0.0,0.0,1.0,0.0
2011-05-09,100000.0,0.0,0.0,0.0,100000.0,1.0,0.0,0.0,1.0,0.0
2011-05-10,100000.0,0.0,0.0,0.0,100000.0,1.0,0.0,0.0,1.0,0.0
2011-05-11,100000.0,0.0,0.0,0.0,100000.0,1.0,0.0,0.0,1.0,0.0
2011-05-12,100000.0,0.0,0.0,0.0,100000.0,1.0,0.0,0.0,1.0,0.0
2011-05-13,100000.0,0.0,0.0,0.0,100000.0,1.0,0.0,0.0,1.0,0.0
2011-05-16,100000.0,0.0,0.0,0.0,100000.0,1.0,0.0,0.0,1.0,0.0
2011-05-17,100000.0,0.0,0.0,0.0,100000.0,1.0,0.0,0.0,1.0,0.0
2011-05-18,100000.0,0.0,0.0,0.0,100000.0,1.0,0.0,0.0,1.0,0.0
2011-05-19,100000.0,0.0,0.0,0.0,100000.0,1.0,0.0,0.0,1.0,0.0
2011-05-20,100000.0,0.0,0.0,0.0,100000.0,1.0,0.0,0.0,1.0,0.0
2011-05-23,100000.0,0.0,0.0,0.0,100000.0,1.0,0.0,0.0,1.0,0.0
2011-05-24,100000.0,0.0,0.0,0.0,100000.0,1.0,0.0,0.0,1.0,0.0
2011-05-25,100000.0,0.0,0.0,0.0,100000.0,1.0,0.0,0.0,1.0,0.0
2011-05-26,100000.0,0.0,0.0,0.0,100000.0,1.0,0.0,0.0,1.0,0.0
2011-05-27,100000.0,0.0,0.0,0.0,100000.0,1.0,0.0,0.0,1.0,0.0
2011-05-30,100000.0,0.0,0.0,0.0,100000.0,1.0,0.0,0.0,1.0,0.0
2011-05-31,100000.0,0.0,0.0,0.0,100000.0,1.0,0.0,0.0,1.0,0.0
2011-06-01,100000.0,0.0,0.0,0.0,100000.0,1.0,0.0,0.0,1.0,0.0
2011-06-02,100000.0,0.0,0.0,0.0,100000.0,1.0,0.0,0.0,1.0,0.0
2011-06-03,100000.0,0.0,0.0,0.0,100000.0,1.0,0.0,0.0,1.0,0.0
2011-06-07,100000.0,0.0,0.0,0.0,100000.0,1.0,0.0,0.0,1.0,0.0
2011-06-08,100000.0,0.0,0.0,0.0,100000.0,1.0,0.0,0.0,1.0,0.0
2011-06-09,100000.0,0.0,0.0,0.0,100000.0,1.0,0.0,0.0,1.0,0.0
2011-06-10,100000.0,0.0,0.0,0.0,100000.0,1.0,0.0,0.0,1.0,0.0
2011-06-13,100000.0,0.0,0.0,0.0,100000.0,1.0,0.0,0.0,1.0,0.0
2011-06-14,100000.0,0.0,0.0,0.0,100000.0,1.0,0.0,0.0,1.0,0.0
2011-06-15,100000.0,0.0,0.0,0.0,100000.0,1.0,0.0,0.0,1.0,0.0
2011-06-16,100000.0,0.0,0.0,0.0,100000.0,1.0,0.0,0.0,1.0,0.0
2011-06-17,100000.0,0.0,0.0,0.0,100000.0,1.0,0.0,0.0,1.0,0.0
2011-06-20,100000.0,0.0,0.0,0.0,100000.0,1.0,0.0,0.0,1.0,0.0
2011-06-21,100000.0,0.0,0.0,0.0,100000.0,1.0,0.0,0.0,1.0,0.0
2011-06-22,100000.0,0.0,0.0,0.0,100000.0,1.0,0.0,0.0,1.0,0.0
2011-06-23,100000.0,0.0,0.0,0.0,100000.0,1.0,0.0,0.0,1.0,0.0
2011-06-24,100000.0,0.0,0.0,0.0,100000.0,1.0,0.0,0.0,1.0,0.0
2011-06-27,100000.0,0.0,0.0,0.0,100000.0,1.0,0.0,0.0,1.0,0.0
2011-06-28,11122.335959999997,90050.0,0.0,10.664039999999998,101172.33596,1.0117233596,10.664039999999998,0.0117233595999999,1.0117233596,0.0
2011-06-29,11122.335959999997,88642.0,0.0,0.0,99764.33596,0.9976433596,0.0,-0.0139168477888725,1.0117233596,-0.0139168477888725
2011-06-30,11122.335959999997,89968.0,0.0,0.0,101090.33596,1.0109033596,0.0,0.0132913228684412,1.0117233596,-0.0008104982377042
2011-07-01,11122.335959999997,89865.0,0.0,0.0,100987.33596,1.0098733596,0.0,-0.0010188906686465,1.0117233596,-0.0018285630972594
2011-07-04,102741.60732,0.0,91.722,11.00664,102741.60732,1.0274160732,102.72864,0.0173712014810929,1.0274160732,0.0
2011-07-05,8750.329719999994,94948.0,0.0,11.277599999999998,103698.32972,1.0369832972,11.277599999999998,0.0093119275136526,1.0369832972,0.0
2011-07-06,8750.329719999994,95234.0,0.0,0.0,103984.32972,1.0398432972,0.0,0.0027580000639571,1.0398432972,0.0
2011-07-07,8750.329719999994,96424.0,0.0,0.0,105174.32972,1.0517432972,0.0,0.011444032030637,1.0517432972,0.0
2011-07-08,8750.329719999994,96694.0,0.0,0.0,105444.32972,1.0544432972,0.0,0.0025671663486594,1.0544432972,0.0
2011-07-11,106903.27516,0.0,98.263,11.79156,106903.27516,1.0690327516,110.05456,0.0138361678041307,1.0690327516,0.0
2011-07-12,8189.430919999984,97782.0,0.0,11.84424,105971.43091999998,1.0597143092,11.84424,-0.0087167043161712,1.0690327516,-0.0087167043161712
2011-07-13,8189.430919999984,99479.0,0.0,0.0,107668.43091999998,1.0766843091999998,0.0,0.0160137499821162,1.0766843091999998,0.0
2011-07-14,8189.430919999984,101401.0,0.0,0.0,109590.43091999998,1.0959043091999998,0.0,0.017851100676187,1.0959043091999998,0.0
2011-07-15,8189.430919999984,102978.0,0.0,0.0,111167.43091999998,1.1116743092,0.0,0.0143899425046627,1.1116743092,0.0
2011-07-18,110258.98484,0.0,102.184,12.26208,110258.98484,1.1025898484,114.44608,-0.0081718725752847,1.1116743092,-0.0081718725752847
2011-07-19,6816.573239999983,102037.0,0.0,12.4116,108853.57323999998,1.0885357323999998,12.4116,-0.012746458731136,1.1116743092,-0.0208141688698836
2011-07-20,6816.573239999983,101988.0,0.0,0.0,108804.57323999998,1.0880457324,0.0,-0.0004501459946744,1.1116743092,-0.0212549454498088
2011-07-21,6816.573239999983,100341.0,0.0,0.0,107157.57323999998,1.0715757324,0.0,-0.0151372313769115,1.1116743092,-0.036070435799543
2011-07-22,6816.573239999983,100138.0,0.0,0.0,106954.57323999998,1.0695457323999995,0.0,-0.0018944064694835,1.1116743092,-0.0378965102020909
2011-07-25,101751.12732,0.0,95.041,11.40492,101751.12732,1.0175112731999998,106.44592,-0.0486509904380035,1.1116743092,-0.0847037978846189
2011-07-26,101751.12732,0.0,0.0,0.0,101751.12732,1.0175112731999998,0.0,0.0,1.1116743092,-0.0847037978846189
2011-07-27,101751.12732,0.0,0.0,0.0,101751.12732,1.0175112731999998,0.0,0.0,1.1116743092,-0.0847037978846189
2011-07-28,101751.12732,0.0,0.0,0.0,101751.12732,1.0175112731999998,0.0,0.0,1.1116743092,-0.0847037978846189
2011-07-29,101751.12732,0.0,0.0,0.0,101751.12732,1.0175112731999998,0.0,0.0,1.1116743092,-0.0847037978846189
2011-08-01,101751.12732,0.0,0.0,0.0,101751.12732,1.0175112731999998,0.0,0.0,1.1116743092,-0.0847037978846189
2011-08-02,101751.12732,0.0,0.0,0.0,101751.12732,1.0175112731999998,0.0,0.0,1.1116743092,-0.0847037978846189
2011-08-03,101751.12732,0.0,0.0,0.0,101751.12732,1.0175112731999998,0.0,0.0,1.1116743092,-0.0847037978846189
2011-08-04,101751.12732,0.0,0.0,0.0,101751.12732,1.0175112731999998,0.0,0.0,1.1116743092,-0.0847037978846189
2011-08-05,101751.12732,0.0,0.0,0.0,101751.12732,1.0175112731999998,0.0,0.0,1.1116743092,-0.0847037978846189
2011-08-08,101751.12732,0.0,0.0,0.0,101751.12732,1.0175112731999998,0.0,0.0,1.1116743092,-0.0847037978846189
2011-08-09,101751.12732,0.0,0.0,0.0,101751.12732,1.0175112731999998,0.0,0.0,1.1116743092,-0.0847037978846189
2011-08-10,101751.12732,0.0,0.0,0.0,101751.12732,1.0175112731999998,0.0,0.0,1.1116743092,-0.0847037978846189
2011-08-11,101751.12732,0.0,0.0,0.0,101751.12732,1.0175112731999998,0.0,0.0,1.1116743092,-0.0847037978846189
2011-08-12,101751.12732,0.0,0.0,0.0,101751.12732,1.0175112731999998,0.0,0.0,1.1116743092,-0.0847037978846189
2011-08-15,101751.12732,0.0,0.0,0.0,101751.12732,1.0175112731999998,0.0,0.0,1.1116743092,-0.0847037978846189
2011-08-16,8134.894719999982,92252.0,0.0,11.2326,100386.89471999998,1.0038689471999998,11.2326,-0.0134075428541404,1.1116743092,-0.0969756709387128
2011-08-17,8134.894719999982,91789.0,0.0,0.0,99923.89471999998,0.9992389471999998,0.0,-0.0046121558126824,1.1116743092,-0.1011405598469865
2011-08-18,8134.894719999982,89842.0,0.0,0.0,97976.89471999998,0.9797689472,0.0,-0.0194848289836555,1.1116743092,-0.1186546823187123
2011-08-19,8134.894719999982,88781.0,0.0,0.0,96915.89471999998,0.9691589471999998,0.0,-0.0108290837654341,1.1116743092,-0.1281988445901561
2011-08-22,97045.20351999998,0.0,89.01,10.6812,97045.20351999998,0.9704520351999998,99.6912,0.0013342372824765,1.1116743092,-0.1270356549857022
2011-08-23,97045.20351999998,0.0,0.0,0.0,97045.20351999998,0.9704520351999998,0.0,0.0,1.1116743092,-0.1270356549857022
2011-08-24,97045.20351999998,0.0,0.0,0.0,97045.20351999998,0.9704520351999998,0.0,0.0,1.1116743092,-0.1270356549857022
2011-08-25,97045.20351999998,0.0,0.0,0.0,97045.20351999998,0.9704520351999998,0.0,0.0,1.1116743092,-0.1270356549857022
2011-08-26,97045.20351999998,0.0,0.0,0.0,97045.20351999998,0.9704520351999998,0.0,0.0,1.1116743092,-0.1270356549857022
2011-08-29,97045.20351999998,0.0,0.0,0.0,97045.20351999998,0.9704520351999998,0.0,0.0,1.1116743092,-0.1270356549857022
2011-08-30,97045.20351999998,0.0,0.0,0.0,97045.20351999998,0.9704520351999998,0.0,0.0,1.1116743092,-0.1270356549857022
2011-08-31,97045.20351999998,0.0,0.0,0.0,97045.20351999998,0.9704520351999998,0.0,0.0,1.1116743092,-0.1270356549857022
2011-09-01,97045.20351999998,0.0,0.0,0.0,97045.20351999998,0.9704520351999998,0.0,0.0,1.1116743092,-0.1270356549857022
2011-09-02,97045.20351999998,0.0,0.0,0.0,97045.20351999998,0.9704520351999998,0.0,0.0,1.1116743092,-0.1270356549857022
2011-09-05,97045.20351999998,0.0,0.0,0.0,97045.20351999998,0.9704520351999998,0.0,0.0,1.1116743092,-0.1270356549857022
2011-09-06,97045.20351999998,0.0,0.0,0.0,97045.20351999998,0.9704520351999998,0.0,0.0,1.1116743092,-0.1270356549857022
2011-09-07,97045.20351999998,0.0,0.0,0.0,97045.20351999998,0.9704520351999998,0.0,0.0,1.1116743092,-0.1270356549857022
2011-09-08,97045.20351999998,0.0,0.0,0.0,97045.20351999998,0.9704520351999998,0.0,0.0,1.1116743092,-0.1270356549857022
2011-09-09,97045.20351999998,0.0,0.0,0.0,97045.20351999998,0.9704520351999998,0.0,0.0,1.1116743092,-0.1270356549857022
2011-09-13,97045.20351999998,0.0,0.0,0.0,97045.20351999998,0.9704520351999998,0.0,0.0,1.1116743092,-0.1270356549857022
2011-09-14,97045.20351999998,0.0,0.0,0.0,97045.20351999998,0.9704520351999998,0.0,0.0,1.1116743092,-0.1270356549857022
2011-09-15,97045.20351999998,0.0,0.0,0.0,97045.20351999998,0.9704520351999998,0.0,0.0,1.1116743092,-0.1270356549857022
2011-09-16,97045.20351999998,0.0,0.0,0.0,97045.20351999998,0.9704520351999998,0.0,0.0,1.1116743092,-0.1270356549857022
2011-09-19,97045.20351999998,0.0,0.0,0.0,97045.20351999998,0.9704520351999998,0.0,0.0,1.1116743092,-0.1270356549857022
2011-09-20,97045.20351999998,0.0,0.0,0.0,97045.20351999998,0.9704520351999998,0.0,0.0,1.1116743092,-0.1270356549857022
2011-09-21,97045.20351999998,0.0,0.0,0.0,97045.20351999998,0.9704520351999998,0.0,0.0,1.1116743092,-0.1270356549857022
2011-09-22,97045.20351999998,0.0,0.0,0.0,97045.20351999998,0.9704520351999998,0.0,0.0,1.1116743092,-0.1270356549857022
2011-09-23,97045.20351999998,0.0,0.0,0.0,97045.20351999998,0.9704520351999998,0.0,0.0,1.1116743092,-0.1270356549857022
2011-09-26,97045.20351999998,0.0,0.0,0.0,97045.20351999998,0.9704520351999998,0.0,0.0,1.1116743092,-0.1270356549857022
2011-09-27,97045.20351999998,0.0,0.0,0.0,97045.20351999998,0.9704520351999998,0.0,0.0,1.1116743092,-0.1270356549857022
2011-09-28,97045.20351999998,0.0,0.0,0.0,97045.20351999998,0.9704520351999998,0.0,0.0,1.1116743092,-0.1270356549857022
2011-09-29,97045.20351999998,0.0,0.0,0.0,97045.20351999998,0.9704520351999998,0.0,0.0,1.1116743092,-0.1270356549857022
2011-09-30,97045.20351999998,0.0,0.0,0.0,97045.20351999998,0.9704520351999998,0.0,0.0,1.1116743092,-0.1270356549857022
2011-10-10,97045.20351999998,0.0,0.0,0.0,97045.20351999998,0.9704520351999998,0.0,0.0,1.1116743092,-0.1270356549857022
2011-10-11,97045.20351999998,0.0,0.0,0.0,97045.20351999998,0.9704520351999998,0.0,0.0,1.1116743092,-0.1270356549857022
2011-10-12,97045.20351999998,0.0,0.0,0.0,97045.20351999998,0.9704520351999998,0.0,0.0,1.1116743092,-0.1270356549857022
2011-10-13,97045.20351999998,0.0,0.0,0.0,97045.20351999998,0.9704520351999998,0.0,0.0,1.1116743092,-0.1270356549857022
2011-10-14,97045.20351999998,0.0,0.0,0.0,97045.20351999998,0.9704520351999998,0.0,0.0,1.1116743092,-0.1270356549857022
2011-10-17,97045.20351999998,0.0,0.0,0.0,97045.20351999998,0.9704520351999998,0.0,0.0,1.1116743092,-0.1270356549857022
2011-10-18,97045.20351999998,0.0,0.0,0.0,97045.20351999998,0.9704520351999998,0.0,0.0,1.1116743092,-0.1270356549857022
2011-10-19,97045.20351999998,0.0,0.0,0.0,97045.20351999998,0.9704520351999998,0.0,0.0,1.1116743092,-0.1270356549857022
2011-10-20,97045.20351999998,0.0,0.0,0.0,97045.20351999998,0.9704520351999998,0.0,0.0,1.1116743092,-0.1270356549857022
2011-10-21,97045.20351999998,0.0,0.0,0.0,97045.20351999998,0.9704520351999998,0.0,0.0,1.1116743092,-0.1270356549857022
2011-10-24,97045.20351999998,0.0,0.0,0.0,97045.20351999998,0.9704520351999998,0.0,0.0,1.1116743092,-0.1270356549857022
2011-10-25,97045.20351999998,0.0,0.0,0.0,97045.20351999998,0.9704520351999998,0.0,0.0,1.1116743092,-0.1270356549857022
2011-10-26,97045.20351999998,0.0,0.0,0.0,97045.20351999998,0.9704520351999998,0.0,0.0,1.1116743092,-0.1270356549857022
2011-10-27,97045.20351999998,0.0,0.0,0.0,97045.20351999998,0.9704520351999998,0.0,0.0,1.1116743092,-0.1270356549857022
2011-10-28,97045.20351999998,0.0,0.0,0.0,97045.20351999998,0.9704520351999998,0.0,0.0,1.1116743092,-0.1270356549857022
2011-10-31,97045.20351999998,0.0,0.0,0.0,97045.20351999998,0.9704520351999998,0.0,0.0,1.1116743092,-0.1270356549857022
2011-11-01,97045.20351999998,0.0,0.0,0.0,97045.20351999998,0.9704520351999998,0.0,0.0,1.1116743092,-0.1270356549857022
2011-11-02,7234.427519999983,94411.0,0.0,10.776,101645.42751999998,1.0164542752,10.776,0.0474028991968877,1.1116743092,-0.0856546141365124
2011-11-03,7234.427519999983,96823.0,0.0,0.0,104057.42751999998,1.0405742751999998,0.0,0.0237295474951433,1.1116743092,-0.0639576118756996
2011-11-04,7234.427519999983,97334.0,0.0,0.0,104568.42751999998,1.0456842751999995,0.0,0.0049107498828162,1.1116743092,-0.0593609418279071
2011-11-07,7234.427519999983,98191.0,0.0,0.0,105425.42751999998,1.0542542752,0.0,0.0081955903930572,1.1116743092,-0.0516518493994175
2011-11-08,103559.42255999998,0.0,96.433,11.57196,103559.42255999998,1.0355942255999997,108.00496,-0.0176997618496356,1.1116743092,-0.0684373858155902
2011-11-09,11935.428999999976,92645.0,0.0,10.99356,104580.42899999996,1.0458042899999995,10.99356,0.0098591360859361,1.1116743092,-0.0592529832297757
2011-11-10,11935.428999999976,91282.0,0.0,0.0,103217.42899999996,1.0321742899999995,0.0,-0.0130330312567373,1.1116743092,-0.0715137685040244
2011-11-11,11935.428999999976,91783.0,0.0,0.0,103718.42899999996,1.0371842899999997,0.0,0.004853831420273,1.1116743092,-0.0670070528602985
2011-11-14,11935.428999999976,95873.0,0.0,0.0,107808.42899999996,1.0780842899999998,0.0,0.03943368637024,1.1116743092,-0.0302157015971454
2011-11-15,108259.42515999996,0.0,96.432,11.571839999999998,108259.42515999996,1.0825942515999998,108.00384,0.0041833107502196,1.1116743092,-0.0261587925162425
2011-11-16,11394.802799999976,93288.0,0.0,11.622360000000002,104682.80279999998,1.0468280279999995,11.622360000000002,-0.0330375147911048,1.1116743092,-0.0583320858126745
2011-11-17,11394.802799999976,93521.0,0.0,0.0,104915.80279999998,1.0491580279999997,0.0,0.0022257715094344,1.1116743092,-0.0562361481979277
2011-11-18,11394.802799999976,89886.0,0.0,0.0,101280.80279999998,1.0128080279999998,0.0,-0.0346468301532167,1.1116743092,-0.0889345740760598
2011-11-21,11394.802799999976,89743.0,0.0,0.0,101137.80279999998,1.0113780279999998,0.0,-0.0014119161385636,1.1116743092,-0.0902209220542092
2011-11-22,100417.98503999996,0.0,89.123,10.69476,100417.98503999996,1.0041798503999997,99.81776,-0.0071171979227534,1.1116743092,-0.0966959998179296
2011-11-23,100417.98503999996,0.0,0.0,0.0,100417.98503999996,1.0041798503999997,0.0,0.0,1.1116743092,-0.0966959998179296
2011-11-24,100417.98503999996,0.0,0.0,0.0,100417.98503999996,1.0041798503999997,0.0,0.0,1.1116743092,-0.0966959998179296
2011-11-25,100417.98503999996,0.0,0.0,0.0,100417.98503999996,1.0041798503999997,0.0,0.0,1.1116743092,-0.0966959998179296
2011-11-28,100417.98503999996,0.0,0.0,0.0,100417.98503999996,1.0041798503999997,0.0,0.0,1.1116743092,-0.0966959998179296
2011-11-29,100417.98503999996,0.0,0.0,0.0,100417.98503999996,1.0041798503999997,0.0,0.0,1.1116743092,-0.0966959998179296
2011-11-30,100417.98503999996,0.0,0.0,0.0,100417.98503999996,1.0041798503999997,0.0,0.0,1.1116743092,-0.0966959998179296
2011-12-01,100417.98503999996,0.0,0.0,0.0,100417.98503999996,1.0041798503999997,0.0,0.0,1.1116743092,-0.0966959998179296
2011-12-02,100417.98503999996,0.0,0.0,0.0,100417.98503999996,1.0041798503999997,0.0,0.0,1.1116743092,-0.0966959998179296
2011-12-05,100417.98503999996,0.0,0.0,0.0,100417.98503999996,1.0041798503999997,0.0,0.0,1.1116743092,-0.0966959998179296
2011-12-06,100417.98503999996,0.0,0.0,0.0,100417.98503999996,1.0041798503999997,0.0,0.0,1.1116743092,-0.0966959998179296
2011-12-07,100417.98503999996,0.0,0.0,0.0,100417.98503999996,1.0041798503999997,0.0,0.0,1.1116743092,-0.0966959998179296
2011-12-08,100417.98503999996,0.0,0.0,0.0,100417.98503999996,1.0041798503999997,0.0,0.0,1.1116743092,-0.0966959998179296
2011-12-09,100417.98503999996,0.0,0.0,0.0,100417.98503999996,1.0041798503999997,0.0,0.0,1.1116743092,-0.0966959998179296
2011-12-12,100417.98503999996,0.0,0.0,0.0,100417.98503999996,1.0041798503999997,0.0,0.0,1.1116743092,-0.0966959998179296
2011-12-13,100417.98503999996,0.0,0.0,0.0,100417.98503999996,1.0041798503999997,0.0,0.0,1.1116743092,-0.0966959998179296
2011-12-14,100417.98503999996,0.0,0.0,0.0,100417.98503999996,1.0041798503999997,0.0,0.0,1.1116743092,-0.0966959998179296
2011-12-15,100417.98503999996,0.0,0.0,0.0,100417.98503999996,1.0041798503999997,0.0,0.0,1.1116743092,-0.0966959998179296
2011-12-16,100417.98503999996,0.0,0.0,0.0,100417.98503999996,1.0041798503999997,0.0,0.0,1.1116743092,-0.0966959998179296
2011-12-19,100417.98503999996,0.0,0.0,0.0,100417.98503999996,1.0041798503999997,0.0,0.0,1.1116743092,-0.0966959998179296
2011-12-20,100417.98503999996,0.0,0.0,0.0,100417.98503999996,1.0041798503999997,0.0,0.0,1.1116743092,-0.0966959998179296
2011-12-21,100417.98503999996,0.0,0.0,0.0,100417.98503999996,1.0041798503999997,0.0,0.0,1.1116743092,-0.0966959998179296
2011-12-22,100417.98503999996,0.0,0.0,0.0,100417.98503999996,1.0041798503999997,0.0,0.0,1.1116743092,-0.0966959998179296
2011-12-23,100417.98503999996,0.0,0.0,0.0,100417.98503999996,1.0041798503999997,0.0,0.0,1.1116743092,-0.0966959998179296
2011-12-26,100417.98503999996,0.0,0.0,0.0,100417.98503999996,1.0041798503999997,0.0,0.0,1.1116743092,-0.0966959998179296
2011-12-27,100417.98503999996,0.0,0.0,0.0,100417.98503999996,1.0041798503999997,0.0,0.0,1.1116743092,-0.0966959998179296
2011-12-28,100417.98503999996,0.0,0.0,0.0,100417.98503999996,1.0041798503999997,0.0,0.0,1.1116743092,-0.0966959998179296
2011-12-29,100417.98503999996,0.0,0.0,0.0,100417.98503999996,1.0041798503999997,0.0,0.0,1.1116743092,-0.0966959998179296
2011-12-30,100417.98503999996,0.0,0.0,0.0,100417.98503999996,1.0041798503999997,0.0,0.0,1.1116743092,-0.0966959998179296
2012-01-04,100417.98503999996,0.0,0.0,0.0,100417.98503999996,1.0041798503999997,0.0,0.0,1.1116743092,-0.0966959998179296
2012-01-05,100417.98503999996,0.0,0.0,0.0,100417.98503999996,1.0041798503999997,0.0,0.0,1.1116743092,-0.0966959998179296
2012-01-06,100417.98503999996,0.0,0.0,0.0,100417.98503999996,1.0041798503999997,0.0,0.0,1.1116743092,-0.0966959998179296
2012-01-09,100417.98503999996,0.0,0.0,0.0,100417.98503999996,1.0041798503999997,0.0,0.0,1.1116743092,-0.0966959998179296
2012-01-10,100417.98503999996,0.0,0.0,0.0,100417.98503999996,1.0041798503999997,0.0,0.0,1.1116743092,-0.0966959998179296
2012-01-11,100417.98503999996,0.0,0.0,0.0,100417.98503999996,1.0041798503999997,0.0,0.0,1.1116743092,-0.0966959998179296
2012-01-12,100417.98503999996,0.0,0.0,0.0,100417.98503999996,1.0041798503999997,0.0,0.0,1.1116743092,-0.0966959998179296
2012-01-13,6083.666279999976,89833.0,0.0,11.318759999999996,95916.66627999998,0.9591666627999996,11.318759999999996,-0.0448258223684429,1.1116743092,-0.1371873444747949
2012-01-16,6083.666279999976,86893.0,0.0,0.0,92976.66627999998,0.9297666627999998,0.0,-0.0306516074215668,1.1116743092,-0.1636339392703132
2012-01-17,6083.666279999976,92597.0,0.0,0.0,98680.66627999998,0.9868066627999996,0.0,0.0613487257418152,1.1116743092,-0.1123239471908452
2012-01-18,6083.666279999976,90462.0,0.0,0.0,96545.66627999998,0.9654566627999998,0.0,-0.0216354437042619,1.1116743092,-0.1315292124590191
2012-01-19,97456.21427999996,0.0,91.475,10.977,97456.21427999996,0.9745621427999998,102.452,0.0094312674518113,1.1116743092,-0.1233384321876349
2012-01-20,8328.520239999969,90051.0,0.0,10.694039999999998,98379.52023999995,0.9837952023999996,10.694039999999998,0.0094740593693416,1.1116743092,-0.1150328884473604
2012-01-30,8328.520239999969,90095.0,0.0,0.0,98423.52023999995,0.9842352023999996,0.0,0.0004472475561241,1.1116743092,-0.1146370890694684
2012-01-31,8328.520239999969,90361.0,0.0,0.0,98689.52023999995,0.9868952023999996,0.0,0.0027026060371684,1.1116743092,-0.1122443019213025
2012-02-01,8328.520239999969,90317.0,0.0,0.0,98645.52023999995,0.9864552023999996,0.0,-0.0004458426780573,1.1116743092,-0.1126401012991945
2012-02-02,100166.54631999996,0.0,91.941,11.03292,100166.54631999996,1.0016654631999995,102.97392,0.0154191095175879,1.1116743092,-0.0989578018396111
2012-02-03,100166.54631999996,0.0,0.0,0.0,100166.54631999996,1.0016654631999995,0.0,0.0,1.1116743092,-0.0989578018396111
2012-02-06,100166.54631999996,0.0,0.0,0.0,100166.54631999996,1.0016654631999995,0.0,0.0,1.1116743092,-0.0989578018396111
2012-02-07,100166.54631999996,0.0,0.0,0.0,100166.54631999996,1.0016654631999995,0.0,0.0,1.1116743092,-0.0989578018396111
2012-02-08,100166.54631999996,0.0,0.0,0.0,100166.54631999996,1.0016654631999995,0.0,0.0,1.1116743092,-0.0989578018396111
2012-02-09,100166.54631999996,0.0,0.0,0.0,100166.54631999996,1.0016654631999995,0.0,0.0,1.1116743092,-0.0989578018396111
2012-02-10,8083.497679999971,92448.0,0.0,11.04864,100531.49767999996,1.0053149767999998,11.04864,0.003643445575473,1.1116743092,-0.0956749036294092
2012-02-13,8083.497679999971,95389.0,0.0,0.0,103472.49767999996,1.0347249767999998,0.0,0.0292545129424157,1.1116743092,-0.0692193133934844
2012-02-14,8083.497679999971,96643.0,0.0,0.0,104726.49767999996,1.0472649767999995,0.0,0.0121191623679379,1.1116743092,-0.0579390311235593
2012-02-15,8083.497679999971,98521.0,0.0,0.0,106604.49767999996,1.0660449767999998,0.0,0.0179324243778149,1.1116743092,-0.0410455940398916
2012-02-16,106794.81703999997,0.0,98.822,11.85864,106794.81703999997,1.0679481703999996,110.68064,0.0017852845249668,1.1116743092,-0.0393335875787821
2012-02-17,10010.204279999962,96435.0,0.0,11.612759999999998,106445.20427999996,1.0644520427999995,11.612759999999998,-0.003273686586017,1.1116743092,-0.0424785083267624
2012-02-20,10010.204279999962,96336.0,0.0,0.0,106346.20427999996,1.0634620427999997,0.0,-0.0009300559914338,1.1116743092,-0.0433690569270197
2012-02-21,10010.204279999962,98179.0,0.0,0.0,108189.20427999996,1.0818920427999996,0.0,0.0173301906962992,1.1116743092,-0.0267904602575844
2012-02-22,10010.204279999962,100267.0,0.0,0.0,110277.20427999996,1.1027720427999996,0.0,0.0192995226639816,1.1116743092,-0.0080079806885225
2012-02-23,109864.24235999996,0.0,99.966,11.995919999999998,109864.24235999996,1.0986424235999996,111.96192,-0.0037447623259605,1.1116743092,-0.0117227550300936
2012-02-24,13359.663199999966,97695.0,0.0,11.579159999999998,111054.66319999997,1.1105466319999997,11.579159999999998,0.0108353802331724,1.1116743092,-0.0010143953050526
2012-02-27,13359.663199999966,97799.0,0.0,0.0,111158.66319999997,1.1115866319999996,0.0,0.0009364757589034,1.1116743092,-7.88695027623687e-05
2012-02-28,13359.663199999966,96379.0,0.0,0.0,109738.66319999997,1.0973866319999996,0.0,-0.0127745328984848,1.1116743092,-0.0128523948801894
2012-02-29,13359.663199999966,95160.0,0.0,0.0,108519.66319999997,1.0851966319999995,0.0,-0.0111082089434454,1.1116743092,-0.0238178367358821
2012-03-01,108665.80063999996,0.0,95.413,11.449559999999998,108665.80063999996,1.0866580063999998,106.86256,0.0013466447986543,1.1116743092,-0.0225032661031833
2012-03-02,15243.591319999978,94824.0,0.0,11.20932,110067.59131999998,1.1006759131999997,11.20932,0.0129000170407247,1.1116743092,-0.0098935415786616
2012-03-05,15243.591319999978,95415.0,0.0,0.0,110658.59131999998,1.1065859131999998,0.0,0.0053694279388907,1.1116743092,-0.004577236298338
2012-03-06,15243.591319999978,93882.0,0.0,0.0,109125.59131999998,1.0912559131999997,0.0,-0.0138534205226498,1.1116743092,-0.0183672464417153
2012-03-07,15243.591319999978,93546.0,0.0,0.0,108789.59131999998,1.0878959131999997,0.0,-0.0030790211162724,1.1116743092,-0.0213897144183461
2012-03-08,109570.82635999998,0.0,94.433,11.33196,109570.82635999998,1.0957082635999995,105.76496,0.0071811561245969,1.1116743092,-0.0143621611724479
2012-03-09,11994.118559999974,98842.0,0.0,11.7078,110836.11855999996,1.1083611855999995,11.7078,0.0115477106638113,1.1116743092,-0.002980300590363
2012-03-12,11994.118559999974,101680.0,0.0,0.0,113674.11855999996,1.1367411855999998,0.0,0.0256053715780717,1.1367411855999998,0.0
2012-03-13,11994.118559999974,103183.0,0.0,0.0,115177.11855999996,1.1517711855999997,0.0,0.013222007076366,1.1517711855999997,0.0
2012-03-14,11994.118559999974,99936.0,0.0,0.0,111930.11855999996,1.1193011855999997,0.0,-0.0281913633592814,1.1517711855999997,-0.0281913633592814
2012-03-15,113089.76447999995,0.0,101.209,12.145079999999998,113089.76447999995,1.1308976447999997,113.35408,0.0103604457398869,1.1517711855999997,-0.0181229927098117
2012-03-16,9165.295039999968,105847.0,0.0,12.46944,115012.29503999995,1.1501229503999997,12.46944,0.0170000403559069,1.1517711855999997,-0.0014310439613415
2012-03-19,9165.295039999968,106982.0,0.0,0.0,116147.29503999995,1.1614729503999996,0.0,0.009868510141505,1.1614729503999996,0.0
2012-03-20,9165.295039999968,104216.0,0.0,0.0,113381.29503999995,1.1338129503999996,0.0,-0.0238145881834563,1.1614729503999996,-0.0238145881834563
2012-03-21,9165.295039999968,104235.0,0.0,0.0,113400.29503999995,1.1340029503999998,0.0,0.0001675761420198,1.1614729503999996,-0.0236510027982481
2012-03-22,113473.52766969954,0.0,104.42518884120172,12.531022660944204,113473.52766969954,1.1347352766969954,116.95621150214592,0.000645788705168,1.1614729503999996,-0.023020487643553
2012-03-23,8944.98574969954,103173.0,0.0,12.54192,112117.98574969954,1.1211798574969951,12.54192,-0.0119458868322639,1.1614729503999996,-0.0346913743356035
2012-03-26,8944.98574969954,103416.0,0.0,0.0,112360.98574969954,1.1236098574969955,0.0,0.0021673596646885,1.1614729503999996,-0.0325992033563626
2012-03-27,8944.98574969954,103421.0,0.0,0.0,112365.98574969954,1.1236598574969954,0.0,4.449943160089731e-05,1.1614729503999996,-0.0325561545707817
2012-03-28,8944.98574969954,99774.0,0.0,0.0,108718.98574969954,1.0871898574969954,0.0,-0.0324564411166548,1.1614729503999996,-0.0639559387736252
2012-03-29,107265.74302969952,0.0,98.43099999999998,11.811719999999998,107265.74302969952,1.0726574302969951,110.24271999999998,-0.0133669635526747,1.1614729503999996,-0.0764680056237359
2012-03-30,107265.74302969952,0.0,0.0,0.0,107265.74302969952,1.0726574302969951,0.0,0.0,1.1614729503999996,-0.0764680056237359
2012-04-05,107265.74302969952,0.0,0.0,0.0,107265.74302969952,1.0726574302969951,0.0,0.0,1.1614729503999996,-0.0764680056237359
2012-04-06,107265.74302969952,0.0,0.0,0.0,107265.74302969952,1.0726574302969951,0.0,0.0,1.1614729503999996,-0.0764680056237359
2012-04-09,107265.74302969952,0.0,0.0,0.0,107265.74302969952,1.0726574302969951,0.0,0.0,1.1614729503999996,-0.0764680056237359
2012-04-10,107265.74302969952,0.0,0.0,0.0,107265.74302969952,1.0726574302969951,0.0,0.0,1.1614729503999996,-0.0764680056237359
2012-04-11,107265.74302969952,0.0,0.0,0.0,107265.74302969952,1.0726574302969951,0.0,0.0,1.1614729503999996,-0.0764680056237359
2012-04-12,107265.74302969952,0.0,0.0,0.0,107265.74302969952,1.0726574302969951,0.0,0.0,1.1614729503999996,-0.0764680056237359
2012-04-13,107265.74302969952,0.0,0.0,0.0,107265.74302969952,1.0726574302969951,0.0,0.0,1.1614729503999996,-0.0764680056237359
2012-04-16,107265.74302969952,0.0,0.0,0.0,107265.74302969952,1.0726574302969951,0.0,0.0,1.1614729503999996,-0.0764680056237359
2012-04-17,107265.74302969952,0.0,0.0,0.0,107265.74302969952,1.0726574302969951,0.0,0.0,1.1614729503999996,-0.0764680056237359
2012-04-18,107265.74302969952,0.0,0.0,0.0,107265.74302969952,1.0726574302969951,0.0,0.0,1.1614729503999996,-0.0764680056237359
2012-04-19,107265.74302969952,0.0,0.0,0.0,107265.74302969952,1.0726574302969951,0.0,0.0,1.1614729503999996,-0.0764680056237359
2012-04-20,107265.74302969952,0.0,0.0,0.0,107265.74302969952,1.0726574302969951,0.0,0.0,1.1614729503999996,-0.0764680056237359
2012-04-23,107265.74302969952,0.0,0.0,0.0,107265.74302969952,1.0726574302969951,0.0,0.0,1.1614729503999996,-0.0764680056237359
2012-04-24,107265.74302969952,0.0,0.0,0.0,107265.74302969952,1.0726574302969951,0.0,0.0,1.1614729503999996,-0.0764680056237359
2012-04-25,8574.901549699527,99996.0,0.0,11.84148,108570.90154969953,1.0857090154969953,11.84148,0.012167524161359,1.1614729503999996,-0.0652309077683747
2012-04-26,8574.901549699527,101730.0,0.0,0.0,110304.90154969953,1.1030490154969952,0.0,0.0159711301578004,1.1614729503999996,-0.0503015889288543
2012-04-27,8574.901549699527,100588.0,0.0,0.0,109162.90154969953,1.0916290154969952,0.0,-0.0103531210667501,1.1614729503999996,-0.0601339315555742
2012-05-02,8574.901549699527,101961.0,0.0,0.0,110535.90154969953,1.1053590154969952,0.0,0.0125775330309894,1.1614729503999996,-0.0483127350350082
2012-05-03,111080.96602969951,0.0,102.62099999999998,12.314519999999996,111080.96602969951,1.1108096602969952,114.93551999999998,0.004931108104772,1.1614729503999996,-0.043619862249531
2012-05-04,7939.590549699511,104930.0,0.0,12.37548,112869.59054969953,1.1286959054969952,12.37548,0.0161019892419891,1.1614729503999996,-0.0282202395602207
2012-05-07,7939.590549699511,105391.0,0.0,0.0,113330.59054969953,1.1333059054969952,0.0,0.0040843596380109,1.1614729503999996,-0.0242511415296448
2012-05-08,7939.590549699511,105241.0,0.0,0.0,113180.59054969953,1.1318059054969951,0.0,-0.0013235614433176,1.1614729503999996,-0.0255426050970773
2012-05-09,7939.590549699511,103916.0,0.0,0.0,111855.59054969953,1.1185559054969951,0.0,-0.0117069542892883,1.1614729503999996,-0.0369505332760649
2012-05-10,112311.56286969953,0.0,104.489,12.53868,112311.56286969953,1.1231156286969952,117.02768,0.0040764374651207,1.1614729503999996,-0.0330247223491468
2012-05-11,8004.047469699508,103883.0,0.0,12.515399999999998,111887.04746969952,1.118870474696995,12.515399999999998,-0.0037798013771077,1.1614729503999996,-0.0366796968352407
2012-05-14,8004.047469699508,103698.0,0.0,0.0,111702.04746969952,1.1170204746969952,0.0,-0.0016534532296965,1.1614729503999996,-0.0382725019017408
2012-05-15,8004.047469699508,102782.0,0.0,0.0,110786.04746969952,1.1078604746969951,0.0,-0.0082003868393591,1.1614729503999996,-0.0461590394201956
2012-05-16,8004.047469699508,102592.0,0.0,0.0,110596.04746969952,1.105960474696995,0.0,-0.0017150174082342,1.1614729503999996,-0.0477948932722769
2012-05-17,112860.47658969952,0.0,104.974,12.59688,112860.47658969952,1.128604765896995,117.57088,0.0204747743866742,1.1614729503999996,-0.0282987085421878
2012-05-18,112860.47658969952,0.0,0.0,0.0,112860.47658969952,1.128604765896995,0.0,0.0,1.1614729503999996,-0.0282987085421878
2012-05-21,112860.47658969952,0.0,0.0,0.0,112860.47658969952,1.128604765896995,0.0,0.0,1.1614729503999996,-0.0282987085421878
2012-05-22,112860.47658969952,0.0,0.0,0.0,112860.47658969952,1.128604765896995,0.0,0.0,1.1614729503999996,-0.0282987085421878
2012-05-23,112860.47658969952,0.0,0.0,0.0,112860.47658969952,1.128604765896995,0.0,0.0,1.1614729503999996,-0.0282987085421878
2012-05-24,112860.47658969952,0.0,0.0,0.0,112860.47658969952,1.128604765896995,0.0,0.0,1.1614729503999996,-0.0282987085421878
2012-05-25,112860.47658969952,0.0,0.0,0.0,112860.47658969952,1.128604765896995,0.0,0.0,1.1614729503999996,-0.0282987085421878
2012-05-28,112860.47658969952,0.0,0.0,0.0,112860.47658969952,1.128604765896995,0.0,0.0,1.1614729503999996,-0.0282987085421878
2012-05-29,112860.47658969952,0.0,0.0,0.0,112860.47658969952,1.128604765896995,0.0,0.0,1.1614729503999996,-0.0282987085421878
2012-05-30,112860.47658969952,0.0,0.0,0.0,112860.47658969952,1.128604765896995,0.0,0.0,1.1614729503999996,-0.0282987085421878
2012-05-31,112860.47658969952,0.0,0.0,0.0,112860.47658969952,1.128604765896995,0.0,0.0,1.1614729503999996,-0.0282987085421878
2012-06-01,7561.842269699511,105103.0,0.0,12.63432,112664.84226969953,1.126648422696995,12.63432,-0.0017334174541121,1.1614729503999996,-0.029983072520984
2012-06-04,7561.842269699511,101207.0,0.0,0.0,108768.84226969953,1.0876884226969952,0.0,-0.0345804416134862,1.1614729503999996,-0.0635266862457656
2012-06-05,7561.842269699511,100252.0,0.0,0.0,107813.84226969953,1.078138422696995,0.0,-0.0087800879376102,1.1614729503999996,-0.071749004291753
2012-06-06,7561.842269699511,99691.0,0.0,0.0,107252.84226969953,1.072528422696995,0.0,-0.0052034134781749,1.1614729503999996,-0.0765790780339507
2012-06-07,106431.98354969952,0.0,98.981,11.877719999999998,106431.98354969952,1.0643198354969952,110.85872,-0.0076534915311228,1.1614729503999996,-0.0836464722398795
2012-06-08,106431.98354969952,0.0,0.0,0.0,106431.98354969952,1.0643198354969952,0.0,0.0,1.1614729503999996,-0.0836464722398795
2012-06-11,106431.98354969952,0.0,0.0,0.0,106431.98354969952,1.0643198354969952,0.0,0.0,1.1614729503999996,-0.0836464722398795
2012-06-12,106431.98354969952,0.0,0.0,0.0,106431.98354969952,1.0643198354969952,0.0,0.0,1.1614729503999996,-0.0836464722398795
2012-06-13,106431.98354969952,0.0,0.0,0.0,106431.98354969952,1.0643198354969952,0.0,0.0,1.1614729503999996,-0.0836464722398795
2012-06-14,106431.98354969952,0.0,0.0,0.0,106431.98354969952,1.0643198354969952,0.0,0.0,1.1614729503999996,-0.0836464722398795
2012-06-15,106431.98354969952,0.0,0.0,0.0,106431.98354969952,1.0643198354969952,0.0,0.0,1.1614729503999996,-0.0836464722398795
2012-06-18,106431.98354969952,0.0,0.0,0.0,106431.98354969952,1.0643198354969952,0.0,0.0,1.1614729503999996,-0.0836464722398795
2012-06-19,106431.98354969952,0.0,0.0,0.0,106431.98354969952,1.0643198354969952,0.0,0.0,1.1614729503999996,-0.0836464722398795
2012-06-20,106431.98354969952,0.0,0.0,0.0,106431.98354969952,1.0643198354969952,0.0,0.0,1.1614729503999996,-0.0836464722398795
2012-06-21,106431.98354969952,0.0,0.0,0.0,106431.98354969952,1.0643198354969952,0.0,0.0,1.1614729503999996,-0.0836464722398795
2012-06-25,106431.98354969952,0.0,0.0,0.0,106431.98354969952,1.0643198354969952,0.0,0.0,1.1614729503999996,-0.0836464722398795
2012-06-26,106431.98354969952,0.0,0.0,0.0,106431.98354969952,1.0643198354969952,0.0,0.0,1.1614729503999996,-0.0836464722398795
2012-06-27,106431.98354969952,0.0,0.0,0.0,106431.98354969952,1.0643198354969952,0.0,0.0,1.1614729503999996,-0.0836464722398795
2012-06-28,106431.98354969952,0.0,0.0,0.0,106431.98354969952,1.0643198354969952,0.0,0.0,1.1614729503999996,-0.0836464722398795
2012-06-29,106431.98354969952,0.0,0.0,0.0,106431.98354969952,1.0643198354969952,0.0,0.0,1.1614729503999996,-0.0836464722398795
2012-07-02,106431.98354969952,0.0,0.0,0.0,106431.98354969952,1.0643198354969952,0.0,0.0,1.1614729503999996,-0.0836464722398795
2012-07-03,106431.98354969952,0.0,0.0,0.0,106431.98354969952,1.0643198354969952,0.0,0.0,1.1614729503999996,-0.0836464722398795
2012-07-04,106431.98354969952,0.0,0.0,0.0,106431.98354969952,1.0643198354969952,0.0,0.0,1.1614729503999996,-0.0836464722398795
2012-07-05,106431.98354969952,0.0,0.0,0.0,106431.98354969952,1.0643198354969952,0.0,0.0,1.1614729503999996,-0.0836464722398795
2012-07-06,106431.98354969952,0.0,0.0,0.0,106431.98354969952,1.0643198354969952,0.0,0.0,1.1614729503999996,-0.0836464722398795
2012-07-09,106431.98354969952,0.0,0.0,0.0,106431.98354969952,1.0643198354969952,0.0,0.0,1.1614729503999996,-0.0836464722398795
2012-07-10,106431.98354969952,0.0,0.0,0.0,106431.98354969952,1.0643198354969952,0.0,0.0,1.1614729503999996,-0.0836464722398795
2012-07-11,106431.98354969952,0.0,0.0,0.0,106431.98354969952,1.0643198354969952,0.0,0.0,1.1614729503999996,-0.0836464722398795
2012-07-12,106431.98354969952,0.0,0.0,0.0,106431.98354969952,1.0643198354969952,0.0,0.0,1.1614729503999996,-0.0836464722398795
2012-07-13,106431.98354969952,0.0,0.0,0.0,106431.98354969952,1.0643198354969952,0.0,0.0,1.1614729503999996,-0.0836464722398795
2012-07-16,106431.98354969952,0.0,0.0,0.0,106431.98354969952,1.0643198354969952,0.0,0.0,1.1614729503999996,-0.0836464722398795
2012-07-17,106431.98354969952,0.0,0.0,0.0,106431.98354969952,1.0643198354969952,0.0,0.0,1.1614729503999996,-0.0836464722398795
2012-07-18,106431.98354969952,0.0,0.0,0.0,106431.98354969952,1.0643198354969952,0.0,0.0,1.1614729503999996,-0.0836464722398795
2012-07-19,106431.98354969952,0.0,0.0,0.0,106431.98354969952,1.0643198354969952,0.0,0.0,1.1614729503999996,-0.0836464722398795
2012-07-20,106431.98354969952,0.0,0.0,0.0,106431.98354969952,1.0643198354969952,0.0,0.0,1.1614729503999996,-0.0836464722398795
2012-07-23,106431.98354969952,0.0,0.0,0.0,106431.98354969952,1.0643198354969952,0.0,0.0,1.1614729503999996,-0.0836464722398795
2012-07-24,106431.98354969952,0.0,0.0,0.0,106431.98354969952,1.0643198354969952,0.0,0.0,1.1614729503999996,-0.0836464722398795
2012-07-25,106431.98354969952,0.0,0.0,0.0,106431.98354969952,1.0643198354969952,0.0,0.0,1.1614729503999996,-0.0836464722398795
2012-07-26,106431.98354969952,0.0,0.0,0.0,106431.98354969952,1.0643198354969952,0.0,0.0,1.1614729503999996,-0.0836464722398795
2012-07-27,106431.98354969952,0.0,0.0,0.0,106431.98354969952,1.0643198354969952,0.0,0.0,1.1614729503999996,-0.0836464722398795
2012-07-30,106431.98354969952,0.0,0.0,0.0,106431.98354969952,1.0643198354969952,0.0,0.0,1.1614729503999996,-0.0836464722398795
2012-07-31,106431.98354969952,0.0,0.0,0.0,106431.98354969952,1.0643198354969952,0.0,0.0,1.1614729503999996,-0.0836464722398795
2012-08-01,106431.98354969952,0.0,0.0,0.0,106431.98354969952,1.0643198354969952,0.0,0.0,1.1614729503999996,-0.0836464722398795
2012-08-02,106431.98354969952,0.0,0.0,0.0,106431.98354969952,1.0643198354969952,0.0,0.0,1.1614729503999996,-0.0836464722398795
2012-08-03,106431.98354969952,0.0,0.0,0.0,106431.98354969952,1.0643198354969952,0.0,0.0,1.1614729503999996,-0.0836464722398795
2012-08-06,106431.98354969952,0.0,0.0,0.0,106431.98354969952,1.0643198354969952,0.0,0.0,1.1614729503999996,-0.0836464722398795
2012-08-07,106431.98354969952,0.0,0.0,0.0,106431.98354969952,1.0643198354969952,0.0,0.0,1.1614729503999996,-0.0836464722398795
2012-08-08,106431.98354969952,0.0,0.0,0.0,106431.98354969952,1.0643198354969952,0.0,0.0,1.1614729503999996,-0.0836464722398795
2012-08-09,106431.98354969952,0.0,0.0,0.0,106431.98354969952,1.0643198354969952,0.0,0.0,1.1614729503999996,-0.0836464722398795
2012-08-10,106431.98354969952,0.0,0.0,0.0,106431.98354969952,1.0643198354969952,0.0,0.0,1.1614729503999996,-0.0836464722398795
2012-08-13,8457.227989699502,94983.0,0.0,11.75556,103440.2279896995,1.034402279896995,11.75556,-0.0281095537283019,1.1614729503999996,-0.1094047609625715
2012-08-14,8457.227989699502,95777.0,0.0,0.0,104234.2279896995,1.042342279896995,0.0,0.007675930490786,1.1614729503999996,-0.1025686138122952
2012-08-15,8457.227989699502,95169.0,0.0,0.0,103626.2279896995,1.036262279896995,0.0,-0.0058330167712288,1.1614729503999996,-0.1078033461389552
2012-08-16,8457.227989699502,94352.0,0.0,0.0,102809.2279896995,1.028092279896995,0.0,-0.0078841043995272,1.1614729503999996,-0.1148375177029045
2012-08-17,103051.1639896995,0.0,94.7,11.364,103051.1639896995,1.0305116398969951,106.064,0.0023532517919915,1.1614729503999996,-0.1127545075052353
2012-08-20,103051.1639896995,0.0,0.0,0.0,103051.1639896995,1.0305116398969951,0.0,0.0,1.1614729503999996,-0.1127545075052353
2012-08-21,103051.1639896995,0.0,0.0,0.0,103051.1639896995,1.0305116398969951,0.0,0.0,1.1614729503999996,-0.1127545075052353
2012-08-22,103051.1639896995,0.0,0.0,0.0,103051.1639896995,1.0305116398969951,0.0,0.0,1.1614729503999996,-0.1127545075052353
2012-08-23,103051.1639896995,0.0,0.0,0.0,103051.1639896995,1.0305116398969951,0.0,0.0,1.1614729503999996,-0.1127545075052353
2012-08-24,103051.1639896995,0.0,0.0,0.0,103051.1639896995,1.0305116398969951,0.0,0.0,1.1614729503999996,-0.1127545075052353
2012-08-27,103051.1639896995,0.0,0.0,0.0,103051.1639896995,1.0305116398969951,0.0,0.0,1.1614729503999996,-0.1127545075052353
2012-08-28,103051.1639896995,0.0,0.0,0.0,103051.1639896995,1.0305116398969951,0.0,0.0,1.1614729503999996,-0.1127545075052353
2012-08-29,103051.1639896995,0.0,0.0,0.0,103051.1639896995,1.0305116398969951,0.0,0.0,1.1614729503999996,-0.1127545075052353
2012-08-30,103051.1639896995,0.0,0.0,0.0,103051.1639896995,1.0305116398969951,0.0,0.0,1.1614729503999996,-0.1127545075052353
2012-08-31,103051.1639896995,0.0,0.0,0.0,103051.1639896995,1.0305116398969951,0.0,0.0,1.1614729503999996,-0.1127545075052353
2012-09-03,103051.1639896995,0.0,0.0,0.0,103051.1639896995,1.0305116398969951,0.0,0.0,1.1614729503999996,-0.1127545075052353
2012-09-04,103051.1639896995,0.0,0.0,0.0,103051.1639896995,1.0305116398969951,0.0,0.0,1.1614729503999996,-0.1127545075052353
2012-09-05,103051.1639896995,0.0,0.0,0.0,103051.1639896995,1.0305116398969951,0.0,0.0,1.1614729503999996,-0.1127545075052353
2012-09-06,103051.1639896995,0.0,0.0,0.0,103051.1639896995,1.0305116398969951,0.0,0.0,1.1614729503999996,-0.1127545075052353
2012-09-07,103051.1639896995,0.0,0.0,0.0,103051.1639896995,1.0305116398969951,0.0,0.0,1.1614729503999996,-0.1127545075052353
2012-09-10,15081.608909699498,88402.0,0.0,10.55508,103483.6089096995,1.034836089096995,10.55508,0.0041964098536839,1.1614729503999996,-0.1090312617778934
2012-09-11,15081.608909699498,87723.0,0.0,0.0,102804.6089096995,1.028046089096995,0.0,-0.0065614255934242,1.1614729503999996,-0.1148772868598049
2012-09-12,15081.608909699498,88904.0,0.0,0.0,103985.6089096995,1.039856089096995,0.0,0.0114878118065442,1.1614729503999996,-0.1047091637055525
2012-09-13,15081.608909699498,88812.0,0.0,0.0,103893.6089096995,1.038936089096995,0.0,-0.0008847378109781,1.1614729503999996,-0.1055012613602445
2012-09-14,104771.0441096995,0.0,89.79,10.7748,104771.0441096995,1.047710441096995,100.5648,0.0084455166126979,1.1614729503999996,-0.097946757403025
2012-09-17,14794.2481896995,87015.0,0.0,10.79592,101809.2481896995,1.018092481896995,10.79592,-0.0282692221421301,1.1614729503999996,-0.1234471009020278
2012-09-18,14794.2481896995,85381.0,0.0,0.0,100175.2481896995,1.001752481896995,0.0,-0.0160496224955457,1.1614729503999996,-0.1375154440299264
2012-09-19,14794.2481896995,86306.0,0.0,0.0,101100.2481896995,1.011002481896995,0.0,0.0092338179012878,1.1614729503999996,-0.1295514186974257
2012-09-20,14794.2481896995,83796.0,0.0,0.0,98590.2481896995,0.985902481896995,0.0,-0.0248268431081429,1.1614729503999996,-0.1511619090591304
2012-09-21,98902.9408296995,0.0,84.20299999999999,10.104359999999998,98902.9408296995,0.9890294082969948,94.30736,0.0031716386330453,1.1614729503999996,-0.1484697013767018
2012-09-24,98902.9408296995,0.0,0.0,0.0,98902.9408296995,0.9890294082969948,0.0,0.0,1.1614729503999996,-0.1484697013767018
2012-09-25,98902.9408296995,0.0,0.0,0.0,98902.9408296995,0.9890294082969948,0.0,0.0,1.1614729503999996,-0.1484697013767018
2012-09-26,98902.9408296995,0.0,0.0,0.0,98902.9408296995,0.9890294082969948,0.0,0.0,1.1614729503999996,-0.1484697013767018
2012-09-27,98902.9408296995,0.0,0.0,0.0,98902.9408296995,0.9890294082969948,0.0,0.0,1.1614729503999996,-0.1484697013767018
2012-09-28,98902.9408296995,0.0,0.0,0.0,98902.9408296995,0.9890294082969948,0.0,0.0,1.1614729503999996,-0.1484697013767018
2012-10-08,98902.9408296995,0.0,0.0,0.0,98902.9408296995,0.9890294082969948,0.0,0.0,1.1614729503999996,-0.1484697013767018
2012-10-09,98902.9408296995,0.0,0.0,0.0,98902.9408296995,0.9890294082969948,0.0,0.0,1.1614729503999996,-0.1484697013767018
2012-10-10,98902.9408296995,0.0,0.0,0.0,98902.9408296995,0.9890294082969948,0.0,0.0,1.1614729503999996,-0.1484697013767018
2012-10-11,98902.9408296995,0.0,0.0,0.0,98902.9408296995,0.9890294082969948,0.0,0.0,1.1614729503999996,-0.1484697013767018
2012-10-12,98902.9408296995,0.0,0.0,0.0,98902.9408296995,0.9890294082969948,0.0,0.0,1.1614729503999996,-0.1484697013767018
2012-10-15,8264.06546969949,89969.0,0.0,10.87536,98233.06546969948,0.9823306546969948,10.87536,-0.0067730580544966,1.1614729503999996,-0.1542371655244403
2012-10-16,8264.06546969949,89856.0,0.0,0.0,98120.06546969948,0.9812006546969948,0.0,-0.0011503254984428,1.1614729503999996,-0.1552100680785727
2012-10-17,8264.06546969949,89689.0,0.0,0.0,97953.06546969948,0.9795306546969949,0.0,-0.0017019964183735,1.1614729503999996,-0.156647897516981
2012-10-18,8264.06546969949,90622.0,0.0,0.0,98886.06546969948,0.9888606546969948,0.0,0.0095249698978396,1.1614729503999996,-0.1486149941275505
2012-10-19,98358.04706969947,0.0,90.195,10.8234,98358.04706969947,0.9835804706969948,101.0184,-0.0053396643651658,1.1614729503999996,-0.1531611043044441
2012-10-22,8993.324589699492,89819.0,0.0,10.722479999999996,98812.32458969948,0.988123245896995,10.722479999999996,0.0046186106122878,1.1614729503999996,-0.1492498851938866
2012-10-23,8993.324589699492,89568.0,0.0,0.0,98561.32458969948,0.985613245896995,0.0,-0.0025401689621434,1.1614729503999996,-0.1514109342300571
2012-10-24,8993.324589699492,90166.0,0.0,0.0,99159.32458969948,0.9915932458969948,0.0,0.0060672885890018,1.1614729503999996,-0.1462622994745592
2012-10-25,8993.324589699492,89426.0,0.0,0.0,98419.32458969948,0.984193245896995,0.0,-0.0074627373982423,1.1614729503999996,-0.1526335197405598
2012-10-26,95961.81066969948,0.0,87.066,10.44792,95961.81066969948,0.9596181066969948,97.51392,-0.0249698311814794,1.1614729503999996,-0.1737921177014825
2012-10-29,95961.81066969948,0.0,0.0,0.0,95961.81066969948,0.9596181066969948,0.0,0.0,1.1614729503999996,-0.1737921177014825
2012-10-30,95961.81066969948,0.0,0.0,0.0,95961.81066969948,0.9596181066969948,0.0,0.0,1.1614729503999996,-0.1737921177014825
2012-10-31,95961.81066969948,0.0,0.0,0.0,95961.81066969948,0.9596181066969948,0.0,0.0,1.1614729503999996,-0.1737921177014825
2012-11-01,95961.81066969948,0.0,0.0,0.0,95961.81066969948,0.9596181066969948,0.0,0.0,1.1614729503999996,-0.1737921177014825
2012-11-02,95961.81066969948,0.0,0.0,0.0,95961.81066969948,0.9596181066969948,0.0,0.0,1.1614729503999996,-0.1737921177014825
2012-11-05,95961.81066969948,0.0,0.0,0.0,95961.81066969948,0.9596181066969948,0.0,0.0,1.1614729503999996,-0.1737921177014825
2012-11-06,95961.81066969948,0.0,0.0,0.0,95961.81066969948,0.9596181066969948,0.0,0.0,1.1614729503999996,-0.1737921177014825
2012-11-07,95961.81066969948,0.0,0.0,0.0,95961.81066969948,0.9596181066969948,0.0,0.0,1.1614729503999996,-0.1737921177014825
2012-11-08,95961.81066969948,0.0,0.0,0.0,95961.81066969948,0.9596181066969948,0.0,0.0,1.1614729503999996,-0.1737921177014825
2012-11-09,95961.81066969948,0.0,0.0,0.0,95961.81066969948,0.9596181066969948,0.0,0.0,1.1614729503999996,-0.1737921177014825
2012-11-12,95961.81066969948,0.0,0.0,0.0,95961.81066969948,0.9596181066969948,0.0,0.0,1.1614729503999996,-0.1737921177014825
2012-11-13,95961.81066969948,0.0,0.0,0.0,95961.81066969948,0.9596181066969948,0.0,0.0,1.1614729503999996,-0.1737921177014825
2012-11-14,95961.81066969948,0.0,0.0,0.0,95961.81066969948,0.9596181066969948,0.0,0.0,1.1614729503999996,-0.1737921177014825
2012-11-15,95961.81066969948,0.0,0.0,0.0,95961.81066969948,0.9596181066969948,0.0,0.0,1.1614729503999996,-0.1737921177014825
2012-11-16,95961.81066969948,0.0,0.0,0.0,95961.81066969948,0.9596181066969948,0.0,0.0,1.1614729503999996,-0.1737921177014825
2012-11-19,95961.81066969948,0.0,0.0,0.0,95961.81066969948,0.9596181066969948,0.0,0.0,1.1614729503999996,-0.1737921177014825
2012-11-20,95961.81066969948,0.0,0.0,0.0,95961.81066969948,0.9596181066969948,0.0,0.0,1.1614729503999996,-0.1737921177014825
2012-11-21,95961.81066969948,0.0,0.0,0.0,95961.81066969948,0.9596181066969948,0.0,0.0,1.1614729503999996,-0.1737921177014825
2012-11-22,95961.81066969948,0.0,0.0,0.0,95961.81066969948,0.9596181066969948,0.0,0.0,1.1614729503999996,-0.1737921177014825
2012-11-23,95961.81066969948,0.0,0.0,0.0,95961.81066969948,0.9596181066969948,0.0,0.0,1.1614729503999996,-0.1737921177014825
2012-11-26,95961.81066969948,0.0,0.0,0.0,95961.81066969948,0.9596181066969948,0.0,0.0,1.1614729503999996,-0.1737921177014825
2012-11-27,95961.81066969948,0.0,0.0,0.0,95961.81066969948,0.9596181066969948,0.0,0.0,1.1614729503999996,-0.1737921177014825
2012-11-28,95961.81066969948,0.0,0.0,0.0,95961.81066969948,0.9596181066969948,0.0,0.0,1.1614729503999996,-0.1737921177014825
2012-11-29,95961.81066969948,0.0,0.0,0.0,95961.81066969948,0.9596181066969948,0.0,0.0,1.1614729503999996,-0.1737921177014825
2012-11-30,95961.81066969948,0.0,0.0,0.0,95961.81066969948,0.9596181066969948,0.0,0.0,1.1614729503999996,-0.1737921177014825
2012-12-03,95961.81066969948,0.0,0.0,0.0,95961.81066969948,0.9596181066969948,0.0,0.0,1.1614729503999996,-0.1737921177014825
2012-12-04,95961.81066969948,0.0,0.0,0.0,95961.81066969948,0.9596181066969948,0.0,0.0,1.1614729503999996,-0.1737921177014825
2012-12-05,95961.81066969948,0.0,0.0,0.0,95961.81066969948,0.9596181066969948,0.0,0.0,1.1614729503999996,-0.1737921177014825
2012-12-06,95961.81066969948,0.0,0.0,0.0,95961.81066969948,0.9596181066969948,0.0,0.0,1.1614729503999996,-0.1737921177014825
2012-12-07,95961.81066969948,0.0,0.0,0.0,95961.81066969948,0.9596181066969948,0.0,0.0,1.1614729503999996,-0.1737921177014825
2012-12-10,95961.81066969948,0.0,0.0,0.0,95961.81066969948,0.9596181066969948,0.0,0.0,1.1614729503999996,-0.1737921177014825
2012-12-11,95961.81066969948,0.0,0.0,0.0,95961.81066969948,0.9596181066969948,0.0,0.0,1.1614729503999996,-0.1737921177014825
2012-12-12,95961.81066969948,0.0,0.0,0.0,95961.81066969948,0.9596181066969948,0.0,0.0,1.1614729503999996,-0.1737921177014825
2012-12-13,95961.81066969948,0.0,0.0,0.0,95961.81066969948,0.9596181066969948,0.0,0.0,1.1614729503999996,-0.1737921177014825
2012-12-14,95961.81066969948,0.0,0.0,0.0,95961.81066969948,0.9596181066969948,0.0,0.0,1.1614729503999996,-0.1737921177014825
2012-12-17,8657.335389699481,87946.0,0.0,10.47528,96603.33538969948,0.9660333538969949,10.47528,0.0066852085795685,1.1614729503999996,-0.1682687456782332
2012-12-18,8657.335389699481,87802.0,0.0,0.0,96459.33538969948,0.9645933538969949,0.0,-0.0014906317615132,1.1614729503999996,-0.1695085507029685
2012-12-19,8657.335389699481,88452.0,0.0,0.0,97109.33538969948,0.9710933538969948,0.0,0.0067385909033477,1.1614729503999996,-0.1639122085774275
2012-12-20,8657.335389699481,88759.0,0.0,0.0,97416.33538969948,0.9741633538969948,0.0,0.0031613850385032,1.1614729503999996,-0.1612690131427488
2012-12-21,97016.26242969948,0.0,88.458,10.61496,97016.26242969948,0.9701626242969948,99.07296,-0.0041068364807562,1.1614729503999996,-0.1647135441571149
2012-12-24,6082.3516696994775,91245.0,0.0,10.91076,97327.35166969948,0.9732735166969948,10.91076,0.0032065679733377,1.1614729503999996,-0.1620351413592463
2012-12-25,6082.3516696994775,93728.0,0.0,0.0,99810.35166969948,0.9981035166969948,0.0,0.0255118418142783,1.1614729503999996,-0.1406571144396794
2012-12-26,6082.3516696994775,96506.0,0.0,0.0,102588.35166969948,1.0258835166969948,0.0,0.0278327844109114,1.1614729503999996,-0.1167392091708284
2012-12-27,6082.3516696994775,96579.0,0.0,0.0,102661.35166969948,1.0266135166969947,0.0,0.0007115817615923,1.1614729503999996,-0.1161106969013446
2012-12-28,103396.23790969948,0.0,97.423,11.69076,103396.23790969948,1.033962379096995,109.11376,0.0071583534411705,1.1614729503999996,-0.1097835048668944
