path,category,bytes,sha256
results/figures/etf_overlay_continuous_oos_equity.png,risk_overlay,72796,4b4adccd15a95a32527351ff656653ad0402ba9ab992a60d7a55475f7496c3fd
results/figures/etf_overlay_oos_comparison.png,risk_overlay,44001,dc906864209866d697d59e9ba3e89eec84d3dbd6b8927753876634107215b34e
results/figures/exit_time_sensitivity.png,execution,36904,2e91ddc9a20c843e9d51528e2a5be7864bb2d29b70936879e4c11459c593dbc1
results/figures/factor_ic_robustness.png,factor_research,86170,4b484a45521f96d7319f018b2061da1efedca0e29b8ce58a21a67b6ff527a200
results/figures/factor_information_coefficients.png,factor_research,84535,1243dcd3e47be8f9ab502760a77bd18c64f49cd7528a429a667c7d4b807caabb
results/figures/factor_nonoverlap_quantiles.png,factor_research,51867,77a4cbe35a6c731897a9fc0ad45b3691800d7a5edafac037284e86e9b946810f
results/figures/factor_quantile_bins.png,factor_research,36257,de5c56820894dd0fd0f3c00ff3ff0a25b5fc090b9073e1d855817d22b31a19f6
results/figures/factor_quantile_nav.png,factor_research,196092,090818b8c0894214d3d84280b6e518de73ae8924bde9c905cf73a495a6299515
results/figures/matched_period_benchmark_comparison.png,summary,100865,273ef29e8b21b6d275e8018c5eb46d7730f1313002acc8a8cbb7d7e9d2683588
results/figures/model_holdout_comparison.png,model_comparison,33514,6086204d530621d8fb986813f9c98938bdf276442592c54342b86ee3412ef191
results/figures/research_workflow.png,summary,170136,cda8375f156fe5c0e8f371bea8390aff4f94f40ca1de0cf69e8190e35de1c920
results/figures/rolling_window_returns.png,robustness,103684,0af67a69577a112dc885644a6d4b6e37773cf1203b63883d6070c758867e6539
results/figures/scheduled_1453_equity_curve.png,execution,68958,824bda86c6341d9f65e61d8dacdbb7b48a4ded12a21f458a06f92c493261fed1
results/figures/strict_backtest_equity_curves.png,robustness,134619,8a19df2aa3767e7f4634fe3669ecf549e4ad6b87ce745928fb3cc6c6f919deb6
results/tables/composite_nonoverlap_quantiles.csv,summary,2730,417685feeae9058541c2cbf1b2b45294408917b6b518ecd4eb17fa36739d7fdf
results/tables/etf_overlay_robust_development_ranking.csv,risk_overlay,10961,3b62e0ee30f4fd8ba64336bf3b3ecc85930642c46048e74800c2a29a84a28031
results/tables/etf_overlay_robust_final.csv,risk_overlay,11335,a6d31439a782f605a361c09213b9eaa928a6b53feec7d12c24f0ff8ab27a61d2
results/tables/etf_overlay_robust_sensitivity_summary.csv,risk_overlay,5315,339b43217060f8a9e56a73fc190c4a0d4a1363ba8263dd829957a7daaea6d276
results/tables/etf_overlay_robust_walk_forward.csv,risk_overlay,28067,954dfecf12a3b841c54b87611baa50dbc9c39bb942894e8af40eab0f5932d43d
results/tables/etf_overlay_robust_walk_forward_summary.csv,risk_overlay,902,057a0cacbd15520cebe6c24f8d320eecf275c30938c24a5819f4eff348bdb6b9
results/tables/etf_regime_continuous_oos.csv,risk_overlay,2797,4696eebd789d748612f25aaae13090284a898463a8b33b9a95beea14722377c0
results/tables/etf_regime_continuous_oos_holding_distribution.csv,risk_overlay,482,d987b5c4f12b999b155d83ac7302f389d2b3cfaa12eb8dde156ade73588111e3
results/tables/etf_regime_continuous_oos_periods.csv,risk_overlay,9113,266be4cffb9820f523f8293d0e2cd7a3a4443b8d6fce30421b504bf80b2a20a8
results/tables/etf_regime_nested_results.csv,risk_overlay,10768,5288f227a3207b5ed20114df2fc3a0ba84b633727d0c09e44bf79e17f0b1ff4f
results/tables/etf_regime_nested_selections.csv,risk_overlay,756,cfe088e3c3862837fe4a4d3763586c2b88064bc0b01785428ff193d4357eb22a
results/tables/etf_regime_nested_summary.csv,risk_overlay,434,b0f8637f5e75e85b0ae7f1e2cf83b12bcb487f5cbff4409b36907d3e0dffa915
results/tables/example_trade_schema.csv,summary,323,2ff84f2cd43b2a3bdd721dc91d3452371cabf04c3b23c3df372f5a4a9fa9922f
results/tables/factor_ic_robustness.csv,factor_research,13429,65f5cc63e64559bdfdfc86c0c74425ecb06c56ab106462fc003eddddb9aa1a6a
results/tables/matched_period_benchmark_comparison.csv,summary,1144,f0bd627de6a172ed7c498c27e48d485fd428fc91f437a4f2cc3106e3395ba14c
results/tables/matched_period_excess_returns.csv,summary,1045,3b06f6bda32a6150729b0c91b4ff23f16acc98a6144d5e73e2807839f4d60fcc
results/tables/minute_momentum_ic_h3.csv,factor_research,1759,8e46514b5d3dd3979e44001308e756cfd8192d2357bf0a13d7f5f5f2cf22a9a8
results/tables/minute_momentum_quantile_nav_h3.csv,factor_research,36317,cc110a6319c1ab0b85af1e307279f244433b68c2426ae14568d16a3100865bdd
results/tables/minute_momentum_quantile_returns_h3.csv,factor_research,40743,794b8e84029f6fe83b3086134f55a59f4c224bc9b238c27e7ff803eceede1ff3
results/tables/minute_momentum_summary_h3.csv,factor_research,749,c273b010b0c5fdc15fc14b7a0bf7c3e94de8aeea029a9683347e9d83239f3f26
results/tables/neural_network_predictions_h3_backtest_summary.csv,model_comparison,2600,7b69f2df04436998a121a4d63bef3c110ee7336b1667b3c99adc3b2a22c58939
results/tables/public_headline_metrics.csv,summary,1131,1c3b535bccaab72581d003101f965490cf84141096fdda0278c3a28e2ee334dc
results/tables/public_model_holdout_comparison.csv,model_comparison,191,1d146900ebb99b169a33431cb0c3d7ed6267a7808f2ad60de277e96e45461484
results/tables/random_forest_predictions_h3_backtest_summary.csv,model_comparison,2591,1b04c42ffa2ab17a43fb09fbd10e6234c92df64d2c735fc2feeb15e93b2e303b
results/tables/robust_model_backtest_summary.csv,model_comparison,2611,62812bc163945a18067cf1b9f794e19f43da375392e4285846a86438670018ae
results/tables/robust_model_predictions_h3_a1p0_backtest_summary.csv,model_comparison,2602,edfca4c39ce31eefb2e0a556b59a7b6336c81c00b3150c09e224fb20ba523fc4
results/tables/scheduled_exit_minute_comparison.csv,execution,4866,a21c43a096665238b8b123d5b7775a50c83207c487d16f7153c81c039c076ee8
results/tables/scheduled_exit_minute_periods.csv,execution,56695,4a477b095e0e7f5efbb5c5ba17620654d64c819e90927fffb4d7c7e857843574
results/tables/strict_stress_current_full_periods.csv,robustness,15467,19d06ef4d98d294dd24ec2ce207a227ebf3a92684260bf0b1855311f608c694a
results/tables/strict_stress_current_vs_tuned.csv,robustness,1474,0cb392fc826f3d9a8b852802a840b8fc90f903e4da4fc1f6d22f21f62448f7d5
results/tables/strict_stress_tuned_candidate_full_periods.csv,robustness,16032,773f72caab1fc48b099fe40b0f32dc9bc51350f959bcd409b192d54ee25a61b1
results/tables/strict_stress_tuned_candidate_holdout_periods.csv,robustness,6149,d43c6d5e008a4eb701fc116adf04b4e939c1701adc24e3f1c18996f730099122
results/tables/strict_tuned_rolling_20periods.csv,robustness,8925,ee6ffaa5265ab30bae5bc6cd6f57a7dc9ff7e562f6900c6de51633be4e8991d0
results/tables/tuning_current_strategy_entry_exit.csv,parameter_selection,2356,5b565014b34c29776ab07fd56723a0078d087aa01e2f225d6b5424eb9d6bf485
results/tables/tuning_current_strategy_grid.csv,parameter_selection,22741,fdc8c3c3c5508633739fcf5b28a6f17639a9726eae8ce3f3b7eb61c848fc678a
